participant_id,site,extraction_kit,age,sex_c,smoking_c,family_history_t2d,physical_activity,antibiotics_last_3m,bmi,waist_cm,hba1c_pct,fasting_glucose_mmol_l,fasting_insulin_mu_l,homa_ir,hdl_mmol_l,diet_fibre_score,protocol_version,clr_Faecalibacterium,clr_Roseburia,clr_Eubacterium,clr_Bifidobacterium,clr_Akkermansia,clr_Escherichia,clr_Lactobacillus,clr_Streptococcus,clr_Bacteroides,clr_Prevotella,metformin_initiated,clinic_referral,progressed_12m
S00001,Aarhus,KA-100,64,M,never,0,high,0,25.6,93.7,5.28,5.59,3.3,0.82,1.3,29.2,MB-2.0,0.086,-0.407,0.575,-0.151,-1.368,0.605,0.15,-0.079,0.127,-0.317,0,none,0
S00002,Aarhus,KA-100,58,M,former,0,high,0,25.5,80.8,5.55,5.37,,,1.53,36.6,MB-2.0,0.505,1.253,0.599,1.209,0.658,-0.508,-0.337,-0.185,0.271,-0.001,0,none,0
S00003,Aarhus,KA-100,70,M,former,0,high,0,22.6,69.1,5.44,5.13,,,2.0,27.1,MB-2.0,0.176,-0.66,-0.359,-1.063,-0.483,0.133,0.164,0.077,0.714,-0.54,0,none,0
S00004,Aarhus,KA-100,48,M,never,0,high,0,21.7,78.1,5.28,4.79,3.8,0.81,1.74,29.1,MB-2.0,1.107,0.415,0.72,0.007,0.822,-0.43,-1.153,-0.959,-0.239,-0.059,0,none,0
S00005,Aarhus,KA-100,43,M,former,1,high,0,27.3,97.7,5.52,4.92,3.3,0.73,2.1,28.1,MB-2.0,0.836,0.743,0.616,0.185,0.66,-0.839,-0.119,-1.194,0.253,-0.713,0,none,0
S00006,Leuven,KA-100,57,F,never,0,high,0,36.1,106.2,5.49,4.55,6.3,1.27,1.77,22.2,MB-2.0,0.614,0.738,1.081,0.829,1.297,-0.872,-0.288,-1.188,0.299,-0.417,0,diabetes service,0
S00007,Uppsala,KB-200,52,M,never,0,high,0,20.0,72.7,5.19,4.41,5.8,1.14,1.57,35.7,MB-2.0,-0.987,-0.888,0.202,0.668,-0.126,0.418,-1.391,-0.953,0.248,0.826,0,dietitian,0
S00008,Porto,KB-200,46,M,former,0,high,0,20.4,86.0,5.43,4.32,2.9,0.56,1.73,,MB-2.0,-2.156,0.384,0.671,-1.81,0.818,0.986,-1.051,-0.896,-0.232,-0.236,0,none,0
S00009,Aarhus,KA-100,56,M,never,1,moderate,0,23.1,88.5,6.09,5.99,5.9,1.58,1.29,30.8,MB-2.0,0.654,-0.332,-1.133,0.213,-0.039,0.526,0.202,0.654,0.185,-0.556,1,none,0
S00010,Uppsala,KB-200,41,F,former,0,high,0,21.4,72.7,5.2,5.59,4.6,1.14,1.77,30.3,MB-2.0,-0.918,-0.373,-0.031,-0.301,-1.207,0.145,-0.231,-0.131,0.284,-0.183,1,none,0
S00011,Leuven,KA-100,60,M,never,0,high,0,32.4,101.6,5.38,5.74,8.6,2.2,1.9,24.4,MB-2.0,0.671,-0.245,-0.506,-0.087,-0.332,0.743,-0.239,-0.356,-0.163,0.409,1,diabetes service,1
S00012,Uppsala,KB-200,58,M,current,1,high,0,20.6,75.7,5.25,4.47,2.6,0.51,1.54,27.9,MB-2.0,0.005,-0.728,0.816,0.086,-0.095,-0.611,-0.544,-0.595,-0.336,-0.54,0,none,0
S00013,Aarhus,KA-100,79,F,former,1,high,0,21.3,66.4,5.37,4.64,,,2.0,28.1,MB-2.0,3.402,2.784,2.464,3.312,3.251,-3.166,-2.41,-2.879,-0.146,-0.483,0,none,0
S00014,Uppsala,KB-200,48,F,never,0,low,0,26.0,77.1,5.19,4.83,,,2.15,34.7,MB-2.0,-1.614,-0.218,-0.068,0.524,0.653,1.229,-0.323,-0.787,0.78,-0.348,0,none,0
S00015,Tartu,KA-100,60,M,current,1,moderate,1,32.9,97.2,5.93,4.99,10.5,2.32,1.21,23.7,MB-2.0,-1.634,-0.62,-0.256,-0.413,-0.742,1.273,0.37,0.323,-0.164,0.018,0,none,0
S00016,Tartu,KA-100,58,M,former,0,moderate,0,27.5,91.9,5.62,4.67,7.1,1.46,1.66,37.9,MB-2.0,-0.892,-0.062,0.209,0.051,-0.516,-0.289,0.559,0.179,-0.385,-0.066,1,none,0
S00017,Porto,KB-200,57,F,never,0,high,0,22.1,65.5,5.28,4.32,10.3,1.97,1.62,43.9,MB-2.0,-0.173,1.761,-0.443,-1.629,-0.534,0.084,-0.145,0.648,-0.257,-0.71,1,none,0
S00018,Aarhus,KA-100,71,M,never,0,moderate,0,19.3,68.8,5.53,5.5,6.3,1.54,1.75,34.3,MB-2.0,-0.027,0.528,1.342,0.467,1.347,-1.206,-0.285,-1.58,-0.051,-0.247,0,none,0
S00019,Leuven,KA-100,55,F,former,0,high,0,29.1,83.0,5.44,5.27,2.6,0.61,1.84,31.9,MB-2.0,1.8,1.568,1.637,1.396,2.258,-1.714,-1.59,-1.537,0.094,0.639,0,diabetes service,0
S00020,Leuven,KA-100,66,M,current,1,high,0,33.6,109.3,5.25,6.01,6.1,1.62,1.69,34.3,MB-2.0,2.079,2.211,2.246,2.351,2.755,-1.869,-1.859,-2.642,-0.682,0.142,1,none,0
S00021,Aarhus,KA-100,69,M,current,0,high,0,28.5,88.8,5.34,5.39,,,1.74,33.2,MB-2.0,-0.314,-0.898,-0.774,-0.045,-0.709,1.404,0.213,0.803,-0.69,-0.71,1,none,0
S00022,Tartu,KA-100,64,F,never,0,high,0,29.1,82.5,5.82,5.76,3.6,0.93,1.91,30.4,MB-2.0,-0.531,-0.726,-1.126,0.195,0.294,-0.304,0.87,0.315,-1.083,-0.66,0,none,0
S00023,Tartu,KA-100,53,F,never,0,high,0,24.0,74.8,5.57,6.34,4.1,1.17,2.17,42.1,MB-2.0,1.229,-0.121,0.744,0.666,0.333,-0.274,-0.256,-0.166,0.128,0.025,0,dietitian,0
S00024,Porto,KB-200,52,F,former,0,moderate,1,19.5,65.6,5.47,5.58,2.6,0.64,1.97,36.2,MB-2.0,-0.554,-0.966,-0.744,-1.348,-1.159,1.538,1.37,1.04,-0.477,0.575,0,none,0
S00025,Tartu,KA-100,54,F,never,0,high,0,24.8,68.0,5.27,5.41,8.3,1.99,1.4,21.3,MB-2.0,2.337,3.035,2.755,2.377,2.491,-2.878,-1.459,-1.815,0.113,0.073,0,none,0
S00026,Aarhus,KA-100,57,F,never,1,high,0,28.7,87.8,5.48,4.56,4.9,1.0,2.11,31.5,MB-2.0,1.058,1.043,0.837,0.508,0.278,-0.655,0.012,-0.519,-0.259,0.707,0,none,0
S00027,Uppsala,KB-200,59,F,never,1,moderate,0,33.2,107.8,5.58,5.09,5.2,1.19,0.97,24.3,MB-2.0,1.282,-0.003,-0.67,1.433,-0.353,-0.656,0.552,0.215,-0.657,0.031,0,none,0
S00028,Leuven,KA-100,55,F,former,0,high,0,25.3,72.8,5.44,5.32,2.7,0.64,2.26,21.0,MB-2.0,1.369,1.311,1.45,1.59,1.601,-1.055,-1.072,-0.776,-0.153,-0.322,0,none,0
S00029,Aarhus,KA-100,46,F,never,0,moderate,0,30.3,91.1,5.49,5.2,7.2,1.67,1.73,28.4,MB-2.0,-0.897,-0.997,0.156,-0.103,-0.451,0.373,1.205,1.133,0.755,-0.403,0,none,0
S00030,Uppsala,KB-200,60,M,never,0,high,0,26.7,94.7,5.25,4.85,2.4,0.52,1.72,24.2,MB-2.0,-1.083,0.546,0.176,-2.082,-1.331,0.299,-0.43,-1.026,-0.52,-0.561,0,none,0
S00031,Leuven,KA-100,65,F,never,1,high,0,29.9,94.7,5.46,5.63,4.4,1.09,2.22,39.8,MB-2.0,0.27,0.852,1.312,0.491,0.006,0.723,-0.949,0.328,-0.013,0.142,0,none,0
S00032,Porto,KB-200,65,M,never,0,moderate,0,24.4,88.7,5.28,4.41,,,1.6,37.0,MB-2.0,-0.129,-0.451,0.452,0.435,0.893,0.451,-0.728,-0.988,-0.082,-0.782,0,none,0
S00033,Leuven,KA-100,71,F,never,0,moderate,0,28.6,82.7,5.5,4.98,4.4,0.97,1.15,25.5,MB-2.0,-0.035,1.102,0.272,0.241,0.566,-0.568,-1.24,-0.501,-0.404,-0.05,0,none,0
S00034,Leuven,KA-100,55,F,never,1,high,0,25.5,73.6,5.58,6.0,7.0,1.86,1.97,16.8,MB-2.0,0.225,0.749,-1.053,0.197,-0.714,0.876,0.463,0.474,-0.497,0.645,0,none,0
S00035,Tartu,KA-100,58,F,former,0,high,0,28.2,85.3,5.28,4.7,6.9,1.45,2.14,27.8,MB-2.0,-0.034,0.535,0.946,0.363,0.405,-0.389,-0.714,-1.057,-0.026,-0.324,1,none,0
S00036,Leuven,KA-100,63,F,current,0,moderate,0,24.2,69.1,5.73,4.72,4.4,0.93,2.08,25.7,MB-2.0,3.956,5.125,4.242,4.836,4.615,-3.799,-4.563,-3.684,-0.25,-0.624,0,none,0
S00037,Aarhus,KA-100,68,M,never,0,low,0,24.1,80.1,5.33,4.75,4.2,0.88,1.16,23.7,MB-2.0,0.394,-0.124,0.073,0.173,-0.113,-0.189,-0.111,-0.485,-0.706,0.241,0,none,0
S00038,Aarhus,KA-100,51,M,never,0,moderate,0,30.9,103.7,5.44,6.07,4.6,1.24,1.22,30.3,MB-2.0,-0.461,-1.43,-0.682,-1.016,-1.001,1.133,0.097,0.698,-0.311,-0.464,0,none,0
S00039,Porto,KB-200,60,F,current,0,high,0,28.1,81.9,5.73,5.27,2.4,0.57,1.77,46.2,MB-2.0,0.891,-0.164,0.587,-0.806,0.28,-0.594,0.497,-0.075,0.112,-0.007,0,diabetes service,1
S00040,Porto,KB-200,67,F,never,0,high,0,27.2,83.2,5.74,5.3,2.5,0.58,2.0,31.6,MB-2.0,-1.516,-0.757,-0.236,-0.997,0.157,-0.235,0.631,-0.749,0.093,-0.254,0,none,0
S00041,Aarhus,KA-100,70,F,former,0,high,1,22.1,66.1,5.23,5.07,,,1.68,32.7,MB-2.0,-1.653,-0.642,-0.872,-0.437,-1.012,0.407,1.656,1.46,-0.523,0.888,1,none,0
S00042,Aarhus,KA-100,52,F,never,1,high,0,28.6,98.9,5.46,5.7,11.8,2.99,1.52,,MB-2.0,0.746,1.352,1.175,1.083,1.137,-0.748,-1.179,-1.368,0.51,0.393,0,none,0
S00043,Leuven,KA-100,76,M,current,0,high,0,25.8,81.4,5.24,4.42,3.4,0.67,1.01,34.3,MB-2.0,-0.371,-0.002,0.164,-0.55,-0.486,0.347,0.601,-0.077,-0.161,0.159,0,dietitian,0
S00044,Aarhus,KA-100,64,F,never,1,high,0,23.8,66.1,5.16,5.17,5.8,1.32,1.7,32.3,MB-2.0,1.005,1.227,1.623,1.743,0.601,-0.836,-1.404,-0.984,-0.479,-0.739,0,none,0
S00045,Aarhus,KA-100,48,F,former,0,high,0,26.1,79.3,5.78,5.1,8.9,2.03,1.5,20.9,MB-2.0,-1.363,-1.157,-0.964,-1.211,-1.597,1.266,1.243,1.442,-0.924,0.331,0,none,0
S00046,Uppsala,KB-200,49,M,former,0,high,1,25.5,86.0,5.53,4.54,3.5,0.71,1.53,26.5,MB-2.0,-0.149,0.92,1.794,0.849,-0.367,0.836,-2.1,-2.241,0.004,-0.166,0,none,0
S00047,Leuven,KA-100,61,F,never,0,moderate,0,26.4,66.4,5.99,5.2,,,2.19,24.3,MB-2.0,0.209,0.302,0.112,0.518,-0.452,-0.6,-0.851,-0.44,-0.413,-0.027,0,none,0
S00048,Uppsala,KB-200,49,F,never,1,high,0,24.2,70.3,5.27,5.14,5.6,1.27,1.77,26.3,MB-2.0,1.529,-1.273,0.071,-1.372,-0.585,0.087,0.602,-0.324,-0.114,-0.13,0,none,0
S00049,Aarhus,KA-100,42,M,former,0,high,0,25.5,85.9,5.67,4.31,,,2.21,31.5,MB-2.0,1.545,2.17,2.055,2.293,1.801,-1.37,-1.942,-1.306,0.156,0.86,0,none,0
S00050,Aarhus,KA-100,54,F,never,1,moderate,0,30.2,75.2,5.53,4.56,9.8,1.98,1.74,22.3,MB-2.0,-0.055,-0.388,-0.136,-0.148,0.155,-0.72,-0.325,0.009,0.29,-0.154,0,none,0
S00051,Uppsala,KB-200,47,F,never,0,high,0,22.8,66.9,5.49,5.35,4.8,1.14,1.64,26.7,MB-2.0,0.134,0.296,-0.114,-0.514,0.465,-0.71,-0.505,-0.49,1.044,-0.195,0,none,0
S00052,Leuven,KA-100,63,M,current,0,high,0,25.6,89.5,5.4,4.33,2.9,0.55,1.99,34.4,MB-2.0,-1.367,-0.27,-1.128,-0.321,-0.781,1.402,1.429,0.107,-0.166,-0.233,0,none,0
S00053,Uppsala,KB-200,58,M,former,1,low,0,34.8,115.4,5.91,6.33,,,1.33,16.6,MB-2.0,-0.406,0.046,0.907,-2.773,-1.486,-0.928,-0.428,-0.162,0.378,-0.026,1,none,0
S00054,Aarhus,KA-100,57,M,current,1,low,0,35.7,124.2,5.74,5.92,10.9,2.86,1.63,24.3,MB-2.0,1.121,0.598,1.164,1.731,1.226,-1.006,-0.77,-1.267,-0.409,0.421,1,diabetes service,1
S00055,Leuven,KA-100,70,M,never,0,moderate,0,24.4,83.4,5.36,4.84,11.4,2.44,1.49,33.2,MB-2.0,3.339,3.583,3.197,3.516,3.037,-2.704,-3.371,-2.316,0.265,-0.256,0,diabetes service,0
S00056,Aarhus,KA-100,60,F,never,0,high,0,31.1,97.6,5.36,5.03,2.3,0.51,1.84,30.0,MB-2.0,1.989,1.985,1.8,2.295,2.551,-2.098,-2.169,-2.67,0.024,0.355,1,none,0
S00057,Leuven,KA-100,50,M,former,0,high,0,26.5,98.0,5.45,5.31,3.5,0.83,1.26,22.4,MB-2.0,0.169,-0.374,0.985,0.915,0.348,-0.041,0.224,-0.227,-0.424,0.494,0,none,0
S00058,Leuven,KA-100,40,M,former,0,high,0,20.8,65.5,5.4,4.34,4.1,0.8,1.4,31.0,MB-2.0,-0.937,-0.829,-1.888,-1.528,-1.29,1.504,1.127,1.256,-0.154,0.298,0,none,0
S00059,Tartu,KA-100,71,F,never,0,moderate,0,27.5,77.4,5.75,6.21,,,1.55,21.6,MB-2.0,1.646,0.415,1.617,1.465,0.528,-0.454,-1.566,-0.632,-0.506,0.633,0,none,0
S00060,Leuven,KA-100,52,F,former,0,high,0,19.5,65.0,5.34,5.57,6.5,1.61,1.89,30.3,MB-2.0,2.277,2.257,2.349,1.962,2.051,-2.398,-2.127,-1.072,0.189,-0.29,1,none,0
S00061,Uppsala,KB-200,50,M,never,0,high,0,28.7,94.9,5.38,5.7,9.2,2.32,1.47,,MB-2.0,0.731,1.183,2.327,0.707,-0.759,0.667,-2.258,-2.239,-0.369,-0.226,0,none,0
S00062,Tartu,KA-100,57,M,current,0,high,0,29.2,92.4,5.28,6.01,2.7,0.72,1.28,26.4,MB-2.0,0.155,-0.009,-0.378,-0.485,-0.418,0.124,0.983,0.318,-0.026,0.095,0,none,0
S00063,Uppsala,KB-200,48,F,former,1,high,1,19.2,65.0,5.63,4.89,2.9,0.64,2.05,26.4,MB-2.0,0.003,-0.139,-1.439,-2.972,-1.481,1.703,0.264,1.163,-0.122,0.053,0,none,0
S00064,Tartu,KA-100,60,F,never,1,high,0,25.2,79.0,5.4,4.62,2.7,0.55,2.1,33.1,MB-2.0,2.094,2.288,2.501,1.442,2.804,-1.791,-2.446,-1.842,-0.7,-0.529,0,none,0
S00065,Leuven,KA-100,69,F,never,1,low,0,25.1,69.3,5.42,4.65,4.1,0.84,1.52,28.3,MB-2.0,2.178,1.499,1.277,2.406,1.152,-1.766,-1.061,-2.296,0.425,0.019,0,none,0
S00066,Uppsala,KB-200,61,M,former,0,high,0,20.2,75.9,5.34,5.6,5.6,1.38,1.61,31.1,MB-2.0,-1.588,-0.016,1.605,-0.807,0.387,-0.106,-1.353,-1.442,0.175,-0.479,1,none,0
S00067,Aarhus,KA-100,72,M,never,0,moderate,0,30.7,104.0,5.7,5.55,9.2,2.26,1.31,26.7,MB-2.0,1.37,2.338,2.677,2.266,2.726,-1.56,-1.299,-2.115,-0.36,-0.315,0,none,0
S00068,Aarhus,KA-100,51,M,former,0,high,0,25.0,86.0,5.21,5.26,5.7,1.32,1.79,27.0,MB-2.0,0.642,1.01,0.658,0.528,0.885,-1.045,-0.888,-0.753,0.155,-0.378,0,none,0
S00069,Leuven,KA-100,47,M,former,0,high,0,25.5,93.0,5.69,5.21,2.1,0.48,1.43,29.7,MB-2.0,2.253,1.08,1.213,0.521,1.204,-0.913,-1.722,-1.111,0.177,-0.064,0,none,0
S00070,Aarhus,KA-100,45,M,never,1,moderate,0,27.3,90.8,6.09,6.1,3.5,0.94,1.54,,MB-2.0,1.228,1.88,1.795,1.461,1.457,-1.687,-1.437,-1.351,-0.26,0.367,0,none,0
S00071,Aarhus,KA-100,65,F,former,0,high,0,24.5,65.9,5.25,5.52,2.0,0.49,2.2,34.3,MB-2.0,0.587,0.91,1.812,0.597,0.977,-1.042,-0.361,-1.134,0.161,-0.108,0,none,0
S00072,Aarhus,KA-100,64,F,never,1,high,0,25.4,73.5,5.24,5.92,6.1,1.6,2.05,35.5,MB-2.0,0.79,1.517,1.643,1.585,1.069,-1.322,-1.237,-1.316,0.525,0.875,0,none,0
S00073,Leuven,KA-100,61,F,current,0,moderate,0,21.3,68.4,5.24,5.39,2.5,0.6,2.09,32.1,MB-2.0,2.725,2.537,2.36,2.41,1.916,-1.643,-1.763,-1.528,-0.616,-0.071,1,none,0
S00074,Leuven,KA-100,63,M,current,0,high,1,30.9,101.4,5.52,5.18,6.5,1.49,0.92,21.8,MB-2.0,-0.207,0.878,0.094,1.221,0.58,-0.185,-1.415,-0.522,-0.499,0.689,1,diabetes service,1
S00075,Leuven,KA-100,61,M,former,0,high,0,26.0,92.7,5.45,5.51,3.9,0.95,1.49,34.7,MB-2.0,1.677,0.985,1.052,1.72,1.474,-1.116,-1.503,-1.465,0.47,0.741,0,none,0
S00076,Aarhus,KA-100,57,F,former,1,moderate,0,28.3,78.0,5.3,4.57,,,1.56,30.4,MB-2.0,0.819,1.819,0.743,1.113,1.587,-0.968,-1.588,-1.485,-0.045,-0.438,0,dietitian,0
S00077,Porto,KB-200,56,M,current,0,high,0,33.7,108.5,5.46,5.36,7.8,1.87,1.24,34.8,MB-2.0,0.065,-0.912,0.419,0.394,-0.438,1.49,-0.022,-0.122,0.314,0.038,0,dietitian,0
S00078,Tartu,KA-100,53,M,never,0,high,0,30.2,90.1,5.3,4.76,3.4,0.72,1.49,30.1,MB-2.0,0.601,1.23,0.682,1.172,1.087,-1.036,-1.33,-0.931,0.248,-0.295,0,none,0
S00079,Tartu,KA-100,65,F,never,0,high,0,24.3,74.6,5.41,5.14,3.6,0.83,2.27,38.6,MB-2.0,1.704,1.145,2.538,1.511,1.324,-0.814,-2.025,-1.18,0.101,-0.348,0,none,0
S00080,Porto,KB-200,50,F,never,0,moderate,0,20.3,66.7,5.2,4.86,6.9,1.5,2.28,48.4,MB-2.0,-0.087,-0.062,0.986,-1.482,0.025,0.205,-0.09,-0.295,-0.197,-0.62,0,none,0
S00081,Aarhus,KA-100,59,F,current,1,high,0,26.1,77.3,5.3,4.66,,,1.73,36.9,MB-2.0,0.844,0.851,1.092,1.216,1.742,-1.603,-0.437,-0.721,-0.346,0.135,0,none,0
S00082,Porto,KB-200,71,F,never,1,moderate,0,24.8,79.3,5.26,5.69,5.7,1.43,1.57,31.3,MB-2.0,0.561,-0.6,1.116,-0.208,0.145,0.417,-0.046,-0.901,-0.008,-0.209,0,none,0
S00083,Porto,KB-200,62,F,former,0,high,0,21.7,68.8,5.45,4.88,7.1,1.55,1.55,40.8,MB-2.0,0.333,0.177,-0.104,-0.82,-1.325,1.105,0.477,0.25,-0.303,0.661,0,none,0
S00084,Uppsala,KB-200,68,F,never,0,high,1,19.8,65.9,5.23,4.59,2.9,0.58,1.88,31.6,MB-2.0,-1.038,-0.654,-0.844,0.586,-1.196,-1.124,0.745,0.386,0.062,0.3,0,none,0
S00085,Aarhus,KA-100,63,M,current,0,high,0,21.2,72.1,5.35,4.84,5.7,1.22,1.41,32.1,MB-2.0,1.968,1.603,1.471,1.13,2.379,-1.22,-2.094,-1.546,0.115,-0.134,0,diabetes service,0
S00086,Aarhus,KA-100,52,F,never,0,high,0,24.1,66.7,5.34,4.81,,,2.17,47.1,MB-2.0,1.704,3.005,2.248,3.176,2.309,-1.568,-2.206,-2.318,0.659,-0.385,0,none,0
S00087,Porto,KB-200,46,F,never,0,high,0,20.7,65.4,5.57,4.52,4.1,0.83,1.63,39.2,MB-2.0,-0.034,-0.35,-0.276,0.216,-0.005,-0.712,-0.251,-0.119,-0.394,0.052,0,none,0
S00088,Leuven,KA-100,55,F,former,0,high,0,23.1,69.3,5.2,4.98,4.2,0.94,2.27,29.9,MB-2.0,1.619,1.908,2.06,1.606,1.348,-0.758,-1.112,-1.707,0.192,0.474,1,none,0
S00089,Leuven,KA-100,65,F,current,0,moderate,0,31.7,83.3,5.58,6.0,,,1.31,39.9,MB-2.0,-1.444,-1.947,-1.147,-0.86,-1.014,0.891,0.779,1.166,-0.049,-0.596,0,dietitian,0
S00090,Leuven,KA-100,63,M,never,0,moderate,0,32.1,110.3,5.45,4.87,,,1.32,27.0,MB-2.0,2.15,1.249,1.178,1.244,1.446,-1.474,-1.405,-1.385,0.333,-0.113,0,none,0
S00091,Porto,KB-200,61,F,never,1,high,0,31.0,97.5,5.58,5.27,,,1.95,34.2,MB-2.0,-0.058,0.876,1.522,0.273,1.291,0.277,-1.345,-0.725,0.112,-1.162,1,none,0
S00092,Leuven,KA-100,45,M,current,1,high,0,25.0,83.5,5.49,5.76,3.0,0.77,1.61,23.2,MB-2.0,-0.961,-0.721,-0.604,0.134,-0.392,0.485,1.087,0.383,0.196,0.292,0,none,0
S00093,Tartu,KA-100,65,M,never,0,high,0,27.6,100.1,5.32,5.82,5.0,1.3,1.26,19.6,MB-2.0,1.387,1.511,2.545,1.591,2.097,-2.04,-1.511,-1.162,-0.246,0.238,0,none,0
S00094,Uppsala,KB-200,41,F,never,0,high,0,32.0,94.5,5.39,5.13,8.2,1.86,1.37,41.1,MB-2.0,-0.427,2.027,2.047,-0.27,1.031,-0.632,-1.725,-2.165,-0.758,0.578,0,dietitian,0
S00095,Tartu,KA-100,52,F,never,0,low,1,25.6,69.0,5.87,5.24,,,1.79,16.9,MB-2.0,0.591,1.121,0.723,1.384,1.184,-0.963,-0.726,-1.69,0.616,-0.088,0,none,0
S00096,Porto,KB-200,54,M,former,1,high,0,21.6,78.8,5.28,5.37,4.9,1.18,1.79,34.2,MB-2.0,0.216,0.935,1.015,-0.538,-0.115,0.358,-0.815,-1.083,-0.3,-0.211,1,dietitian,0
S00097,Aarhus,KA-100,59,F,never,1,high,0,25.7,77.8,5.27,4.87,3.2,0.68,1.9,34.6,MB-2.0,0.812,0.734,0.732,0.561,1.666,-0.056,-1.014,-0.493,0.288,-0.681,0,none,0
S00098,Tartu,KA-100,63,F,never,0,moderate,0,29.3,86.1,5.33,5.92,2.4,0.64,1.7,35.6,MB-2.0,3.818,3.266,3.706,3.618,3.145,-3.567,-3.384,-2.531,0.246,-0.338,0,none,0
S00099,Aarhus,KA-100,53,M,former,0,high,0,31.3,106.3,5.37,4.94,4.2,0.93,1.79,20.6,MB-2.0,0.201,0.457,-0.438,0.637,0.27,-0.213,-0.415,-0.939,0.197,0.102,0,dietitian,0
S00100,Leuven,KA-100,53,F,former,0,high,0,28.6,84.7,5.4,5.1,2.4,0.55,1.99,31.6,MB-2.0,0.633,1.124,0.952,1.79,1.217,-0.899,-1.624,-1.506,-0.285,-0.122,0,none,0
S00101,Tartu,KA-100,45,M,never,0,high,0,27.5,90.5,5.52,5.69,2.2,0.55,2.03,25.2,MB-2.0,1.879,2.485,1.341,2.544,2.293,-1.77,-2.069,-2.355,-0.301,-0.418,0,none,0
S00102,Aarhus,KA-100,50,F,never,0,high,0,32.1,91.8,5.56,5.86,,,1.8,28.8,MB-2.0,1.838,1.191,1.693,1.375,0.947,-1.35,-0.93,-0.371,0.796,0.287,0,none,0
S00103,Aarhus,KA-100,59,F,former,0,high,0,22.1,69.4,5.4,4.94,3.9,0.85,2.13,28.2,MB-2.0,-0.49,0.104,-0.126,-0.276,-0.347,0.629,0.564,0.21,-0.191,0.989,0,none,0
S00104,Aarhus,KA-100,41,M,never,0,moderate,1,29.1,96.2,5.69,5.42,8.0,1.93,1.7,20.3,MB-2.0,0.519,0.362,0.821,0.83,0.63,-0.3,-0.891,-0.957,-0.144,0.395,0,none,0
S00105,Porto,KB-200,38,M,current,0,low,0,22.9,92.0,5.54,5.4,4.4,1.07,1.42,33.5,MB-2.0,1.388,0.052,-0.146,-0.574,0.239,-1.208,0.295,-0.284,-0.01,0.057,0,dietitian,0
S00106,Aarhus,KA-100,52,M,former,0,high,0,29.9,94.8,5.46,5.48,7.9,1.92,1.89,26.2,MB-2.0,0.622,0.385,0.972,0.585,0.654,-1.573,-1.338,-0.447,0.472,-0.17,0,none,0
S00107,Uppsala,KB-200,56,F,never,0,moderate,1,19.3,65.1,5.6,5.42,4.4,1.06,1.72,28.9,MB-2.0,-0.808,-1.44,1.228,0.412,-0.776,-0.323,-1.416,-1.677,-0.443,-0.273,1,none,0
S00108,Porto,KB-200,42,F,never,0,moderate,0,29.6,81.7,5.4,5.66,9.5,2.39,1.46,20.5,MB-2.0,0.524,0.657,3.041,-0.345,0.417,0.415,-2.389,-2.061,-0.076,-0.615,0,none,0
S00109,Uppsala,KB-200,66,M,former,1,high,0,31.8,112.2,5.28,6.22,4.1,1.14,1.43,31.1,MB-2.0,-1.153,0.745,0.505,-0.567,-0.752,0.98,-0.168,-0.777,0.368,-0.051,1,dietitian,1
S00110,Uppsala,KB-200,49,F,never,0,high,1,23.9,73.0,5.29,4.62,6.2,1.26,1.93,28.6,MB-2.0,-2.849,-0.371,-0.494,-2.532,-1.063,1.087,0.589,0.908,-0.165,0.247,0,none,0
S00111,Leuven,KA-100,56,F,former,0,high,0,30.0,88.2,5.32,5.0,9.9,2.2,1.44,32.9,MB-2.0,1.116,0.374,1.303,0.576,0.309,-0.24,-0.419,-0.848,0.357,-0.114,1,none,0
S00112,Aarhus,KA-100,50,M,current,0,high,0,31.6,106.4,5.28,4.81,2.2,0.46,2.03,29.4,MB-2.0,-0.081,0.959,-1.374,-0.795,-0.041,1.026,1.044,1.147,-0.367,0.391,1,none,0
S00113,Leuven,KA-100,57,M,former,0,high,0,24.7,88.6,6.14,6.36,,,0.92,35.0,MB-2.0,0.051,0.018,0.006,0.427,0.705,0.279,-0.019,-0.287,-0.557,0.183,1,dietitian,0
S00114,Aarhus,KA-100,59,F,never,0,high,0,23.2,69.4,5.62,5.19,4.1,0.95,1.59,39.4,MB-2.0,-0.057,0.219,-0.066,-0.017,0.035,-0.375,-0.194,0.055,0.514,-0.155,0,none,0
S00115,Leuven,KA-100,58,F,current,0,high,0,25.8,82.2,5.37,4.84,3.6,0.78,1.89,28.0,MB-2.0,0.679,0.673,0.048,0.184,1.548,-1.132,-1.021,-0.538,0.009,0.143,0,none,0
S00116,Uppsala,KB-200,56,M,never,0,moderate,1,32.1,102.4,5.69,5.49,2.8,0.68,1.6,18.5,MB-2.0,-0.848,-0.864,1.852,-1.215,-0.327,-0.049,-2.453,-1.011,0.155,-0.363,0,none,0
S00117,Tartu,KA-100,54,M,current,0,high,1,30.4,100.1,5.37,5.54,3.2,0.79,1.32,29.6,MB-2.0,1.392,1.821,2.107,1.914,2.111,-1.004,-2.021,-1.405,-0.27,0.241,0,none,0
S00118,Leuven,KA-100,49,M,former,0,high,0,26.4,86.3,5.21,4.57,3.2,0.64,1.73,33.3,MB-2.0,1.674,1.097,1.085,1.665,1.943,-0.811,-0.36,-1.49,0.206,0.14,0,none,0
S00119,Aarhus,KA-100,71,M,never,0,moderate,0,28.3,89.3,5.18,4.58,7.6,1.55,1.93,32.4,MB-2.0,1.035,0.943,0.109,1.475,1.347,-1.219,-1.169,0.367,0.202,-0.341,0,none,0
S00120,Leuven,KA-100,47,F,former,0,high,0,23.5,65.9,5.56,5.61,4.2,1.05,1.68,26.5,MB-2.0,-1.582,-1.212,-2.112,-1.986,-1.391,1.345,1.109,2.025,0.346,-0.617,0,diabetes service,0
S00121,Aarhus,KA-100,45,F,current,1,high,0,28.4,90.6,5.33,4.86,3.9,0.84,1.73,23.4,MB-2.0,-3.199,-1.997,-2.48,-1.383,-2.18,1.455,1.765,1.713,-0.391,-0.392,1,diabetes service,1
S00122,Uppsala,KB-200,52,F,former,0,moderate,0,22.2,70.1,5.27,4.88,6.0,1.3,2.03,38.5,MB-2.0,1.449,1.472,1.662,0.723,0.783,-0.816,-1.693,-1.375,0.04,0.103,0,none,0
S00123,Leuven,KA-100,56,M,never,0,high,0,35.2,106.8,5.55,5.14,2.1,0.48,1.48,38.0,MB-2.0,3.364,2.856,3.223,3.06,4.261,-3.541,-2.414,-2.673,0.344,-0.374,0,none,0
S00124,Uppsala,KB-200,65,M,never,0,high,0,26.0,87.8,5.88,4.85,2.8,0.61,1.59,31.3,MB-2.0,-1.332,0.389,0.804,0.144,0.625,-0.151,-1.485,-1.895,-0.046,-0.162,0,dietitian,0
S00125,Tartu,KA-100,68,F,never,0,moderate,0,32.7,105.9,5.45,5.51,,,1.72,22.5,MB-2.0,1.208,0.966,1.7,1.141,0.986,-1.257,-0.995,-0.546,0.485,-0.289,0,none,0
S00126,Porto,KB-200,60,M,former,0,moderate,0,27.0,92.0,5.2,4.72,,,1.67,23.7,MB-2.0,1.023,-0.414,3.863,-0.609,1.251,0.415,-4.096,-4.339,-0.227,0.026,0,none,0
S00127,Uppsala,KB-200,44,F,never,0,high,0,23.0,66.2,5.48,5.62,,,1.52,26.9,MB-2.0,0.323,0.096,0.201,0.46,0.67,0.057,-0.024,-0.652,-0.926,0.155,0,none,0
S00128,Porto,KB-200,40,M,current,0,high,0,28.4,94.9,5.4,5.33,2.7,0.65,1.28,40.9,MB-2.0,-0.737,0.95,2.763,-1.728,1.332,-0.476,-2.656,-1.659,-0.536,-0.038,0,none,0
S00129,Tartu,KA-100,64,F,former,0,high,0,23.2,81.1,5.47,4.93,9.0,1.98,2.15,20.5,MB-2.0,1.162,1.173,1.417,1.218,1.839,-1.849,-1.657,-1.103,-0.021,-0.891,0,none,0
S00130,Aarhus,KA-100,74,F,current,1,moderate,0,32.2,91.2,5.62,5.72,,,1.25,21.5,MB-2.0,1.533,0.616,0.955,0.931,0.742,-1.872,-1.406,-0.234,0.24,-0.109,0,none,0
S00131,Porto,KB-200,46,M,former,0,high,1,28.9,98.0,5.31,5.88,,,1.41,33.8,MB-2.0,-1.671,0.209,1.311,-0.127,-0.829,-0.055,-0.28,-0.551,-0.005,-0.041,0,dietitian,0
S00132,Aarhus,KA-100,64,M,current,0,high,0,28.6,99.5,5.42,5.61,2.2,0.55,1.72,33.2,MB-2.0,-0.093,0.641,0.608,0.334,0.641,-0.961,-1.121,-0.335,-0.145,-0.126,0,dietitian,0
S00133,Uppsala,KB-200,57,F,former,0,high,0,20.3,66.0,5.31,4.37,2.1,0.4,2.08,31.4,MB-2.0,0.341,0.629,1.338,-0.795,-0.726,0.054,-1.632,-1.943,0.017,0.187,0,none,0
S00134,Aarhus,KA-100,53,M,current,1,high,1,23.4,69.6,5.52,5.18,9.4,2.17,1.33,18.1,MB-2.0,1.852,1.517,1.136,2.752,2.213,-1.854,-1.422,-1.583,-0.536,-0.782,0,none,0
S00135,Aarhus,KA-100,76,M,current,0,high,0,23.9,85.4,5.4,4.76,2.1,0.45,1.95,36.3,MB-2.0,-1.119,-1.189,-1.128,-1.191,-0.562,1.136,0.198,1.248,0.025,0.221,0,none,0
S00136,Aarhus,KA-100,63,F,never,1,low,0,26.9,68.9,5.66,5.77,7.4,1.9,1.93,15.1,MB-2.0,-0.43,-0.813,-0.514,0.422,-0.81,0.653,0.218,0.634,0.448,0.221,0,none,0
S00137,Porto,KB-200,42,F,former,0,high,0,28.5,79.5,5.27,4.92,3.9,0.85,1.95,37.2,MB-2.0,3.031,2.555,1.207,-2.359,0.623,0.257,-1.045,-1.369,-0.62,0.298,0,none,0
S00138,Aarhus,KA-100,52,M,never,1,high,0,23.2,85.1,5.59,5.04,3.1,0.7,1.82,33.5,MB-2.0,3.724,2.737,3.637,2.954,3.169,-2.966,-2.609,-2.574,-0.007,-0.177,0,none,0
S00139,Leuven,KA-100,57,M,current,0,high,0,26.5,89.3,5.37,4.57,,,1.28,26.8,MB-2.0,-0.838,-0.34,-0.761,-0.606,-0.699,0.125,1.374,0.699,0.321,0.359,0,none,0
S00140,Leuven,KA-100,50,M,never,0,high,0,25.8,86.1,5.23,4.6,2.4,0.5,1.9,37.5,MB-2.0,-0.106,-0.175,0.48,-0.176,-0.548,0.137,0.938,0.147,0.483,-0.482,0,none,0
S00141,Aarhus,KA-100,69,F,former,0,moderate,0,29.4,82.6,5.35,4.82,3.2,0.68,1.69,28.6,MB-2.0,0.307,0.387,-0.341,-0.107,0.382,-0.912,-0.311,-0.037,0.14,0.719,0,none,0
S00142,Uppsala,KB-200,57,F,never,0,moderate,0,24.6,68.0,5.46,6.02,7.7,2.06,1.75,34.7,MB-2.0,-0.061,1.126,2.247,-1.022,-0.597,1.753,-2.512,-1.43,0.196,0.284,0,none,0
S00143,Tartu,KA-100,58,F,never,1,moderate,0,31.6,89.0,5.74,5.32,12.8,3.02,1.5,,MB-2.0,-1.795,-1.258,-1.451,-1.297,-0.706,1.667,1.584,1.178,-0.923,0.267,1,dietitian,1
S00144,Uppsala,KB-200,59,M,former,0,moderate,1,30.3,104.2,5.86,5.26,11.3,2.64,1.87,26.8,MB-2.0,-2.257,-0.3,1.653,0.248,0.086,2.944,-0.885,-0.237,-1.281,-0.069,1,none,0
S00145,Aarhus,KA-100,53,M,former,0,moderate,0,25.5,71.8,5.61,4.54,,,1.42,22.8,MB-2.0,0.905,0.631,1.695,1.024,1.604,-0.501,-1.15,-1.311,-0.086,0.028,0,none,0
S00146,Aarhus,KA-100,57,F,never,0,high,0,28.0,73.3,5.66,5.13,5.6,1.28,1.35,20.6,MB-2.0,-0.547,-0.697,-0.765,-0.502,-0.623,-0.056,0.943,0.456,0.895,0.202,1,diabetes service,1
S00147,Uppsala,KB-200,57,M,never,0,moderate,0,26.6,89.1,5.44,5.67,10.2,2.56,1.88,45.8,MB-2.0,-0.123,0.348,0.914,-1.891,-0.273,0.351,-1.2,-1.919,-0.829,0.557,0,none,0
S00148,Leuven,KA-100,56,F,former,0,high,0,25.8,71.7,5.35,5.62,6.5,1.63,1.35,35.1,MB-2.0,3.153,2.589,3.069,2.931,3.491,-2.082,-2.538,-2.494,-0.438,0.792,0,none,0
S00149,Uppsala,KB-200,54,M,never,0,moderate,1,26.2,92.9,5.15,4.83,,,1.29,29.1,MB-2.0,-0.957,-0.41,0.853,-1.227,-1.405,0.63,-0.918,-1.514,-0.027,-0.588,0,none,0
S00150,Leuven,KA-100,50,M,never,0,high,0,30.1,96.0,5.23,5.25,2.7,0.64,1.81,26.0,MB-2.0,1.466,0.28,1.634,0.924,0.952,-1.503,0.147,-0.491,-0.256,0.639,0,none,0
S00151,Leuven,KA-100,61,M,never,0,high,0,20.5,68.1,5.27,4.36,2.4,0.46,1.32,29.1,MB-2.0,1.675,1.287,2.278,1.883,1.069,-2.071,-2.043,-1.491,-0.904,-0.172,0,none,0
S00152,Uppsala,KB-200,57,F,never,0,moderate,0,30.4,81.4,5.7,5.64,15.6,3.9,1.03,22.9,MB-2.0,0.822,0.433,-0.479,0.134,-0.139,0.115,0.046,-0.578,-0.03,-0.222,0,none,0
S00153,Tartu,KA-100,53,M,never,1,moderate,0,29.6,96.4,5.67,5.15,7.7,1.77,1.48,21.6,MB-2.0,1.429,2.254,1.013,1.46,2.275,-0.315,-0.877,-1.07,0.016,-0.439,0,none,0
S00154,Uppsala,KB-200,74,M,never,0,high,0,27.9,91.7,5.31,5.29,7.6,1.78,1.51,30.6,MB-2.0,0.358,-0.489,0.7,0.361,-0.731,-0.031,-0.655,-0.061,0.263,0.098,0,dietitian,0
S00155,Aarhus,KA-100,57,F,never,1,high,0,25.0,76.0,5.9,4.97,4.8,1.06,1.98,20.9,MB-2.0,-2.222,-1.813,-1.702,-2.003,-1.594,1.008,1.507,1.009,-0.481,0.181,0,none,0
S00156,Leuven,KA-100,57,M,never,0,high,0,30.2,106.9,5.45,4.99,7.2,1.59,1.39,18.4,MB-2.0,0.773,0.442,0.238,0.37,0.61,-0.857,0.016,0.205,0.754,0.425,0,none,0
S00157,Leuven,KA-100,56,M,former,0,high,0,30.0,97.0,5.3,5.1,4.2,0.95,1.6,22.8,MB-2.0,1.186,1.393,2.237,0.593,1.793,-1.716,-1.301,-1.393,0.075,0.181,0,none,0
S00158,Porto,KB-200,56,F,never,0,high,0,25.4,66.3,5.53,5.09,6.0,1.36,1.27,38.3,MB-2.0,-0.673,0.363,1.996,0.043,-0.047,-0.432,-0.453,-0.923,0.067,-0.106,0,none,0
S00159,Tartu,KA-100,54,F,current,0,high,0,26.7,77.3,5.39,4.92,5.7,1.24,1.98,16.9,MB-2.0,1.417,-0.072,-0.441,-0.427,0.146,0.462,0.426,0.702,0.675,-0.045,0,none,0
S00160,Aarhus,KA-100,57,M,former,1,low,0,34.1,113.9,5.54,5.96,12.9,3.41,1.31,15.0,MB-2.0,0.107,0.865,0.537,-0.068,0.243,-0.727,-0.159,-0.617,-0.258,0.277,0,none,0
S00161,Aarhus,KA-100,54,F,never,0,high,0,20.7,73.9,5.47,4.95,5.2,1.13,2.1,27.3,MB-2.0,0.569,1.413,1.19,0.56,1.452,-1.186,-0.996,-0.095,-0.384,0.172,0,none,0
S00162,Aarhus,KA-100,64,M,current,0,moderate,0,35.4,121.6,5.55,4.38,7.5,1.47,1.16,,MB-2.0,-1.853,-1.575,-2.689,-1.453,-1.946,1.751,1.281,1.593,-0.016,-0.049,1,none,0
S00163,Aarhus,KA-100,68,M,current,0,high,0,24.9,78.6,5.29,5.43,8.4,2.02,1.93,26.6,MB-2.0,0.157,-0.434,-0.428,0.104,-0.81,0.216,0.212,-0.581,0.427,-0.135,0,none,0
S00164,Uppsala,KB-200,48,M,former,0,high,0,26.8,96.8,5.45,5.75,5.2,1.32,1.76,27.2,MB-2.0,1.1,1.719,1.591,1.77,-0.619,-0.9,-2.078,-1.745,0.065,-0.146,1,none,0
S00165,Leuven,KA-100,60,M,former,0,high,0,20.6,70.1,5.78,4.49,2.7,0.53,1.62,24.0,MB-2.0,-0.8,0.721,0.396,-0.375,0.304,-0.292,-0.0,0.302,0.803,-0.169,0,none,0
S00166,Porto,KB-200,51,M,never,1,high,0,21.2,71.5,5.75,4.52,4.0,0.8,1.43,32.3,MB-2.0,0.299,-0.404,1.985,-1.177,-0.834,0.632,-1.247,-1.527,-0.003,-0.118,0,none,0
S00167,Uppsala,KB-200,60,F,former,0,moderate,0,23.7,66.4,5.61,4.46,4.3,0.85,1.19,28.7,MB-2.0,-0.217,-0.47,-0.967,-0.607,-1.603,0.283,0.682,0.659,-0.102,0.424,0,none,0
S00168,Leuven,KA-100,68,F,never,1,moderate,0,27.8,73.9,5.24,5.6,8.8,2.18,2.28,21.8,MB-2.0,3.05,2.542,3.008,2.393,2.432,-2.898,-2.192,-2.405,-0.091,0.038,0,none,0
S00169,Tartu,KA-100,66,M,former,0,high,0,27.1,98.4,5.33,4.4,3.8,0.74,1.63,30.9,MB-2.0,1.383,1.606,1.029,0.864,0.897,-0.311,-0.854,-0.073,0.725,0.267,0,none,0
S00170,Leuven,KA-100,51,F,never,0,high,0,24.6,75.4,5.2,4.94,6.8,1.49,1.97,37.7,MB-2.0,-0.373,-0.123,-0.658,-0.496,0.042,-0.401,0.895,0.72,-0.065,-0.191,0,diabetes service,0
S00171,Aarhus,KA-100,72,F,never,0,high,0,24.0,75.9,5.21,5.33,2.7,0.65,1.51,37.2,MB-2.0,0.88,0.366,0.832,1.6,0.894,-0.778,-1.737,-0.227,-0.649,0.211,0,none,0
S00172,Leuven,KA-100,69,F,never,0,moderate,0,27.3,82.4,5.51,5.41,7.7,1.85,1.92,25.2,MB-2.0,2.615,2.817,2.494,2.261,2.268,-2.211,-2.754,-2.941,0.262,-0.274,0,none,0
S00173,Porto,KB-200,77,F,never,1,moderate,0,27.9,84.6,5.48,5.18,2.1,0.47,1.73,33.2,MB-2.0,-1.621,-0.1,1.947,-1.213,-1.58,-1.133,-1.364,-1.884,0.828,0.026,0,none,0
S00174,Tartu,KA-100,53,F,current,0,high,0,22.3,66.1,5.22,4.69,8.4,1.76,1.89,21.4,MB-2.0,1.766,1.772,1.8,2.003,2.117,-2.189,-1.502,-2.01,-0.27,0.12,0,none,0
S00175,Uppsala,KB-200,68,F,never,1,high,0,24.6,71.3,5.77,4.91,6.3,1.38,1.21,31.4,MB-2.0,-0.054,0.204,0.531,0.683,0.615,-0.302,-0.104,-0.55,-0.341,-0.495,0,none,0
S00176,Tartu,KA-100,64,F,former,0,low,0,22.2,69.0,5.42,5.09,4.5,1.01,1.89,27.2,MB-2.0,-0.94,-0.92,0.079,-0.174,-1.275,0.535,0.654,0.799,0.169,0.094,0,none,0
S00177,Leuven,KA-100,48,M,never,1,high,0,27.7,89.6,5.34,4.41,2.3,0.45,1.47,28.6,MB-2.0,1.695,1.008,2.251,2.318,2.008,-2.68,-1.294,-2.009,-0.266,0.78,0,none,0
S00178,Porto,KB-200,36,F,current,0,high,0,23.6,66.2,5.25,4.94,,,2.05,37.8,MB-2.0,-1.169,-0.505,-0.215,0.964,-1.001,0.385,0.855,1.232,-0.052,0.709,0,diabetes service,0
S00179,Uppsala,KB-200,43,F,never,0,high,0,22.8,72.4,5.31,4.74,6.9,1.46,1.88,33.3,MB-2.0,-1.731,0.303,0.017,1.171,0.038,-1.012,-1.199,0.53,0.459,-0.108,0,none,0
S00180,Porto,KB-200,53,M,never,0,high,0,22.1,80.3,5.58,4.83,3.2,0.68,1.78,35.3,MB-2.0,-0.767,0.692,0.729,0.449,-0.414,-0.156,-1.435,-1.732,0.105,-0.227,0,none,0
S00181,Aarhus,KA-100,46,F,never,0,high,0,22.4,66.9,5.22,5.43,6.5,1.56,1.54,36.9,MB-2.0,-2.605,-2.974,-2.425,-3.355,-2.03,2.441,2.509,1.786,-0.283,0.836,0,none,0
S00182,Aarhus,KA-100,72,M,never,0,high,0,24.5,82.1,5.35,5.7,,,1.33,24.1,MB-2.0,-1.364,-1.87,-2.338,-1.686,-1.918,1.609,2.118,2.027,0.238,-0.269,0,none,0
S00183,Aarhus,KA-100,66,F,current,0,high,0,26.6,67.6,5.38,4.96,5.7,1.27,1.95,37.0,MB-2.0,-0.764,-0.904,-1.618,-0.942,-1.19,0.576,0.923,1.572,0.052,0.181,1,none,0
S00184,Leuven,KA-100,49,M,never,0,high,0,30.5,101.1,6.06,6.72,7.7,2.31,1.91,29.0,MB-2.0,1.673,0.388,1.414,1.348,1.189,-1.202,-0.842,-1.391,0.607,0.693,0,diabetes service,1
S00185,Uppsala,KB-200,59,M,never,0,high,0,24.3,84.7,5.51,4.83,2.5,0.54,1.55,38.3,MB-2.0,-1.115,-0.259,2.224,-0.065,-0.872,-0.879,-2.404,-1.91,-0.041,-0.372,0,none,0
S00186,Tartu,KA-100,70,M,never,0,moderate,0,24.1,83.3,5.18,6.37,2.1,0.59,1.7,35.9,MB-2.0,-1.219,-0.618,-0.308,-0.231,-0.721,1.412,0.295,0.012,-0.192,0.059,0,none,0
S00187,Tartu,KA-100,47,F,never,0,high,0,23.3,73.7,5.2,4.59,,,2.05,30.1,MB-2.0,-0.981,-1.0,-1.893,-0.447,-1.045,0.699,1.166,0.731,-0.482,0.451,0,none,0
S00188,Porto,KB-200,74,M,former,0,high,0,23.3,81.6,5.2,4.61,2.8,0.58,2.15,40.8,MB-2.0,-0.393,0.864,2.237,-0.081,-0.229,-0.153,-1.397,-1.839,0.69,-0.169,0,none,0
S00189,Tartu,KA-100,49,M,never,0,high,0,23.0,75.0,5.62,4.97,,,1.54,25.8,MB-2.0,0.917,1.268,1.105,1.225,1.486,-1.072,-1.067,-1.581,-0.147,-0.625,0,none,0
S00190,Aarhus,KA-100,63,F,former,0,moderate,0,35.7,107.7,5.85,6.27,7.9,2.19,1.47,19.5,MB-2.0,-0.947,-1.466,-2.125,-1.79,-1.265,1.016,1.884,2.172,0.172,-0.355,1,dietitian,1
S00191,Aarhus,KA-100,40,F,former,1,high,0,23.2,66.1,5.41,5.18,2.1,0.49,1.69,24.5,MB-2.0,0.134,0.205,0.268,0.17,-0.458,-0.059,0.053,-0.424,-0.057,0.357,0,none,0
S00192,Aarhus,KA-100,48,M,former,0,moderate,1,24.9,90.5,5.49,5.36,9.5,2.28,2.14,36.0,MB-2.0,-1.099,0.634,-0.143,-0.495,-0.362,0.14,-0.177,0.369,0.614,0.122,0,none,0
S00193,Uppsala,KB-200,58,M,former,0,moderate,0,21.3,66.6,5.46,5.05,,,1.32,24.1,MB-2.0,0.78,-0.978,-0.649,-1.552,-0.866,1.358,0.833,0.372,-0.098,-0.02,0,none,0
S00194,Aarhus,KA-100,58,M,never,1,moderate,0,32.7,113.4,6.03,5.87,4.2,1.1,1.17,31.5,MB-2.0,1.36,1.756,1.75,2.131,2.674,-1.874,-2.181,-2.364,0.238,0.552,0,none,0
S00195,Aarhus,KA-100,44,M,never,1,moderate,0,23.7,77.5,5.59,6.17,3.3,0.9,1.31,16.4,MB-2.0,1.087,0.988,0.683,0.636,0.856,-0.489,-1.26,-0.203,0.603,0.265,0,none,0
S00196,Porto,KB-200,56,F,never,0,moderate,0,20.8,65.6,5.41,5.61,2.7,0.68,1.74,31.8,MB-2.0,-1.26,0.647,0.481,-1.19,0.038,-1.462,-0.404,-0.292,-0.484,-0.034,1,dietitian,0
S00197,Uppsala,KB-200,58,F,current,0,high,0,27.4,84.1,6.14,5.71,8.3,2.1,1.41,25.9,MB-2.0,-0.075,-0.371,-0.043,-1.512,0.174,0.225,0.552,-0.643,0.424,0.237,0,none,0
S00198,Leuven,KA-100,60,F,never,0,high,0,26.0,72.4,5.33,5.27,2.4,0.55,1.67,29.1,MB-2.0,0.37,0.391,1.303,0.298,0.246,-1.098,-0.505,-0.802,0.475,0.151,0,none,0
S00199,Aarhus,KA-100,62,F,never,0,high,0,30.5,95.2,5.61,5.66,9.5,2.38,1.8,31.1,MB-2.0,1.407,0.806,0.37,0.374,0.038,-0.569,-0.041,-0.531,-0.022,0.095,0,none,0
S00200,Leuven,KA-100,57,F,current,1,low,0,23.9,76.0,5.73,4.37,8.5,1.64,1.57,25.6,MB-2.0,1.23,0.751,1.25,1.72,1.496,-1.075,-1.107,-1.306,-0.144,0.117,0,none,0
S00201,Tartu,KA-100,59,F,former,0,high,0,27.2,74.4,5.43,4.77,4.3,0.92,1.85,27.2,MB-2.0,-0.708,-1.134,-1.385,-1.345,-1.746,1.506,0.965,0.223,-0.436,-0.477,0,none,0
S00202,Leuven,KA-100,55,M,current,0,high,0,24.4,82.6,5.46,5.38,10.1,2.41,1.36,27.5,MB-2.0,1.901,2.198,1.998,1.754,2.994,-1.464,-0.983,-1.912,-0.522,0.311,0,none,0
S00203,Leuven,KA-100,61,M,never,0,low,0,33.2,105.1,5.72,5.69,4.5,1.15,0.92,,MB-2.0,0.535,0.14,-0.019,0.243,-0.002,-0.29,-0.608,-0.333,-0.482,0.881,0,none,0
S00204,Leuven,KA-100,55,F,current,0,high,0,25.2,76.4,5.52,5.9,,,1.88,24.3,MB-2.0,0.1,0.038,-0.866,-0.265,-0.355,0.824,0.259,0.296,0.387,-0.31,0,none,0
S00205,Aarhus,KA-100,58,F,never,0,high,0,22.1,76.1,5.25,4.65,7.2,1.49,2.23,35.0,MB-2.0,0.015,-0.186,0.5,0.441,-0.054,-0.7,-0.134,-0.454,0.028,-0.488,0,none,0
S00206,Uppsala,KB-200,71,F,never,0,moderate,0,26.9,86.6,5.54,6.03,,,1.6,28.1,MB-2.0,1.114,-0.116,0.799,0.043,-1.165,-0.524,-0.329,-0.704,-0.264,-0.201,1,none,0
S00207,Leuven,KA-100,68,F,never,0,high,0,24.8,69.4,5.51,5.34,4.6,1.09,1.72,22.7,MB-2.0,0.672,0.286,0.93,0.679,1.614,-1.259,-1.026,-0.808,0.154,-0.656,0,none,0
S00208,Uppsala,KB-200,41,M,former,0,high,0,26.3,91.7,5.32,4.73,2.1,0.43,1.01,25.7,MB-2.0,-2.695,0.525,-2.57,-3.167,-2.475,0.774,3.24,3.886,0.107,0.109,0,none,0
S00209,Leuven,KA-100,43,M,never,0,high,0,28.6,95.4,5.45,4.6,11.5,2.35,1.95,33.6,MB-2.0,0.389,0.238,0.827,0.911,0.682,-0.213,-0.209,-0.249,0.191,-0.772,0,dietitian,0
S00210,Uppsala,KB-200,56,M,never,1,high,0,22.9,78.3,5.24,5.41,4.8,1.14,1.32,30.8,MB-2.0,-1.033,-0.393,-1.064,-0.536,-0.411,0.472,1.168,0.782,-0.252,0.464,0,none,0
S00211,Leuven,KA-100,55,F,current,1,high,0,27.5,80.8,5.16,5.09,4.1,0.92,1.55,31.6,MB-2.0,1.671,1.157,0.734,0.644,1.109,-0.678,-0.499,-1.111,1.435,0.164,1,none,0
S00212,Aarhus,KA-100,57,M,current,0,moderate,0,28.3,101.3,5.23,4.74,3.7,0.78,1.67,32.5,MB-2.0,2.088,1.112,1.04,1.156,2.086,-1.575,-1.598,-1.857,0.743,0.98,1,diabetes service,1
S00213,Aarhus,KA-100,55,M,current,0,high,0,25.5,87.5,5.15,4.9,6.5,1.41,1.67,33.7,MB-2.0,0.881,-0.063,-0.135,0.336,0.005,-0.268,-0.104,-0.621,0.068,0.114,0,dietitian,0
S00214,Tartu,KA-100,64,M,former,0,high,0,24.4,85.8,5.16,5.0,6.1,1.36,1.82,37.6,MB-2.0,2.121,2.432,2.324,1.925,2.851,-1.925,-2.508,-2.221,-0.064,-0.033,0,dietitian,0
S00215,Porto,KB-200,48,F,former,0,high,1,22.5,66.7,5.32,4.72,2.9,0.62,1.88,40.8,MB-2.0,-1.309,-0.426,0.296,-1.683,-1.882,2.128,0.68,-0.568,0.008,-0.397,0,none,0
S00216,Leuven,KA-100,63,F,never,0,high,0,27.5,81.0,5.47,5.56,10.5,2.6,1.14,26.6,MB-2.0,-0.088,-0.724,-0.215,-0.361,-0.093,0.492,0.075,0.4,0.516,-0.058,0,diabetes service,0
S00217,Leuven,KA-100,54,F,former,0,high,0,19.1,66.6,5.46,4.89,,,2.47,38.8,MB-2.0,1.65,1.96,2.18,1.296,2.037,-0.863,-1.051,-2.219,0.057,0.324,0,dietitian,0
S00218,Tartu,KA-100,61,M,former,0,moderate,0,25.4,86.1,5.61,4.71,6.3,1.31,1.02,33.5,MB-2.0,-2.419,-1.697,-2.428,-2.035,-1.703,1.79,1.453,1.156,0.109,-0.567,1,none,0
S00219,Uppsala,KB-200,48,M,never,0,low,0,24.6,78.4,5.34,5.37,10.6,2.53,1.12,23.5,MB-2.0,-0.039,0.477,2.168,0.018,-0.243,-0.057,-0.792,-1.745,0.185,0.244,0,none,0
S00220,Leuven,KA-100,61,M,former,0,low,1,32.5,114.6,5.95,6.62,5.7,1.67,1.15,,MB-2.0,-2.943,-3.215,-3.517,-3.026,-3.079,2.439,2.973,3.214,-0.384,0.338,1,diabetes service,1
S00221,Tartu,KA-100,63,M,never,0,high,0,23.6,80.7,5.7,6.03,7.7,2.07,0.7,17.4,MB-2.0,-0.764,-0.553,-0.137,-0.187,-0.634,-0.077,0.332,0.015,0.368,0.2,0,none,0
S00222,Tartu,KA-100,56,F,never,0,moderate,0,32.9,94.4,5.44,6.31,,,1.44,18.2,MB-2.0,2.393,2.382,0.956,1.432,1.56,-2.182,-1.707,-1.091,0.182,0.365,0,none,0
S00223,Leuven,KA-100,38,M,current,0,high,0,27.0,87.0,5.33,4.62,4.3,0.88,1.58,26.0,MB-2.0,1.361,1.398,1.308,1.195,1.586,-0.843,-1.71,-0.541,-0.64,0.304,0,none,0
S00224,Aarhus,KA-100,50,F,never,1,high,0,22.7,68.3,5.71,4.61,2.0,0.42,1.36,38.3,MB-2.0,-0.343,-1.55,0.011,-0.626,0.356,0.033,0.036,0.808,0.942,-0.303,0,none,0
S00225,Leuven,KA-100,63,F,never,1,moderate,0,27.4,87.8,5.25,4.41,,,1.27,32.3,MB-2.0,1.923,2.126,0.751,2.324,1.652,-2.059,-1.483,-1.966,0.303,-0.79,0,none,0
S00226,Aarhus,KA-100,78,M,never,1,high,0,28.7,102.3,5.8,5.66,5.3,1.34,1.59,,MB-2.0,1.74,2.434,2.196,1.813,1.882,-2.154,-1.4,-1.863,0.031,0.373,1,diabetes service,1
S00227,Uppsala,KB-200,66,M,former,0,moderate,0,25.6,93.2,6.02,6.96,15.8,4.89,1.19,42.6,MB-2.0,0.3,0.317,-0.9,-0.561,-0.947,0.431,1.172,0.939,0.094,0.052,0,none,0
S00228,Porto,KB-200,40,F,never,0,high,0,24.3,68.1,5.4,4.67,2.3,0.47,2.2,40.7,MB-2.0,0.053,0.122,-0.448,-1.716,0.899,-0.203,-0.123,0.52,1.022,-0.223,0,none,0
S00229,Uppsala,KB-200,35,F,former,0,high,0,28.7,77.6,5.48,5.18,,,1.84,36.3,MB-2.0,-1.014,-0.081,0.585,-1.227,0.556,-0.179,0.476,0.857,-0.013,0.17,0,none,0
S00230,Aarhus,KA-100,79,M,former,0,high,0,33.2,111.8,5.8,5.7,9.1,2.3,1.54,30.5,MB-2.0,-1.214,-1.269,-2.231,-0.685,-0.599,0.673,0.94,0.677,-0.095,-0.176,0,none,0
S00231,Porto,KB-200,46,F,former,1,moderate,0,31.3,83.7,5.82,5.16,8.3,1.91,1.3,27.7,MB-2.0,-1.001,-0.09,-1.007,-0.688,0.431,1.159,0.203,0.763,-0.433,-0.311,0,none,0
S00232,Leuven,KA-100,60,F,never,1,high,0,26.7,77.8,5.23,5.46,6.4,1.56,2.02,29.4,MB-2.0,-1.003,-0.387,-0.195,-0.238,0.674,0.668,1.238,1.178,0.06,0.311,0,none,0
S00233,Aarhus,KA-100,69,F,current,1,high,0,29.3,81.5,5.53,6.8,8.9,2.68,2.03,25.8,MB-2.0,1.894,1.526,1.383,0.773,1.616,-0.777,-0.654,-0.85,0.214,-0.348,0,none,0
S00234,Tartu,KA-100,57,F,former,1,moderate,0,28.1,86.4,5.18,4.74,3.3,0.69,1.94,22.0,MB-2.0,1.723,1.525,0.642,1.014,1.756,-2.061,-1.22,-1.819,-0.482,0.156,0,none,0
S00235,Porto,KB-200,53,M,never,0,high,0,25.0,72.5,5.59,5.72,4.7,1.19,1.55,28.5,MB-2.0,-0.094,-0.935,-1.902,-0.5,-0.8,1.367,0.827,2.065,-0.204,-0.013,0,diabetes service,1
S00236,Uppsala,KB-200,59,M,former,0,high,0,23.3,78.5,5.36,4.67,4.8,0.99,1.8,31.6,MB-2.0,-1.114,0.829,0.054,-0.466,0.821,0.508,-0.938,-0.473,-0.745,0.219,0,none,0
S00237,Leuven,KA-100,73,M,current,0,high,0,30.0,92.5,5.27,5.14,,,1.26,25.9,MB-2.0,-1.301,-1.395,-0.732,-1.586,-1.386,1.971,1.598,1.336,-0.041,0.267,1,diabetes service,1
S00238,Aarhus,KA-100,58,F,never,1,high,0,25.0,77.1,5.4,5.13,,,1.91,23.7,MB-2.0,0.197,0.406,0.652,-0.047,0.017,0.25,0.337,0.229,-0.064,-0.398,0,none,0
S00239,Porto,KB-200,57,M,never,0,high,0,26.1,86.4,5.21,5.51,6.4,1.57,1.59,39.3,MB-2.0,0.412,0.899,1.625,-0.729,0.13,-0.887,-1.131,-1.06,-0.034,-0.239,0,none,0
S00240,Leuven,KA-100,64,M,never,0,high,0,31.4,107.3,5.72,4.86,7.5,1.62,2.02,36.2,MB-2.0,0.175,0.931,0.525,0.294,0.492,0.059,0.001,0.116,-0.657,-1.17,0,none,0
S00241,Tartu,KA-100,69,F,never,0,high,0,23.2,71.3,5.5,4.82,,,1.37,29.5,MB-2.0,-0.474,-0.285,-0.207,0.319,-0.381,-0.718,0.48,0.026,-0.253,-0.157,0,none,0
S00242,Leuven,KA-100,64,F,former,0,high,0,27.1,86.1,5.57,6.21,16.6,4.59,1.25,,MB-2.0,0.119,0.391,-0.158,0.847,-0.102,-0.743,0.018,-0.007,0.064,-0.491,0,none,0
S00243,Porto,KB-200,51,F,former,0,high,0,24.0,75.0,5.27,5.51,5.4,1.31,2.19,31.1,MB-2.0,-1.539,-0.591,1.476,-1.317,-0.035,1.174,-1.176,-0.065,-0.183,0.246,0,none,0
S00244,Aarhus,KA-100,67,M,never,1,moderate,0,21.0,68.5,5.95,4.81,,,1.0,21.9,MB-2.0,0.241,-0.005,0.693,1.075,0.519,0.175,-0.647,-0.528,0.086,0.17,0,none,0
S00245,Leuven,KA-100,66,F,current,0,moderate,0,29.3,80.8,5.8,5.5,8.0,1.96,1.5,31.2,MB-2.0,-0.038,-0.284,0.09,0.12,-0.23,0.491,0.282,0.829,-0.693,0.189,0,none,0
S00246,Leuven,KA-100,58,F,never,0,moderate,1,27.1,83.4,5.92,5.35,9.5,2.26,1.65,16.1,MB-2.0,0.045,0.671,0.034,0.089,0.252,-0.917,-0.619,-0.511,-0.036,0.623,0,dietitian,0
S00247,Leuven,KA-100,46,M,never,1,moderate,0,26.3,95.4,5.37,4.43,8.8,1.73,1.7,32.7,MB-2.0,0.177,-0.614,-0.161,-0.613,-0.238,-0.892,0.509,0.092,0.023,-1.205,0,none,0
S00248,Porto,KB-200,50,F,never,0,high,0,21.8,66.4,5.76,5.33,4.0,0.94,2.02,43.7,MB-2.0,1.857,0.323,2.326,0.289,-0.913,0.617,-2.271,-1.624,-0.347,0.839,0,none,0
S00249,Leuven,KA-100,65,F,former,0,high,0,26.7,86.3,5.18,4.75,7.7,1.63,1.9,31.0,MB-2.0,3.255,2.453,2.835,2.39,2.167,-2.361,-2.574,-2.263,1.131,0.357,0,none,0
S00250,Uppsala,KB-200,57,F,former,0,moderate,0,24.3,67.1,5.62,5.53,,,1.63,,MB-2.0,0.993,-0.152,0.799,-1.811,-0.213,1.394,-0.531,-0.831,0.392,0.047,0,dietitian,0
S00251,Aarhus,KA-100,49,F,never,0,high,0,27.5,78.0,5.41,4.77,5.9,1.25,1.65,20.1,MB-2.0,2.541,2.765,3.013,2.929,2.702,-1.559,-1.144,-2.004,-0.374,-0.332,0,none,0
S00252,Porto,KB-200,76,F,former,0,high,0,22.5,65.4,5.17,5.02,2.0,0.45,2.22,35.4,MB-2.0,0.993,0.349,0.106,0.709,-1.942,-1.211,-0.234,0.061,-0.314,0.213,0,none,0
S00253,Uppsala,KB-200,54,M,never,0,high,0,21.1,68.8,5.57,5.02,3.3,0.74,1.75,30.0,MB-2.0,0.156,-0.829,0.516,-0.617,0.843,-0.877,-0.46,-0.621,0.099,0.245,0,none,0
S00254,Aarhus,KA-100,49,M,never,0,high,0,29.2,104.5,5.5,4.94,5.7,1.25,1.79,36.8,MB-2.0,0.754,0.809,0.652,1.362,0.769,-0.762,-0.625,-1.007,-0.783,0.07,0,none,0
S00255,Porto,KB-200,52,F,current,0,high,0,23.4,69.6,5.21,4.87,4.7,1.01,1.74,27.5,MB-2.0,0.289,0.664,2.679,-2.551,-0.509,-2.062,-1.931,-1.683,-0.472,0.08,0,none,0
S00256,Uppsala,KB-200,44,F,never,0,moderate,0,23.8,76.9,5.22,4.47,,,1.74,36.7,MB-2.0,-0.233,-0.524,-0.758,0.529,-0.31,0.375,-0.033,1.303,0.049,-0.376,0,none,0
S00257,Aarhus,KA-100,52,F,former,0,moderate,0,32.7,103.0,5.56,6.65,8.5,2.51,1.6,25.5,MB-2.0,-0.622,-1.403,-1.524,-0.844,-1.078,0.841,1.864,1.124,-0.539,0.332,1,dietitian,1
S00258,Leuven,KA-100,58,M,current,0,high,1,26.8,86.1,5.85,5.69,6.5,1.64,1.52,32.8,MB-2.0,-2.037,-2.65,-2.797,-2.833,-2.042,2.809,2.289,2.3,0.109,-0.171,0,diabetes service,1
S00259,Leuven,KA-100,61,F,never,0,high,0,31.4,88.2,5.89,6.21,3.0,0.83,1.71,26.1,MB-2.0,-2.408,-1.476,-2.974,-2.311,-3.009,1.646,3.111,2.1,0.112,-0.07,1,dietitian,1
S00260,Aarhus,KA-100,72,M,former,0,high,0,21.8,75.7,5.34,5.51,,,1.52,29.3,MB-2.0,-0.073,0.7,0.081,-0.022,-0.741,0.468,-0.478,-0.482,-0.36,0.24,0,none,0
S00261,Leuven,KA-100,62,M,never,1,high,0,26.1,89.2,5.57,5.32,2.4,0.56,1.26,25.6,MB-2.0,0.279,-0.774,-0.336,-0.171,-0.251,0.592,0.815,0.193,-0.772,-0.014,0,none,0
S00262,Uppsala,KB-200,58,F,former,0,high,0,26.6,80.2,5.37,4.61,4.3,0.87,2.16,32.3,MB-2.0,-0.624,-0.745,-0.001,-0.405,-0.64,0.574,0.901,0.163,-1.015,0.295,0,diabetes service,0
S00263,Porto,KB-200,45,F,never,0,low,0,34.2,100.9,5.21,6.58,6.8,1.99,1.56,23.9,MB-2.0,0.199,0.845,0.573,-0.38,0.115,-0.111,-1.32,0.124,-0.616,0.149,0,none,0
S00264,Aarhus,KA-100,61,M,former,0,high,0,27.9,93.0,5.37,5.04,2.2,0.49,1.51,25.4,MB-2.0,0.919,0.595,0.816,0.869,0.587,-0.535,-0.32,-0.008,-0.533,-0.599,0,none,0
S00265,Uppsala,KB-200,59,F,current,0,high,0,26.2,78.0,5.8,5.67,,,2.1,30.9,MB-2.0,0.738,-0.038,0.197,-0.857,0.223,0.277,-0.628,0.65,0.025,-0.384,1,diabetes service,1
S00266,Tartu,KA-100,57,M,former,0,high,0,21.9,73.6,5.45,5.95,4.6,1.23,1.44,24.9,MB-2.0,0.141,0.262,0.342,0.463,-0.002,-0.107,-0.452,0.099,-0.554,0.156,0,none,0
S00267,Aarhus,KA-100,62,M,former,0,high,0,22.2,80.7,5.16,4.9,2.2,0.47,1.86,35.9,MB-2.0,1.308,1.014,1.811,1.481,1.965,-1.55,-1.615,-1.979,-0.219,0.013,0,none,0
S00268,Leuven,KA-100,60,M,never,0,high,0,31.7,113.2,5.61,5.48,2.5,0.61,1.73,28.5,MB-2.0,1.119,0.888,0.388,0.852,-0.055,-0.124,-0.885,-1.002,-0.166,-0.206,0,none,0
S00269,Leuven,KA-100,55,M,never,0,moderate,0,32.3,113.0,5.7,5.74,,,1.63,,MB-2.0,1.36,1.862,1.633,2.761,1.277,-1.482,-2.342,-1.269,-0.259,0.277,0,none,0
S00270,Tartu,KA-100,47,F,never,0,high,0,29.0,81.0,5.18,5.75,,,1.84,30.2,MB-2.0,-0.279,-0.481,-1.534,-0.992,-0.865,0.835,2.008,0.663,-0.877,-0.074,0,none,0
S00271,Tartu,KA-100,55,M,never,0,moderate,0,29.1,93.0,5.26,4.59,2.8,0.57,1.47,28.1,MB-2.0,0.691,0.442,-0.065,0.621,0.115,-0.503,-0.103,0.099,0.237,-0.06,1,none,0
S00272,Uppsala,KB-200,38,F,current,0,moderate,0,29.0,81.9,5.23,6.12,11.7,3.18,2.15,21.9,MB-2.0,-1.139,1.401,0.548,-0.443,0.113,-1.067,-0.838,-0.706,-0.205,0.252,0,none,0
S00273,Aarhus,KA-100,71,M,never,0,high,0,32.8,108.1,5.16,4.65,2.1,0.44,1.25,31.9,MB-2.0,-0.746,-0.662,-0.116,-0.359,-0.597,0.174,0.603,1.096,-0.019,-0.041,0,none,0
S00274,Uppsala,KB-200,62,M,never,0,moderate,1,24.6,89.3,5.19,4.43,3.9,0.76,1.5,40.6,MB-2.0,-1.494,-2.115,-2.111,-3.35,-0.758,0.771,1.017,1.459,-0.426,0.682,0,none,0
S00275,Leuven,KA-100,56,M,former,1,high,0,25.6,91.8,5.37,5.31,2.8,0.66,1.63,32.9,MB-2.0,3.141,2.592,1.709,2.92,2.191,-2.491,-2.729,-2.701,0.293,0.515,0,none,0
S00276,Leuven,KA-100,56,F,never,1,high,0,24.6,70.9,5.72,5.54,10.5,2.59,2.1,31.7,MB-2.0,-0.752,-0.859,-1.22,-0.696,-1.182,1.364,1.802,0.854,0.322,0.149,0,none,0
S00277,Tartu,KA-100,52,F,never,0,high,0,26.9,84.5,5.5,5.3,,,2.26,30.8,MB-2.0,-0.6,-0.092,-0.474,-0.781,-0.226,0.257,-0.756,0.147,-0.76,-0.063,0,none,0
S00278,Uppsala,KB-200,60,F,former,0,moderate,0,22.7,66.7,5.27,5.76,10.0,2.55,1.57,18.7,MB-2.0,0.838,0.238,0.338,0.397,-0.506,-0.314,0.383,-0.014,-0.144,0.171,1,dietitian,1
S00279,Leuven,KA-100,41,F,never,0,high,1,31.7,92.0,5.41,4.68,2.1,0.44,1.66,30.0,MB-2.0,0.397,0.077,0.093,1.027,0.602,-0.816,0.057,-0.886,-0.845,0.158,1,dietitian,1
S00280,Aarhus,KA-100,79,F,former,1,high,0,27.7,81.1,5.64,5.0,6.3,1.41,2.4,33.0,MB-2.0,1.765,1.965,1.654,1.778,1.645,-1.542,-1.355,-1.913,0.351,-0.236,0,none,0
S00281,Leuven,KA-100,77,M,never,1,moderate,0,25.2,82.4,5.34,6.33,3.4,0.97,1.02,,MB-2.0,0.907,0.158,0.181,-0.089,-0.479,-0.745,0.396,-0.759,-0.556,0.076,0,none,0
S00282,Aarhus,KA-100,79,F,never,0,high,0,25.3,73.4,5.27,4.37,2.0,0.39,2.02,28.8,MB-2.0,0.58,1.573,1.052,1.112,1.534,-0.5,-0.335,0.039,-0.585,0.388,0,none,0
S00283,Tartu,KA-100,60,F,never,1,high,0,31.3,94.3,5.98,4.95,14.4,3.17,1.92,20.8,MB-2.0,2.901,1.2,2.817,1.528,2.235,-1.549,-1.151,-1.827,-0.124,-0.463,0,none,0
S00284,Tartu,KA-100,55,M,never,0,high,1,27.3,91.0,5.39,5.15,2.9,0.66,1.22,24.1,MB-2.0,0.337,0.504,0.865,0.358,0.271,-0.558,0.282,-0.434,0.399,-0.385,0,dietitian,0
S00285,Porto,KB-200,64,F,former,0,low,0,27.0,83.1,5.81,5.75,4.8,1.23,1.83,34.5,MB-2.0,0.163,-0.064,-0.303,0.244,0.29,0.771,-0.458,0.455,0.031,-0.07,0,none,0
S00286,Aarhus,KA-100,54,M,never,0,moderate,0,28.3,94.3,5.3,5.37,3.9,0.93,1.43,36.2,MB-2.0,-1.447,-0.503,-0.926,-0.367,-0.794,1.416,0.319,0.62,-0.5,0.377,0,none,0
S00287,Uppsala,KB-200,66,F,never,0,high,0,31.3,89.6,5.72,5.44,8.9,2.14,1.8,25.2,MB-2.0,0.85,0.168,3.537,0.085,2.032,-1.196,-2.841,-3.114,-0.123,0.398,0,none,0
S00288,Porto,KB-200,61,M,current,0,moderate,0,26.6,93.2,5.15,5.57,7.8,1.94,1.54,45.9,MB-2.0,-0.608,-0.588,1.863,0.537,1.881,-0.284,-2.116,-1.76,-0.732,-0.141,1,none,0
S00289,Aarhus,KA-100,43,M,former,1,high,0,27.2,98.3,5.34,4.91,,,1.67,30.5,MB-2.0,0.454,0.613,0.684,0.167,1.135,-0.478,-0.998,-0.815,-0.19,0.622,0,none,0
S00290,Aarhus,KA-100,49,M,never,0,high,0,25.3,83.7,5.69,4.98,9.9,2.18,1.58,26.0,MB-2.0,-1.144,-1.71,-1.896,-1.563,-1.695,1.657,1.862,2.163,0.466,-0.199,1,dietitian,1
S00291,Aarhus,KA-100,60,F,current,0,high,0,29.8,93.3,5.46,4.45,4.6,0.91,1.6,32.6,MB-2.0,1.148,1.226,1.221,1.151,0.733,-0.87,-1.518,-1.33,-0.07,-0.061,0,none,0
S00292,Leuven,KA-100,49,M,never,0,high,0,29.7,98.4,5.33,5.26,6.3,1.48,1.2,24.3,MB-2.0,-0.758,0.028,-0.466,-0.55,0.125,-0.097,0.669,0.147,-0.031,0.363,0,none,0
S00293,Aarhus,KA-100,66,M,never,0,high,0,21.7,79.9,5.42,4.34,2.3,0.45,1.7,21.5,MB-2.0,-1.878,-2.017,-1.907,-1.887,-1.913,1.864,1.657,1.385,-0.378,0.158,0,none,0
S00294,Aarhus,KA-100,57,F,former,0,high,0,24.1,71.2,5.42,4.88,5.3,1.15,1.48,15.6,MB-2.0,1.033,1.068,1.236,0.653,0.879,-1.265,-0.715,-1.035,0.245,0.518,0,none,0
S00295,Tartu,KA-100,62,M,former,0,high,0,27.0,93.6,5.53,5.38,2.1,0.49,1.63,14.9,MB-2.0,0.917,1.294,-0.248,1.002,1.318,-1.606,-1.246,-0.477,0.657,0.009,0,none,0
S00296,Porto,KB-200,44,F,never,0,high,0,26.0,77.3,5.54,4.39,,,1.45,28.1,MB-2.0,-0.918,0.267,0.644,-1.514,-0.935,0.254,-0.877,-1.183,0.039,0.408,0,none,0
S00297,Uppsala,KB-200,63,M,never,0,high,0,20.3,68.5,5.38,4.86,,,1.7,34.9,MB-2.0,0.305,0.871,2.003,-2.481,0.465,1.028,-2.266,-1.72,-0.166,-0.363,0,none,0
S00298,Tartu,KA-100,73,F,current,0,high,0,22.7,65.2,5.22,5.1,3.0,0.67,1.78,23.8,MB-2.0,0.477,0.799,0.5,0.788,0.365,-1.065,0.067,-0.463,-0.363,0.442,0,none,0
S00299,Uppsala,KB-200,45,F,former,0,moderate,1,25.4,72.9,5.78,6.15,2.5,0.69,1.52,29.7,MB-2.0,-0.982,-1.534,1.873,-2.159,-0.27,0.339,-1.742,-1.383,-0.186,0.787,0,none,0
S00300,Aarhus,KA-100,68,F,never,0,high,0,22.5,69.0,5.46,5.27,6.5,1.53,1.16,44.9,MB-2.0,0.825,2.07,1.482,1.177,2.414,-2.497,-1.708,-0.646,0.543,-0.304,0,dietitian,0
S00301,Aarhus,KA-100,59,F,former,1,high,0,35.5,96.8,5.48,5.97,9.6,2.55,1.57,,MB-2.0,0.456,-0.322,-0.272,0.436,-0.109,-0.561,-0.073,0.097,0.827,0.208,1,diabetes service,1
S00302,Porto,KB-200,49,F,former,0,moderate,0,20.9,67.1,5.39,4.35,10.3,1.99,2.08,22.3,MB-2.0,0.025,-0.025,-0.712,-1.091,-0.001,1.806,0.397,1.03,0.416,-0.229,0,dietitian,0
S00303,Uppsala,KB-200,60,F,former,0,moderate,0,21.6,67.1,6.02,4.63,2.2,0.45,2.31,22.4,MB-2.0,-0.684,0.71,0.727,1.061,-0.775,1.509,0.116,-0.415,-0.499,0.03,0,none,0
S00304,Leuven,KA-100,55,M,former,0,moderate,0,21.9,72.4,5.41,6.14,5.9,1.6,1.45,17.1,MB-2.0,1.029,2.098,1.867,2.332,2.355,-1.219,-2.063,-1.831,-0.406,0.265,0,diabetes service,0
S00305,Uppsala,KB-200,57,M,never,0,high,0,25.7,92.9,5.22,5.44,4.9,1.19,1.59,31.1,MB-2.0,-0.938,1.628,-0.787,-1.319,0.355,0.6,0.956,0.718,0.102,-0.067,0,none,0
S00306,Uppsala,KB-200,60,M,former,1,high,0,24.0,85.3,5.2,4.58,3.4,0.7,1.7,33.0,MB-2.0,0.901,-0.987,-0.54,-3.375,-0.063,-1.341,0.214,-0.667,0.03,-0.21,0,none,0
S00307,Tartu,KA-100,65,F,former,1,high,0,22.1,69.4,5.23,5.73,8.3,2.1,1.36,21.1,MB-2.0,0.777,2.728,2.732,2.378,2.898,-1.913,-0.892,-0.793,0.3,0.332,0,none,0
S00308,Leuven,KA-100,54,F,never,1,high,0,19.3,65.9,5.29,4.78,5.6,1.19,1.99,28.8,MB-2.0,2.389,2.742,1.879,2.755,2.876,-2.778,-2.066,-2.975,0.242,0.379,0,none,0
S00309,Porto,KB-200,73,F,former,1,high,0,20.2,65.6,5.23,5.07,8.5,1.91,1.74,37.7,MB-2.0,-1.092,0.493,2.043,-1.971,-0.975,-0.942,-1.416,-1.969,-0.332,0.075,0,none,0
S00310,Uppsala,KB-200,60,F,never,0,high,1,21.3,65.1,5.39,4.79,3.3,0.7,1.79,25.6,MB-2.0,-0.78,0.958,0.744,2.452,-1.464,0.106,-0.472,-0.463,-0.237,0.003,0,none,0
S00311,Porto,KB-200,58,F,never,0,high,0,21.8,66.6,6.02,5.5,9.1,2.22,1.67,39.7,MB-2.0,-0.99,-0.018,1.618,-1.35,-0.05,-0.82,-0.935,-1.419,-0.823,-0.182,0,diabetes service,0
S00312,Tartu,KA-100,48,M,never,1,high,0,30.4,96.7,5.94,5.62,,,1.46,31.7,MB-2.0,-0.027,-0.856,-0.454,-0.611,-0.304,0.59,0.916,0.645,-0.413,0.189,0,none,0
S00313,Uppsala,KB-200,65,M,never,0,moderate,0,27.7,85.5,5.47,4.83,8.5,1.82,2.25,28.2,MB-2.0,-1.16,-1.466,-0.641,-0.157,-1.185,0.632,0.188,-0.364,-0.174,-0.192,0,none,0
S00314,Aarhus,KA-100,45,F,former,0,high,0,26.4,76.2,5.77,4.37,3.4,0.66,1.81,30.5,MB-2.0,0.965,0.613,1.283,1.491,1.645,-1.27,-1.711,-1.484,0.211,0.536,0,none,0
S00315,Uppsala,KB-200,66,M,current,0,high,0,27.3,94.0,5.56,4.73,8.3,1.74,1.47,17.8,MB-2.0,-1.337,-1.249,-1.325,-0.66,-0.168,0.755,1.614,1.45,0.008,0.528,0,diabetes service,0
S00316,Uppsala,KB-200,68,M,current,0,high,0,25.0,91.6,5.89,5.61,,,1.31,32.3,MB-2.0,0.244,2.174,3.058,1.727,0.408,-0.013,-1.149,-2.13,0.068,-0.226,0,none,0
S00317,Uppsala,KB-200,55,M,former,0,moderate,1,24.7,78.5,5.81,5.71,6.1,1.55,1.5,26.2,MB-2.0,0.959,-0.398,1.674,-1.758,-0.313,0.889,-1.507,-0.716,-0.153,0.136,0,none,0
S00318,Aarhus,KA-100,61,M,former,0,high,0,26.6,89.5,5.26,4.99,8.0,1.76,1.79,32.6,MB-2.0,0.947,0.808,1.311,0.474,0.468,-0.891,-1.299,-0.436,-0.126,-0.043,0,none,0
S00319,Porto,KB-200,55,M,former,1,high,1,19.3,73.1,5.25,4.69,7.0,1.47,1.33,25.6,MB-2.0,-1.248,-1.202,0.41,-1.373,0.042,0.778,-0.338,-1.019,0.339,0.231,0,none,0
S00320,Uppsala,KB-200,65,M,former,0,high,0,28.7,95.9,5.19,4.88,8.4,1.81,1.36,12.2,MB-2.0,0.624,0.802,-0.931,-2.945,-0.964,0.309,1.233,0.213,0.006,0.304,0,none,0
S00321,Tartu,KA-100,52,M,never,0,high,0,27.1,88.9,5.16,4.96,2.6,0.57,1.76,28.2,MB-2.0,1.084,1.508,1.62,2.119,2.078,-0.823,-1.177,-2.058,0.371,0.069,0,none,0
S00322,Leuven,KA-100,40,M,current,0,high,0,20.2,80.4,5.43,5.0,4.3,0.96,1.91,20.3,MB-2.0,0.694,1.811,0.89,1.899,1.178,-1.143,-1.678,-1.396,0.061,0.213,0,none,0
S00323,Uppsala,KB-200,70,M,former,0,high,0,21.0,71.1,5.16,5.06,4.1,0.92,1.9,28.7,MB-2.0,-0.227,0.823,0.552,0.746,0.07,-0.11,-1.248,-0.385,0.085,-0.198,0,none,0
S00324,Leuven,KA-100,59,M,former,0,high,0,25.1,87.3,5.59,5.79,2.1,0.54,0.98,36.6,MB-2.0,1.231,1.069,0.673,1.072,0.657,0.347,-0.716,-0.693,-0.388,-0.538,0,none,0
S00325,Tartu,KA-100,41,F,former,0,high,0,22.8,65.4,5.49,4.66,7.2,1.49,2.17,28.0,MB-2.0,1.994,2.088,2.414,2.291,1.791,-1.734,-1.843,-1.673,-0.835,-0.561,0,none,0
S00326,Aarhus,KA-100,72,F,former,0,moderate,0,23.2,71.5,5.35,5.01,,,1.78,25.4,MB-2.0,0.525,0.539,0.516,-0.529,0.652,-0.691,0.147,-0.012,0.71,0.553,0,diabetes service,0
S00327,Tartu,KA-100,68,M,never,0,high,0,36.8,118.4,5.83,5.19,3.6,0.83,1.49,32.6,MB-2.0,1.99,1.519,2.311,2.323,2.899,-1.842,-1.865,-1.952,-0.396,0.412,0,none,0
S00328,Tartu,KA-100,49,F,never,0,high,0,24.8,74.3,5.25,5.17,2.8,0.65,2.43,24.3,MB-2.0,0.827,0.914,1.061,0.956,0.902,-0.776,-0.884,-0.08,0.278,-0.008,0,none,0
S00329,Aarhus,KA-100,50,F,former,0,moderate,0,28.8,82.7,5.4,5.69,,,1.65,17.2,MB-2.0,-0.399,0.195,0.073,0.1,0.667,-0.565,0.433,-0.099,-0.343,-0.245,0,none,0
S00330,Uppsala,KB-200,54,F,former,0,high,0,23.2,75.0,5.35,4.3,2.3,0.44,1.76,37.2,MB-2.0,-0.315,-0.376,1.167,-1.112,-0.985,-0.505,-2.007,-0.853,-0.013,-0.257,0,none,0
S00331,Porto,KB-200,45,F,former,0,moderate,0,22.4,73.4,5.19,4.56,2.6,0.52,2.28,31.8,MB-2.0,-1.161,1.247,1.52,-1.535,0.526,0.607,-1.504,-0.462,-0.115,-0.092,0,none,0
S00332,Uppsala,KB-200,61,F,never,0,high,0,19.9,66.4,5.2,4.72,2.3,0.49,2.08,38.4,MB-2.0,1.659,0.406,1.93,0.567,0.058,-0.326,-2.23,-1.484,0.43,-0.445,0,none,0
S00333,Tartu,KA-100,66,M,former,0,moderate,0,31.2,105.4,5.49,6.1,16.7,4.54,1.51,25.8,MB-2.0,-0.199,-0.196,-0.104,-0.747,-0.832,0.114,-0.085,-0.354,-0.79,-0.051,1,diabetes service,1
S00334,Aarhus,KA-100,65,M,current,0,high,1,29.7,97.0,5.53,4.49,5.2,1.03,2.01,40.5,MB-2.0,1.524,1.345,1.543,1.415,1.939,-1.966,-1.975,-0.414,0.718,0.67,0,none,0
S00335,Leuven,KA-100,40,F,never,1,high,0,25.8,73.5,5.61,4.5,9.7,1.95,1.5,31.2,MB-2.0,-1.583,-1.248,-2.269,-2.339,-1.694,1.551,1.762,1.596,0.107,0.537,0,dietitian,0
S00336,Uppsala,KB-200,59,M,never,0,high,0,27.2,77.0,5.16,4.42,5.5,1.07,1.26,37.0,MB-2.0,0.64,-0.387,1.248,-0.866,-0.2,-0.342,-1.016,-2.01,-0.109,-0.408,0,none,0
S00337,Aarhus,KA-100,58,M,never,0,high,0,25.9,87.0,5.42,5.71,3.1,0.79,1.87,27.2,MB-2.0,-1.075,-1.078,-1.421,-1.637,-0.726,0.246,0.848,0.311,-0.497,0.134,0,none,0
S00338,Aarhus,KA-100,55,M,never,0,high,0,23.4,82.4,5.42,4.95,3.0,0.65,1.66,31.7,MB-2.0,1.774,1.985,0.619,1.465,1.501,-1.43,-1.047,-0.794,-0.106,-0.44,0,none,0
S00339,Aarhus,KA-100,62,F,never,0,high,0,29.8,85.6,5.48,4.73,9.2,1.94,1.94,13.8,MB-2.0,-0.11,-0.209,-0.392,-0.342,0.766,0.807,0.045,-0.566,-0.474,-0.006,0,none,0
S00340,Leuven,KA-100,65,F,former,0,moderate,0,23.8,65.3,5.57,5.41,6.7,1.6,1.64,30.9,MB-2.0,-2.432,-3.059,-2.008,-2.822,-1.928,1.821,2.263,2.045,-0.097,-0.135,0,none,0
S00341,Leuven,KA-100,71,M,former,0,high,1,27.1,90.2,5.28,5.01,6.2,1.37,2.05,22.7,MB-2.0,0.31,0.413,-0.402,0.535,-0.227,0.162,0.042,-0.173,0.027,0.287,0,none,0
S00342,Tartu,KA-100,62,M,former,0,high,0,31.8,99.1,5.77,4.7,5.7,1.18,1.44,23.0,MB-2.0,1.283,1.21,1.393,1.191,1.471,-1.431,-0.801,-1.658,-0.156,-0.518,0,none,0
S00343,Leuven,KA-100,55,F,former,0,moderate,0,28.4,76.6,5.3,4.75,,,1.64,28.9,MB-2.0,-1.65,-1.065,-0.933,-1.318,-0.214,0.933,1.575,1.189,-0.187,-0.03,0,none,0
S00344,Aarhus,KA-100,42,F,never,0,high,1,24.1,69.0,5.34,5.35,2.1,0.51,2.23,21.2,MB-2.0,-0.809,-1.23,-0.83,-1.381,-0.547,0.308,0.899,1.351,-0.503,0.24,0,none,0
S00345,Aarhus,KA-100,48,F,never,0,moderate,0,28.5,83.6,5.8,5.7,6.4,1.63,1.6,29.3,MB-2.0,0.22,1.046,1.57,1.532,1.304,-0.647,-1.098,-0.956,-0.278,0.31,1,dietitian,0
S00346,Leuven,KA-100,69,F,former,1,high,0,23.4,71.1,5.37,4.65,2.7,0.56,1.67,37.7,MB-2.0,-0.371,0.026,-0.821,-0.816,-0.486,0.365,0.46,0.797,-0.138,-0.422,0,none,0
S00347,Tartu,KA-100,53,F,former,0,high,0,27.6,83.8,5.79,6.1,11.9,3.24,1.14,27.3,MB-2.0,0.188,1.0,1.539,1.492,0.701,0.024,-0.65,-0.735,-0.211,0.201,0,dietitian,0
S00348,Porto,KB-200,50,F,never,0,high,0,26.9,85.7,5.32,4.74,5.9,1.25,2.4,34.5,MB-2.0,-0.616,-0.112,1.299,2.277,0.118,0.744,-1.388,-2.051,0.606,-0.038,0,none,0
S00349,Porto,KB-200,57,M,former,0,high,0,27.5,83.5,5.68,5.01,8.9,1.99,1.51,36.6,MB-2.0,0.382,-0.834,1.976,-2.334,0.403,-0.286,-2.159,-1.553,0.93,0.405,0,none,0
S00350,Aarhus,KA-100,63,M,current,0,moderate,0,28.9,98.2,5.24,4.53,,,1.28,22.9,MB-2.0,-2.729,-3.477,-3.55,-2.898,-3.485,3.283,3.863,4.221,0.96,0.432,1,diabetes service,1
S00351,Tartu,KA-100,45,F,current,0,moderate,0,27.0,86.6,5.6,5.78,11.2,2.88,1.72,24.5,MB-2.0,0.856,0.38,0.323,0.819,1.114,-0.526,-0.773,-0.938,0.277,-0.142,0,none,0
S00352,Porto,KB-200,48,M,former,0,moderate,1,24.4,83.6,5.52,5.33,4.0,0.95,1.84,40.3,MB-2.0,1.116,0.288,0.986,-2.512,-0.747,2.109,-0.329,-0.814,0.676,-0.265,0,none,0
S00353,Tartu,KA-100,74,F,never,0,high,0,28.4,78.2,5.87,5.07,9.2,2.07,1.84,29.4,MB-2.0,-0.765,-0.831,-0.543,0.261,-0.709,0.564,1.044,-0.166,-0.247,-0.209,0,dietitian,0
S00354,Aarhus,KA-100,63,F,former,0,moderate,0,26.2,74.1,5.32,5.32,,,2.05,28.4,MB-2.0,2.228,2.222,2.745,1.751,2.043,-1.929,-3.248,-1.863,0.092,-0.226,0,none,0
S00355,Tartu,KA-100,59,F,never,0,moderate,0,30.4,90.4,5.37,5.88,,,2.24,29.9,MB-2.0,-1.935,-1.12,-1.61,-1.733,-1.648,0.546,2.336,1.976,0.412,0.271,1,diabetes service,1
S00356,Aarhus,KA-100,61,M,never,0,high,0,22.1,83.1,5.59,5.9,8.2,2.14,1.56,36.7,MB-2.0,3.443,1.917,2.27,2.383,2.371,-1.934,-2.547,-2.014,0.199,0.859,0,none,0
S00357,Tartu,KA-100,51,F,never,0,high,1,32.9,101.4,5.41,4.73,7.7,1.61,1.72,18.7,MB-2.0,2.897,3.004,2.855,2.283,3.116,-2.381,-2.597,-2.94,0.354,-0.297,1,none,0
S00358,Tartu,KA-100,65,F,former,0,high,0,29.1,79.9,5.6,5.34,4.1,0.97,1.52,13.9,MB-2.0,1.358,1.784,1.336,2.041,1.513,-1.859,-1.758,-1.867,0.63,0.132,0,none,0
S00359,Tartu,KA-100,54,F,current,0,moderate,0,31.3,98.2,5.18,5.96,5.0,1.33,1.79,26.2,MB-2.0,2.283,2.559,2.603,2.596,2.556,-2.816,-1.681,-2.125,0.226,-0.426,0,none,0
S00360,Uppsala,KB-200,53,M,former,0,high,0,29.8,94.1,5.67,5.44,6.7,1.62,1.19,25.9,MB-2.0,-0.1,1.678,2.082,-2.677,-0.98,-0.602,-1.465,-0.633,0.603,0.145,0,none,0
S00361,Uppsala,KB-200,56,F,former,0,moderate,0,25.9,77.7,5.58,4.86,2.5,0.54,1.79,33.8,MB-2.0,-2.613,-1.263,0.02,-1.205,-1.122,-0.365,0.968,0.509,0.273,0.146,0,none,0
S00362,Porto,KB-200,66,F,former,0,high,0,23.5,68.3,5.73,4.7,7.3,1.53,2.15,28.0,MB-2.0,-1.412,-0.104,0.364,-0.58,0.307,0.418,-1.668,-1.099,0.629,-0.124,0,none,0
S00363,Porto,KB-200,51,M,former,0,moderate,0,27.4,92.0,5.19,5.15,6.2,1.43,1.83,32.0,MB-2.0,-1.206,-0.787,0.568,0.042,-1.439,-1.247,-0.941,-0.083,-0.678,0.093,0,dietitian,0
S00364,Aarhus,KA-100,47,M,never,0,high,0,28.2,93.5,5.43,4.83,2.3,0.5,1.95,30.8,MB-2.0,0.532,0.598,-0.509,-0.215,0.257,0.185,0.203,-0.053,-0.368,0.089,0,none,0
S00365,Aarhus,KA-100,49,F,current,1,low,0,33.3,95.3,5.71,6.53,12.0,3.48,0.98,26.4,MB-2.0,0.795,1.252,0.099,1.657,1.242,-0.394,-1.103,-1.498,-0.08,0.407,0,none,0
S00366,Porto,KB-200,52,F,former,0,moderate,0,24.1,71.7,6.03,6.08,10.9,2.95,1.56,25.2,MB-2.0,-1.052,2.53,0.703,-0.563,0.985,-0.117,-0.238,-1.511,-0.636,-0.108,0,none,0
S00367,Aarhus,KA-100,69,M,never,0,high,0,27.6,89.2,5.61,4.3,4.0,0.76,1.65,37.4,MB-2.0,-1.15,-1.359,-1.189,-1.138,-1.974,0.875,0.86,1.901,0.257,-0.277,0,none,0
S00368,Uppsala,KB-200,66,F,current,0,moderate,0,20.7,72.7,5.26,4.99,10.1,2.25,1.57,24.9,MB-2.0,1.968,0.492,4.118,-1.244,0.506,0.475,-3.245,-3.145,-0.558,-0.256,0,none,0
S00369,Aarhus,KA-100,55,M,never,0,high,0,27.2,87.8,5.52,5.36,3.2,0.75,1.35,14.8,MB-2.0,-0.843,-1.175,-0.371,-1.225,-0.94,0.728,1.356,0.602,1.046,-0.341,0,none,0
S00370,Tartu,KA-100,52,F,current,0,low,0,29.9,86.2,5.2,5.57,6.6,1.63,1.24,28.6,MB-2.0,0.007,-0.135,0.095,-0.353,0.515,0.263,-0.224,-0.412,0.054,0.047,0,none,0
S00371,Porto,KB-200,56,M,never,0,moderate,0,23.2,72.6,5.6,4.58,2.1,0.43,1.31,27.5,MB-2.0,-0.673,0.102,0.874,-0.956,-0.256,-0.278,-1.505,-0.885,-0.276,0.426,0,none,0
S00372,Leuven,KA-100,47,M,never,0,high,0,28.2,97.4,5.59,6.26,6.5,1.8,1.16,26.8,MB-2.0,-1.941,-1.773,-1.862,-1.93,-1.655,1.5,2.489,1.202,0.052,-0.126,1,diabetes service,1
S00373,Uppsala,KB-200,35,F,never,0,high,0,28.2,86.7,5.17,4.54,4.7,0.94,1.79,30.8,MB-2.0,0.129,0.752,2.409,-1.853,-0.277,-1.627,-2.468,-1.329,-0.101,-0.293,1,none,0
S00374,Uppsala,KB-200,46,M,never,0,high,0,26.3,89.6,5.15,4.63,8.1,1.66,1.81,34.3,MB-2.0,-1.591,-0.092,0.0,-3.007,-0.874,1.038,0.67,0.007,-0.203,0.529,0,none,0
S00375,Uppsala,KB-200,38,M,never,1,moderate,0,29.9,97.8,5.28,6.13,4.1,1.12,1.17,19.6,MB-2.0,0.328,2.123,0.963,-0.899,-0.635,-0.373,-1.111,-0.874,-0.161,-0.541,0,none,0
S00376,Leuven,KA-100,55,F,never,0,moderate,0,26.1,69.9,5.43,5.52,4.3,1.05,1.57,33.9,MB-2.0,-0.696,-0.941,-1.544,-1.313,-0.829,1.128,-0.041,0.604,-0.513,0.054,0,none,0
S00377,Uppsala,KB-200,60,M,former,0,high,0,25.4,87.0,5.63,4.57,4.3,0.88,1.64,18.5,MB-2.0,0.552,-0.738,0.656,-0.54,-0.182,-0.855,-0.852,-1.013,-0.237,-0.019,0,none,0
S00378,Tartu,KA-100,55,M,never,0,high,0,21.6,88.1,5.24,5.33,4.2,0.99,1.64,36.2,MB-2.0,-0.404,-0.544,0.003,0.323,-0.385,-0.201,0.556,0.007,0.294,-1.118,0,none,0
S00379,Tartu,KA-100,52,M,former,0,high,0,27.7,90.3,5.51,6.4,4.0,1.14,1.55,20.5,MB-2.0,1.306,1.449,1.495,1.303,1.226,-1.051,-0.952,-0.786,-0.454,-0.165,0,none,0
S00380,Uppsala,KB-200,70,F,never,1,high,0,24.5,72.2,5.25,4.66,5.7,1.19,1.69,34.8,MB-2.0,-0.333,0.576,2.056,-0.226,1.148,0.352,-0.468,-1.355,0.109,-0.258,0,none,0
S00381,Porto,KB-200,39,M,never,0,high,0,24.9,87.3,5.3,5.11,3.1,0.7,2.0,31.1,MB-2.0,-1.163,1.012,-0.98,-0.561,0.332,0.309,0.584,0.447,-0.14,-0.205,0,none,0
S00382,Tartu,KA-100,64,F,former,0,high,1,21.5,66.1,5.35,5.49,8.2,2.01,1.67,32.1,MB-2.0,2.435,2.028,2.025,2.408,2.154,-1.881,-2.444,-1.649,-0.669,-0.721,0,none,0
S00383,Porto,KB-200,56,F,never,1,moderate,0,28.2,79.6,5.84,5.52,,,1.6,25.7,MB-2.0,1.0,-0.508,-1.014,-0.11,0.498,-0.677,0.23,0.584,-0.742,0.728,0,dietitian,0
S00384,Leuven,KA-100,52,F,former,0,high,0,19.8,68.9,5.59,4.57,4.6,0.93,1.75,25.9,MB-2.0,2.148,2.466,2.448,2.212,1.972,-2.029,-1.959,-2.621,-0.653,0.229,0,none,0
S00385,Porto,KB-200,67,F,never,1,low,0,27.1,84.8,6.31,5.67,13.6,3.42,1.39,30.6,MB-2.0,-0.058,-0.553,-1.223,-2.416,0.194,-0.008,0.834,-0.004,0.324,0.289,0,dietitian,0
S00386,Uppsala,KB-200,68,F,never,0,high,0,27.9,82.2,5.53,5.7,2.1,0.54,1.46,40.6,MB-2.0,-0.288,-0.707,0.597,0.415,0.638,0.254,-0.132,0.069,0.556,0.117,0,none,0
S00387,Porto,KB-200,57,F,former,1,moderate,0,26.9,89.3,5.52,5.44,6.6,1.61,1.59,28.4,MB-2.0,-2.073,0.377,-0.085,-0.415,-0.413,0.348,0.645,0.814,0.199,0.462,0,dietitian,0
S00388,Aarhus,KA-100,53,F,former,0,moderate,0,28.5,78.6,5.49,5.35,5.0,1.2,1.76,28.2,MB-2.0,1.731,2.293,1.598,1.294,2.145,-2.019,-1.301,-1.289,0.521,0.467,0,none,0
S00389,Aarhus,KA-100,52,F,never,0,high,0,22.8,76.2,5.76,4.49,14.1,2.81,1.23,34.9,MB-2.0,-1.378,-0.792,-1.049,-1.255,-1.488,1.504,0.794,0.784,-0.479,0.759,0,none,0
S00390,Leuven,KA-100,74,M,never,0,high,0,30.7,99.3,5.53,4.75,,,1.22,22.3,MB-2.0,0.967,1.499,0.019,1.211,0.691,-0.398,-0.113,-0.627,0.408,-0.684,0,none,0
S00391,Porto,KB-200,50,F,never,0,high,0,24.2,76.3,5.46,4.83,2.1,0.45,1.69,34.4,MB-2.0,-2.124,0.839,-0.073,-1.065,-0.24,-0.151,0.33,0.487,0.194,-0.062,1,diabetes service,1
S00392,Leuven,KA-100,59,M,never,1,high,0,30.4,99.5,5.91,5.26,6.4,1.49,1.44,29.0,MB-2.0,0.581,1.295,0.838,0.812,1.403,-0.798,-1.722,-1.196,-0.456,-0.186,0,none,0
S00393,Uppsala,KB-200,73,M,never,0,moderate,0,26.1,95.5,5.54,5.52,6.1,1.5,1.01,31.8,MB-2.0,-0.154,-0.464,1.196,1.249,-0.279,-0.525,-0.312,-0.905,0.24,-0.606,1,none,0
S00394,Porto,KB-200,56,F,never,0,high,0,25.2,81.8,5.37,4.6,,,1.76,,MB-2.0,0.831,0.604,-1.165,1.1,0.294,0.605,1.085,0.491,0.362,-0.182,0,none,0
S00395,Tartu,KA-100,54,M,former,0,high,0,23.6,77.8,5.46,4.53,8.1,1.64,1.44,24.3,MB-2.0,3.545,2.963,3.66,3.312,3.513,-3.658,-2.954,-3.27,0.384,0.06,0,none,0
S00396,Leuven,KA-100,52,M,former,0,high,0,26.2,87.6,5.96,5.12,6.8,1.55,1.69,23.4,MB-2.0,2.2,2.338,1.972,1.696,1.686,-1.327,-1.625,-1.365,-0.166,0.243,0,none,0
S00397,Uppsala,KB-200,68,F,never,0,high,0,27.4,72.5,5.53,5.01,2.9,0.65,1.42,20.5,MB-2.0,-2.237,0.6,1.206,0.514,0.941,0.997,-1.271,-0.382,0.094,-0.455,0,none,0
S00398,Leuven,KA-100,62,M,never,0,high,0,26.8,89.1,5.33,5.75,3.7,0.95,1.96,38.4,MB-2.0,1.355,0.614,0.252,0.939,1.594,-1.001,-0.513,-0.984,0.873,0.648,0,none,0
S00399,Leuven,KA-100,46,F,never,0,high,0,25.4,70.8,5.47,5.24,6.8,1.59,2.01,29.2,MB-2.0,0.638,0.54,0.371,-0.198,0.07,0.539,-0.149,0.017,-0.207,-0.433,0,none,0
S00400,Leuven,KA-100,63,F,former,0,high,0,27.4,80.4,5.66,5.6,5.9,1.48,1.8,30.8,MB-2.0,1.58,1.181,2.291,2.089,1.716,-1.399,-1.717,-2.092,0.388,0.137,0,none,0
S00401,Leuven,KA-100,58,M,never,1,high,0,35.5,121.3,5.9,5.15,4.7,1.08,1.36,21.9,MB-2.0,-0.059,-0.335,0.8,0.288,-0.296,0.203,-0.026,-0.165,-0.038,0.036,0,none,0
S00402,Aarhus,KA-100,68,F,never,0,high,0,29.5,80.5,5.28,5.45,5.0,1.2,1.26,32.1,MB-2.0,-1.06,-0.177,-0.561,-0.516,0.114,0.707,0.471,0.052,0.13,-0.043,0,none,0
S00403,Uppsala,KB-200,39,F,former,0,high,0,22.0,76.1,5.23,5.1,6.8,1.54,2.28,44.0,MB-2.0,-2.171,-0.024,1.478,-1.101,-1.334,0.123,-0.732,-1.407,-0.017,0.021,0,none,0
S00404,Aarhus,KA-100,54,F,never,1,high,0,32.3,85.4,5.53,6.36,8.3,2.36,1.55,25.1,MB-2.0,0.435,-0.421,0.445,0.165,0.423,-0.644,-0.314,-0.449,-0.269,0.552,0,none,0
S00405,Tartu,KA-100,53,M,never,1,high,0,27.5,88.1,5.23,5.72,3.5,0.9,1.52,34.5,MB-2.0,-0.025,0.756,1.2,0.887,0.837,-0.749,-0.799,0.093,0.461,0.094,0,dietitian,0
S00406,Leuven,KA-100,52,M,never,0,high,0,28.0,87.1,5.49,4.62,8.2,1.68,1.79,25.6,MB-2.0,3.675,4.009,3.738,4.867,3.116,-4.079,-3.514,-3.064,-0.197,0.102,1,none,0
S00407,Uppsala,KB-200,43,M,former,0,high,0,23.3,84.1,5.62,5.24,4.7,1.09,1.39,19.3,MB-2.0,0.562,-0.551,-1.526,-2.645,0.0,1.228,1.666,2.038,0.2,0.064,0,diabetes service,0
S00408,Leuven,KA-100,63,F,never,0,low,0,29.0,83.6,5.94,6.09,6.7,1.83,1.61,,MB-2.0,-1.319,-0.111,-0.243,-0.15,-0.787,0.213,-0.397,0.184,-0.069,0.412,0,none,0
S00409,Leuven,KA-100,66,F,never,0,high,0,20.9,68.5,5.39,4.48,5.9,1.17,1.48,15.0,MB-2.0,0.99,1.148,0.794,1.349,0.562,-0.496,-0.604,-0.927,0.292,0.129,0,none,0
S00410,Aarhus,KA-100,56,F,former,0,high,0,26.1,76.9,5.65,5.73,5.7,1.46,1.91,16.3,MB-2.0,-1.25,-0.689,-1.064,-0.84,0.174,1.074,0.564,1.09,-0.127,-0.204,1,diabetes service,1
S00411,Uppsala,KB-200,54,F,current,0,high,0,20.9,65.4,5.15,5.32,2.7,0.64,2.05,36.3,MB-2.0,-1.815,0.46,0.886,-2.825,0.28,0.177,0.17,-0.955,-0.312,-0.15,1,none,0
S00412,Uppsala,KB-200,44,F,former,0,high,0,22.4,71.3,6.05,5.1,6.0,1.35,1.67,38.7,MB-2.0,-0.943,0.542,-0.07,-1.295,-1.127,0.868,0.334,0.63,0.012,-0.96,0,none,0
S00413,Leuven,KA-100,64,F,former,0,high,0,28.9,80.1,5.5,4.85,4.8,1.03,2.18,37.8,MB-2.0,2.072,2.071,2.201,1.663,1.62,-1.674,-1.819,-1.298,-0.709,0.66,0,none,0
S00414,Tartu,KA-100,64,F,never,0,high,0,22.1,66.4,5.32,4.36,2.0,0.39,2.52,24.5,MB-2.0,1.695,2.574,1.475,1.731,1.546,-1.75,-1.757,-2.121,0.475,-0.894,0,none,0
S00415,Aarhus,KA-100,62,M,never,1,high,0,27.0,96.9,5.55,5.32,,,1.88,28.0,MB-2.0,0.49,1.085,0.364,1.614,1.052,-1.323,-0.842,-0.386,-0.72,-0.022,0,none,0
S00416,Leuven,KA-100,46,M,former,0,high,0,26.9,86.8,5.49,5.49,5.3,1.3,1.38,25.4,MB-2.0,1.28,0.784,0.912,1.234,0.971,-0.246,-0.953,-1.781,0.282,0.701,0,diabetes service,0
S00417,Aarhus,KA-100,44,F,current,1,moderate,0,23.4,65.9,5.59,5.71,3.5,0.89,2.01,30.4,MB-2.0,-0.744,0.451,0.851,0.198,-0.098,-0.072,-0.382,-0.607,0.634,-0.143,0,none,0
S00418,Leuven,KA-100,58,F,former,1,high,0,22.7,68.1,5.4,4.76,2.5,0.53,1.43,20.8,MB-2.0,1.593,1.629,2.681,1.757,1.171,-2.095,-1.788,-1.926,0.883,0.904,0,none,0
S00419,Porto,KB-200,53,M,never,1,high,1,24.7,81.0,5.64,4.81,2.1,0.45,1.51,40.1,MB-2.0,-0.372,-1.383,1.769,-2.128,-0.698,1.244,-2.132,-2.081,0.693,0.181,0,none,0
S00420,Porto,KB-200,52,M,former,0,high,0,21.8,68.9,6.01,4.8,,,1.41,25.8,MB-2.0,0.015,0.396,-0.778,-1.396,1.088,-0.891,0.111,1.165,0.529,0.311,0,none,0
S00421,Leuven,KA-100,64,M,never,0,moderate,0,19.5,68.6,5.62,5.44,3.5,0.84,1.71,28.6,MB-2.0,2.478,2.776,3.034,2.926,2.925,-2.97,-3.074,-1.923,-0.267,0.917,0,none,0
S00422,Uppsala,KB-200,64,F,never,1,moderate,0,27.2,67.2,6.01,5.07,,,1.16,27.7,MB-2.0,-1.011,0.607,1.466,-1.313,-0.253,-1.349,-1.093,-2.142,-0.281,0.216,0,none,0
S00423,Leuven,KA-100,55,M,current,0,high,0,24.5,80.1,5.19,4.35,3.7,0.72,1.84,22.7,MB-2.0,1.74,1.659,1.472,1.798,1.207,-1.655,-1.559,-1.059,-1.006,-1.007,0,none,0
S00424,Leuven,KA-100,58,F,never,0,moderate,0,29.8,85.7,5.56,5.17,8.8,2.01,1.54,24.8,MB-2.0,-0.417,-0.371,0.199,0.204,-0.062,0.719,0.839,0.656,0.0,-0.337,0,none,0
S00425,Porto,KB-200,58,F,current,0,high,0,30.7,85.6,5.19,4.8,8.8,1.87,1.58,39.7,MB-2.0,-1.611,-1.109,1.368,-0.639,0.685,-0.914,-0.681,-1.163,0.061,-0.364,0,dietitian,1
S00426,Tartu,KA-100,50,M,never,0,high,0,29.8,97.9,5.16,4.64,,,1.45,35.2,MB-2.0,-0.651,-1.079,-0.181,-0.329,0.04,-0.135,-0.108,0.62,-0.486,0.298,0,none,0
S00427,Porto,KB-200,57,F,never,1,high,0,23.2,77.2,5.41,4.92,,,2.15,29.5,MB-2.0,0.364,0.409,0.258,-0.281,-0.793,0.086,-0.69,-0.761,-0.011,-0.041,0,none,0
S00428,Aarhus,KA-100,45,M,never,0,high,0,23.0,84.4,5.38,4.47,2.9,0.58,1.48,39.9,MB-2.0,0.591,0.307,0.176,0.288,0.03,-0.701,-0.877,-0.731,0.408,-0.047,0,none,0
S00429,Leuven,KA-100,58,M,never,0,moderate,0,30.0,98.3,5.86,5.51,8.7,2.13,1.42,17.1,MB-2.0,0.533,1.074,0.421,0.624,0.499,-0.443,-0.461,-0.833,0.038,-1.158,0,none,0
S00430,Aarhus,KA-100,53,F,never,0,high,0,20.0,65.7,5.27,5.47,3.8,0.93,1.18,20.5,MB-2.0,1.263,0.913,0.662,0.903,1.437,-0.411,-1.149,-1.642,0.206,0.617,0,none,0
S00431,Uppsala,KB-200,49,F,current,0,high,0,25.6,76.5,5.71,4.93,5.5,1.2,1.63,41.4,MB-2.0,-0.456,1.275,2.098,-1.246,-2.319,0.037,-1.395,-1.482,0.099,-0.578,0,none,0
S00432,Porto,KB-200,35,F,current,1,high,0,24.7,71.4,5.44,5.34,8.8,2.09,1.41,26.7,MB-2.0,-1.865,-1.275,0.125,-1.604,-0.164,0.68,-0.964,-0.253,-0.624,-0.975,0,none,0
S00433,Leuven,KA-100,60,M,never,0,moderate,0,24.8,87.5,6.14,5.03,2.6,0.57,1.1,23.1,MB-2.0,-1.345,-0.748,-0.829,-1.552,-0.176,0.864,0.885,1.389,-0.104,-0.433,0,none,0
S00434,Porto,KB-200,62,M,former,0,high,1,23.3,78.9,6.02,5.38,3.6,0.86,1.01,33.5,MB-2.0,-1.126,-0.727,0.513,-2.057,-1.243,0.511,-0.572,-0.808,-0.037,0.098,1,none,0
S00435,Uppsala,KB-200,60,M,never,0,high,0,27.8,95.3,5.34,6.02,,,1.38,24.7,MB-2.0,-0.208,0.469,1.112,0.353,0.459,-0.915,-1.218,-1.291,-0.11,-0.047,0,none,0
S00436,Tartu,KA-100,50,F,former,0,high,0,26.1,78.9,5.48,6.19,7.9,2.16,1.34,35.0,MB-2.0,0.784,0.194,0.789,-0.082,1.024,-1.203,-1.479,-1.014,1.106,0.776,0,none,0
S00437,Leuven,KA-100,47,M,current,0,high,0,24.6,79.5,5.3,4.63,4.5,0.93,1.52,28.8,MB-2.0,1.481,2.023,0.817,1.18,1.679,-1.567,-1.449,-1.652,-0.077,-0.361,0,none,0
S00438,Uppsala,KB-200,66,F,former,0,high,0,24.5,81.8,5.54,4.99,9.8,2.18,1.57,28.5,MB-2.0,-2.572,1.973,0.481,-1.194,0.149,-0.833,-0.291,0.528,-0.532,0.307,0,none,0
S00439,Aarhus,KA-100,68,F,never,0,high,0,30.4,91.8,5.74,5.11,5.9,1.35,2.02,30.5,MB-2.0,-0.862,-1.562,-0.4,-1.686,-0.872,1.999,0.947,0.902,0.385,-0.022,0,none,0
S00440,Uppsala,KB-200,68,M,never,1,moderate,0,19.8,68.1,6.01,4.89,2.8,0.62,2.28,45.5,MB-2.0,-0.43,0.595,0.209,-1.792,0.498,-0.123,-0.203,-0.494,0.195,-0.973,0,none,0
S00441,Tartu,KA-100,51,M,never,0,high,1,25.6,93.0,5.51,5.74,3.1,0.79,1.96,28.1,MB-2.0,-1.038,-1.329,-0.658,-1.08,-1.569,0.219,0.499,0.725,-0.489,-0.328,0,none,0
S00442,Tartu,KA-100,54,F,former,0,high,0,21.9,67.7,5.61,4.53,6.8,1.36,2.13,27.5,MB-2.0,0.637,0.652,1.367,1.621,1.54,-0.582,-0.406,-1.291,0.171,0.163,0,none,0
S00443,Uppsala,KB-200,71,F,never,0,high,0,22.1,67.8,5.41,5.59,5.5,1.36,1.88,31.9,MB-2.0,-1.075,1.99,3.068,0.19,-0.4,1.096,-3.707,-3.473,0.237,0.097,0,none,0
S00444,Aarhus,KA-100,61,F,never,0,high,0,29.8,86.0,5.94,5.61,4.0,0.99,1.82,17.6,MB-2.0,-0.133,-0.89,-0.025,0.52,-0.177,0.548,-0.415,-0.594,0.075,-0.497,0,none,0
S00445,Porto,KB-200,68,F,former,0,high,0,20.9,65.6,5.52,5.37,5.4,1.29,1.56,40.0,MB-2.0,-0.918,1.19,-0.54,0.188,-0.201,0.12,-0.354,-0.178,0.429,0.602,0,none,0
S00446,Aarhus,KA-100,71,M,never,0,moderate,1,26.5,87.5,5.69,5.51,6.5,1.59,1.49,20.5,MB-2.0,-0.54,0.454,0.236,-0.108,0.2,0.689,0.465,0.116,-0.139,-0.197,0,none,0
S00447,Tartu,KA-100,58,M,former,0,high,0,23.9,81.3,5.42,6.11,4.4,1.19,2.07,29.3,MB-2.0,1.255,1.208,1.598,0.944,1.083,-1.091,-0.906,-1.168,0.038,-0.117,0,none,0
S00448,Aarhus,KA-100,63,M,former,0,high,0,19.3,72.6,5.5,4.86,7.8,1.68,1.74,36.7,MB-2.0,-0.646,-1.386,-1.489,-0.434,-1.243,0.668,1.023,1.069,-0.07,-0.175,1,none,0
S00449,Aarhus,KA-100,62,F,former,0,moderate,0,24.5,72.8,5.7,5.52,2.4,0.58,2.12,25.8,MB-2.0,1.928,0.611,1.169,1.228,1.296,-1.667,-1.451,-0.319,-0.865,0.465,0,none,0
S00450,Leuven,KA-100,61,M,never,1,high,0,24.8,84.0,5.2,4.82,4.4,0.95,1.7,26.0,MB-2.0,3.021,2.866,2.636,2.79,3.145,-2.941,-2.836,-2.259,-0.35,-0.22,0,none,0
S00451,Leuven,KA-100,53,M,former,0,high,0,25.8,92.2,5.26,4.74,2.3,0.48,1.88,29.5,MB-2.0,2.072,2.499,2.253,1.799,2.628,-0.932,-1.519,-1.917,0.546,-0.289,0,diabetes service,0
S00452,Tartu,KA-100,63,F,former,0,high,0,27.1,80.3,5.19,4.66,,,2.25,32.3,MB-2.0,0.108,0.503,0.223,0.778,-0.247,-0.86,-0.027,-0.63,-0.502,-0.304,0,none,0
S00453,Leuven,KA-100,49,F,never,0,high,1,27.5,86.3,6.04,5.37,3.2,0.76,1.93,22.5,MB-2.0,-1.182,-1.627,-2.592,-2.003,-1.381,2.252,1.284,1.183,0.691,-0.428,1,dietitian,1
S00454,Leuven,KA-100,43,F,never,0,high,0,24.7,80.3,5.29,5.34,6.1,1.46,1.55,35.3,MB-2.0,0.968,1.293,0.112,1.075,0.025,0.13,-0.622,-0.063,-0.452,0.669,0,none,0
S00455,Aarhus,KA-100,57,M,never,0,moderate,0,30.9,100.5,5.54,5.2,,,1.48,34.5,MB-2.0,1.369,0.701,-0.089,1.572,0.553,-1.341,-1.243,-0.831,0.414,0.129,0,none,0
S00456,Leuven,KA-100,75,F,never,0,high,0,27.4,84.4,5.41,4.69,5.2,1.09,1.9,35.1,MB-2.0,0.326,0.563,0.587,0.186,0.347,-1.499,-0.684,0.063,-0.278,0.013,0,none,0
S00457,Tartu,KA-100,55,M,never,0,high,1,32.6,111.5,5.92,5.74,,,1.43,20.3,MB-2.0,0.619,0.624,0.324,-0.217,0.802,0.065,-0.178,-0.4,-0.042,-0.217,0,none,0
S00458,Uppsala,KB-200,64,M,current,0,low,0,24.9,83.1,5.31,4.68,2.6,0.54,1.78,37.1,MB-2.0,-0.329,-0.79,-1.793,-1.531,0.555,-0.154,1.071,0.944,0.165,0.172,0,none,0
S00459,Tartu,KA-100,42,F,never,0,high,0,28.4,89.2,5.28,4.87,4.6,0.99,2.43,41.9,MB-2.0,2.521,2.496,3.028,2.739,3.362,-3.553,-2.947,-2.68,-0.974,-0.06,0,none,0
S00460,Aarhus,KA-100,70,F,never,0,high,0,29.2,90.3,5.6,4.41,2.6,0.51,1.99,36.4,MB-2.0,-0.259,0.243,-0.046,-0.159,0.091,-0.13,0.003,-0.162,0.07,0.511,0,none,0
S00461,Tartu,KA-100,69,F,never,0,high,0,19.3,65.2,5.22,4.76,3.9,0.83,1.79,29.2,MB-2.0,1.83,2.935,2.363,1.621,2.284,-1.275,-2.176,-1.663,0.433,-0.494,0,none,0
S00462,Tartu,KA-100,51,F,former,1,high,0,23.0,68.9,5.33,5.5,10.3,2.51,2.04,25.3,MB-2.0,2.069,2.36,2.667,2.213,2.658,-1.69,-1.787,-1.403,0.579,-0.072,0,none,0
S00463,Leuven,KA-100,47,M,never,0,low,0,19.3,70.5,5.19,4.42,8.8,1.73,1.6,20.4,MB-2.0,0.459,0.105,-0.849,-0.257,-0.442,0.333,0.831,0.296,0.385,0.589,0,none,0
S00464,Aarhus,KA-100,61,F,never,0,high,0,24.6,67.0,5.5,5.39,2.3,0.55,1.66,40.5,MB-2.0,2.477,1.552,2.215,2.5,1.697,-1.793,-1.364,-1.619,0.479,-0.386,0,diabetes service,0
S00465,Aarhus,KA-100,43,F,former,1,moderate,0,28.6,81.4,5.5,5.16,4.0,0.91,1.78,34.3,MB-2.0,1.107,1.358,1.146,0.681,1.773,-0.428,-1.15,-1.266,-0.714,0.21,0,none,0
S00466,Aarhus,KA-100,43,M,former,0,high,0,25.6,84.6,5.45,4.38,6.0,1.16,1.74,21.1,MB-2.0,0.884,0.106,0.717,0.005,1.131,-0.118,-0.358,-0.433,0.805,-0.459,0,none,0
S00467,Leuven,KA-100,55,M,never,0,high,0,21.4,73.7,5.44,4.37,4.9,0.94,1.89,30.8,MB-2.0,0.74,1.254,0.734,1.506,0.361,-0.727,0.359,-0.688,-0.275,-0.513,0,none,0
S00468,Aarhus,KA-100,67,M,former,0,moderate,0,23.1,86.3,5.15,5.55,2.4,0.58,1.72,31.2,MB-2.0,0.045,0.163,0.312,0.736,0.66,-0.757,-0.391,-0.36,0.714,1.203,0,none,0
S00469,Porto,KB-200,54,M,former,0,high,0,25.3,89.4,5.25,5.34,,,1.44,32.6,MB-2.0,0.592,1.76,1.367,2.474,0.35,1.098,-1.68,-0.956,0.419,0.544,0,none,0
S00470,Aarhus,KA-100,72,M,former,0,high,0,24.5,82.2,5.64,5.2,2.5,0.57,1.55,24.3,MB-2.0,0.494,0.616,1.149,1.252,0.813,-1.085,-1.076,-0.164,0.426,-0.383,0,none,0
S00471,Tartu,KA-100,45,F,former,0,high,0,29.4,84.0,5.56,5.39,6.5,1.56,1.88,28.1,MB-2.0,2.038,3.371,1.724,2.627,2.147,-2.374,-2.765,-2.068,-0.137,0.122,0,none,0
S00472,Porto,KB-200,58,F,former,0,high,0,23.9,75.1,5.21,5.54,2.6,0.65,1.48,31.6,MB-2.0,1.046,-0.749,1.456,-0.19,0.362,0.545,-1.18,-1.988,-0.152,-0.411,0,dietitian,0
S00473,Porto,KB-200,43,F,current,0,high,0,31.6,97.1,5.18,5.46,4.6,1.12,1.76,45.5,MB-2.0,1.057,-0.719,1.771,0.094,0.254,-1.067,-1.516,-1.05,0.242,-0.26,0,diabetes service,0
S00474,Aarhus,KA-100,66,M,never,0,moderate,1,26.2,80.5,5.8,5.39,6.3,1.52,1.44,,MB-2.0,-1.62,-1.713,-1.305,-1.673,-2.403,1.193,2.526,1.157,0.081,0.652,0,dietitian,0
S00475,Aarhus,KA-100,68,F,never,0,high,0,24.9,73.2,5.56,4.61,,,2.01,31.9,MB-2.0,2.149,2.016,1.696,1.893,2.467,-1.632,-2.195,-2.075,-0.64,-0.139,0,none,0
S00476,Porto,KB-200,55,M,never,0,moderate,1,24.1,87.8,5.33,5.66,4.2,1.05,1.71,32.0,MB-2.0,-1.622,-0.242,0.341,-2.643,-0.82,1.42,0.994,0.578,0.063,0.154,0,none,0
S00477,Leuven,KA-100,65,F,former,0,high,0,26.9,74.5,5.34,4.99,4.4,0.98,1.69,32.4,MB-2.0,-0.483,0.275,-0.874,-0.478,0.055,0.166,0.262,0.608,-0.166,0.281,0,none,0
S00478,Aarhus,KA-100,77,M,former,1,high,0,24.8,90.0,5.8,5.72,5.2,1.33,1.47,41.5,MB-2.0,0.285,-0.019,-0.533,0.536,0.847,-0.04,-0.178,0.43,0.739,-0.973,1,none,0
S00479,Leuven,KA-100,60,F,never,0,high,0,23.0,67.5,5.42,4.96,,,1.36,32.5,MB-2.0,0.247,0.217,1.252,0.862,1.099,-0.488,-0.469,0.226,-0.063,0.383,0,none,0
S00480,Porto,KB-200,63,F,never,0,moderate,0,27.7,83.4,5.33,4.93,9.7,2.12,1.72,38.5,MB-2.0,-0.442,0.041,1.032,1.449,0.096,0.895,-0.942,-1.322,-0.364,0.039,0,none,0
S00481,Porto,KB-200,55,F,former,0,high,0,22.6,66.6,5.42,5.25,6.0,1.41,2.0,24.8,MB-2.0,0.017,-0.268,-0.736,0.401,0.727,0.168,-0.092,0.843,-0.152,0.31,1,dietitian,0
S00482,Leuven,KA-100,74,F,never,0,high,0,26.4,77.2,5.4,5.96,6.0,1.6,1.68,27.8,MB-2.0,0.038,0.521,0.668,0.223,0.335,0.085,-0.171,0.391,-0.147,0.303,0,none,0
S00483,Uppsala,KB-200,53,M,never,0,high,0,30.6,90.9,5.33,5.28,7.6,1.78,1.35,31.7,MB-2.0,-0.42,-0.974,0.035,-1.515,-0.976,0.698,0.208,-0.023,0.359,0.337,0,none,0
S00484,Aarhus,KA-100,53,F,never,0,high,0,28.2,72.3,5.22,5.61,,,2.2,33.9,MB-2.0,-0.154,0.884,0.181,0.944,1.535,-0.353,-0.577,0.008,-0.009,-0.545,0,none,0
S00485,Leuven,KA-100,55,M,never,0,high,0,26.9,96.1,5.31,4.33,6.5,1.26,1.7,32.6,MB-2.0,1.815,1.184,1.952,1.627,1.261,-2.366,-1.147,-1.601,-0.559,0.216,0,none,0
S00486,Aarhus,KA-100,59,F,never,1,high,0,24.1,72.8,5.38,5.01,12.7,2.82,1.82,34.7,MB-2.0,2.017,2.505,1.814,2.145,2.179,-1.914,-1.986,-1.956,-0.859,-0.489,1,diabetes service,1
S00487,Uppsala,KB-200,65,F,never,0,high,0,23.1,70.8,5.55,5.47,2.8,0.69,1.81,27.8,MB-2.0,0.574,-0.019,-0.185,0.19,0.121,1.173,-0.83,-0.651,-0.428,-0.728,0,none,0
S00488,Leuven,KA-100,48,M,never,0,high,1,31.6,102.0,5.41,5.66,,,1.65,11.5,MB-2.0,0.696,1.382,1.313,1.749,0.707,-0.11,-1.015,-1.173,-0.452,0.204,0,none,0
S00489,Leuven,KA-100,45,M,never,0,high,0,23.9,82.8,5.76,6.15,11.2,3.07,1.34,21.6,MB-2.0,-0.225,0.739,0.908,0.48,1.107,-0.49,-0.917,-0.158,-0.269,0.244,0,none,0
S00490,Porto,KB-200,47,F,former,1,low,0,26.1,69.3,5.72,5.91,2.7,0.7,1.44,14.6,MB-2.0,-0.982,1.096,1.176,-0.741,-0.05,-0.03,-1.414,-1.556,-0.657,0.842,1,diabetes service,1
S00491,Porto,KB-200,48,F,former,0,high,0,19.1,66.2,5.23,4.57,2.4,0.49,2.06,32.2,MB-2.0,-0.781,-0.153,-1.569,0.199,-0.927,-0.088,1.36,1.901,-0.503,0.605,0,none,0
S00492,Porto,KB-200,62,M,former,1,high,0,22.6,80.6,5.37,5.11,6.0,1.36,1.24,37.7,MB-2.0,-0.913,0.375,0.757,0.081,0.021,0.488,-1.034,-0.974,-0.412,-0.3,0,none,0
S00493,Aarhus,KA-100,65,M,never,0,moderate,1,27.4,93.4,5.65,5.36,6.9,1.65,1.55,24.1,MB-2.0,1.013,1.294,1.338,1.43,1.154,-1.27,-0.672,-1.342,0.122,-0.435,0,none,0
S00494,Leuven,KA-100,43,F,never,0,low,0,27.5,76.0,5.27,6.02,10.4,2.77,1.92,35.9,MB-2.0,1.931,1.921,0.927,1.526,1.839,-1.434,-1.228,-1.067,-0.078,0.122,0,none,0
S00495,Aarhus,KA-100,70,M,former,0,moderate,0,27.3,84.0,5.55,5.72,7.3,1.86,1.5,25.3,MB-2.0,4.184,2.551,3.602,3.739,3.514,-3.16,-4.088,-3.532,0.172,-0.085,0,none,0
S00496,Aarhus,KA-100,56,F,never,0,high,0,25.4,81.1,5.53,4.94,2.2,0.49,2.13,24.2,MB-2.0,0.982,1.837,1.313,1.667,1.038,-1.483,-2.133,-1.673,0.229,-0.831,0,dietitian,0
S00497,Aarhus,KA-100,53,F,former,0,moderate,0,29.4,76.2,5.75,5.51,6.8,1.67,1.56,23.2,MB-2.0,0.019,0.106,-0.215,-0.419,-0.129,-0.097,-0.357,-0.436,0.629,-0.06,0,none,0
S00498,Porto,KB-200,49,M,former,0,moderate,0,22.1,82.1,5.18,4.64,2.0,0.42,1.47,27.9,MB-2.0,0.136,0.485,-0.41,1.776,-1.762,-0.003,0.04,0.309,0.076,-0.535,0,none,0
S00499,Leuven,KA-100,60,M,former,0,high,0,21.5,79.1,5.37,5.61,6.6,1.64,1.38,33.2,MB-2.0,-0.011,0.552,0.475,0.41,-0.249,-0.686,-0.687,-1.044,0.304,-0.046,0,diabetes service,0
S00500,Aarhus,KA-100,53,M,former,0,high,0,21.8,79.6,5.18,6.05,2.5,0.68,1.78,28.7,MB-2.0,0.184,0.445,0.728,0.445,0.625,0.158,0.072,-0.593,-0.235,0.119,0,none,0
S00501,Leuven,KA-100,61,M,never,0,moderate,0,22.3,82.1,5.75,5.61,,,1.11,25.1,MB-2.0,0.425,-0.311,-0.528,0.317,0.319,-1.086,0.181,-0.28,0.335,0.57,0,dietitian,0
S00502,Porto,KB-200,44,M,former,0,high,0,21.7,70.4,5.27,5.21,4.8,1.11,1.44,34.8,MB-2.0,1.578,0.384,2.159,-0.07,-0.304,-0.126,-1.775,-2.251,-1.202,0.102,0,none,0
S00503,Aarhus,KA-100,60,F,never,1,low,0,33.7,101.7,6.14,5.54,5.0,1.23,1.35,19.3,MB-2.0,-2.11,-2.073,-2.311,-2.333,-2.829,2.463,1.41,2.556,-0.625,0.154,0,none,0
S00504,Leuven,KA-100,49,M,never,0,high,0,22.5,65.1,5.22,5.31,7.9,1.87,1.52,29.7,MB-2.0,0.832,1.815,1.438,1.61,1.192,-1.006,-1.971,-1.323,-0.693,0.277,0,none,0
S00505,Uppsala,KB-200,67,M,never,0,high,0,32.9,114.1,5.42,5.54,3.4,0.85,1.62,46.2,MB-2.0,-0.544,1.027,0.936,-2.0,-0.676,1.378,-0.529,-0.251,0.359,0.219,0,none,0
S00506,Tartu,KA-100,53,M,never,0,high,0,22.3,78.2,5.35,4.68,,,1.29,25.7,MB-2.0,-0.525,-0.042,-0.148,0.736,0.244,-0.266,-0.057,-0.337,-0.265,-0.232,0,none,0
S00507,Aarhus,KA-100,60,F,former,0,high,0,24.7,76.0,5.31,4.76,9.7,2.06,1.79,34.4,MB-2.0,0.081,0.86,1.066,0.772,-0.014,-0.371,-1.21,-0.212,-0.06,-0.308,0,none,0
S00508,Uppsala,KB-200,66,M,current,1,high,0,24.4,88.7,5.34,4.74,3.7,0.79,1.52,28.3,MB-2.0,-2.136,-0.733,-1.785,-0.822,-0.64,1.562,1.918,1.296,-0.445,0.03,1,diabetes service,1
S00509,Leuven,KA-100,67,M,never,0,high,0,27.3,81.1,5.47,5.87,6.5,1.69,1.4,19.1,MB-2.0,-0.494,0.29,0.694,-0.72,-0.466,0.229,0.408,0.137,0.116,-0.005,0,none,0
S00510,Leuven,KA-100,61,M,current,0,high,0,29.1,103.7,5.7,6.0,,,1.26,11.9,MB-2.0,-1.6,-1.487,-1.3,-1.742,-1.764,1.504,1.952,1.898,-0.421,0.011,0,none,0
S00511,Porto,KB-200,51,M,current,0,high,0,25.1,86.3,5.7,5.31,4.0,0.96,1.52,27.7,MB-2.0,-1.371,-1.376,-0.977,-3.201,-1.11,1.139,0.942,1.481,-0.45,-0.197,0,dietitian,0
S00512,Uppsala,KB-200,77,M,former,0,high,0,31.3,109.7,5.4,5.29,2.1,0.5,1.56,40.4,MB-2.0,-1.501,0.351,-1.835,-1.945,-0.23,1.612,1.278,0.927,-0.203,0.317,0,none,0
S00513,Porto,KB-200,50,M,current,1,moderate,0,23.6,79.7,5.22,4.6,,,1.22,32.9,MB-2.0,-2.057,-0.936,0.156,0.694,-0.901,0.376,0.323,0.481,0.504,0.401,0,dietitian,0
S00514,Aarhus,KA-100,52,F,former,0,high,0,20.6,69.2,5.69,5.74,5.9,1.5,1.79,25.1,MB-2.0,-0.404,0.735,0.051,-0.042,-0.057,-0.145,-0.06,-0.383,0.154,-0.014,0,none,0
S00515,Porto,KB-200,48,F,never,1,high,0,21.8,67.8,5.7,4.49,2.9,0.58,1.61,37.0,MB-2.0,-0.183,-0.711,1.112,-0.402,-0.232,1.507,0.543,-0.497,-0.02,0.117,0,none,0
S00516,Porto,KB-200,58,M,current,0,high,0,25.8,89.9,5.64,4.96,2.5,0.56,1.91,29.6,MB-2.0,-0.739,-1.733,0.255,-0.351,-1.53,0.61,-0.264,-0.23,-0.363,-0.14,0,none,0
S00517,Aarhus,KA-100,53,F,never,0,high,0,22.8,65.3,5.21,4.79,2.2,0.48,1.36,25.2,MB-2.0,0.126,1.395,-0.03,1.299,0.775,-0.896,-0.975,-0.209,0.457,0.567,0,none,0
S00518,Aarhus,KA-100,63,F,never,1,moderate,1,24.4,68.5,5.65,5.17,5.3,1.22,2.06,26.6,MB-2.0,1.139,0.466,1.069,1.159,1.279,-0.664,-1.201,-0.293,-0.114,-0.542,0,none,0
S00519,Porto,KB-200,41,F,never,0,moderate,0,27.8,80.9,5.23,4.43,,,1.94,22.3,MB-2.0,0.236,-1.378,0.256,-2.322,0.048,-1.203,0.323,-0.952,0.336,-0.098,0,diabetes service,0
S00520,Tartu,KA-100,42,F,former,0,high,1,23.5,67.9,5.45,4.37,6.4,1.25,1.97,29.9,MB-2.0,0.158,0.472,-0.616,0.067,-0.286,-0.709,-1.03,-0.115,-0.138,0.928,0,none,0
S00521,Leuven,KA-100,46,M,former,1,high,0,30.6,103.9,5.68,5.44,5.7,1.38,0.81,24.1,MB-2.0,-0.73,-1.085,-0.299,-0.426,-0.929,1.433,1.089,0.643,0.406,-0.206,1,none,0
S00522,Aarhus,KA-100,50,F,never,0,moderate,0,26.4,66.5,5.17,5.05,2.6,0.59,1.84,35.0,MB-2.0,0.671,0.226,1.067,-0.113,0.215,-0.481,-0.363,-0.851,-0.299,-0.427,0,dietitian,0
S00523,Aarhus,KA-100,56,F,never,0,high,0,22.7,70.9,5.23,5.31,,,1.84,35.2,MB-2.0,0.962,1.496,1.015,1.034,0.927,-1.212,-0.918,-0.781,0.108,0.222,0,none,0
S00524,Uppsala,KB-200,66,M,former,0,moderate,0,30.8,91.7,5.43,6.75,10.9,3.27,0.89,32.9,MB-2.0,-0.454,-0.678,-2.206,-0.372,-0.09,0.226,2.316,2.069,0.578,0.058,0,none,0
S00525,Uppsala,KB-200,63,F,former,0,high,0,23.0,65.9,5.23,4.43,4.5,0.89,1.84,30.8,MB-2.0,-0.491,0.496,0.04,-2.663,-0.281,1.793,0.302,0.71,0.189,-0.268,1,dietitian,1
S00526,Tartu,KA-100,56,M,never,1,high,0,19.4,65.8,5.16,5.67,4.9,1.23,1.11,20.5,MB-2.0,1.854,2.261,2.327,2.589,2.105,-2.19,-2.019,-2.192,0.144,0.833,0,none,0
S00527,Porto,KB-200,56,M,former,0,high,0,21.1,77.8,5.52,5.12,3.9,0.89,1.64,33.8,MB-2.0,-0.823,-0.422,-1.509,-2.055,-0.505,-0.937,1.756,1.233,-0.124,0.142,0,none,0
S00528,Leuven,KA-100,62,M,current,0,high,1,26.5,92.3,5.18,4.83,4.3,0.92,1.36,30.2,MB-2.0,3.295,4.921,3.695,3.839,4.2,-4.072,-3.038,-3.75,-0.088,0.144,1,none,0
S00529,Porto,KB-200,67,F,never,0,high,0,26.0,75.9,5.39,5.66,7.9,1.98,1.33,30.0,MB-2.0,-3.586,-0.569,1.261,-1.158,0.728,1.249,-0.997,-0.496,-0.163,-0.212,0,none,0
S00530,Porto,KB-200,53,F,never,0,high,0,30.1,92.6,5.53,4.96,3.8,0.83,1.65,27.5,MB-2.0,0.294,-0.121,-0.966,1.202,0.104,-0.486,0.334,1.194,-0.037,0.396,0,none,0
S00531,Porto,KB-200,50,F,never,0,high,0,25.7,66.0,5.31,4.74,6.2,1.32,1.26,35.7,MB-2.0,-1.596,0.258,0.018,0.324,-0.396,-0.34,-0.399,-0.827,0.047,-0.09,1,none,0
S00532,Aarhus,KA-100,72,M,never,1,high,0,23.4,81.7,5.48,4.57,9.8,1.98,1.41,17.3,MB-2.0,1.119,1.41,1.486,1.709,1.458,-1.321,-0.616,-1.112,0.406,-0.256,0,dietitian,0
S00533,Tartu,KA-100,61,M,current,0,moderate,0,33.5,102.0,5.17,6.04,5.1,1.37,1.2,30.7,MB-2.0,0.91,1.612,1.237,1.644,1.439,-1.116,-1.011,-1.482,0.306,-0.106,0,none,0
S00534,Aarhus,KA-100,68,F,never,0,high,0,22.3,66.0,5.18,4.56,3.2,0.64,1.77,29.2,MB-2.0,2.026,1.378,2.413,2.075,2.347,-2.25,-2.183,-1.781,0.339,0.341,0,none,0
S00535,Leuven,KA-100,56,F,former,0,moderate,0,27.0,81.0,5.87,5.49,,,1.95,27.1,MB-2.0,-1.45,-1.31,-1.616,-1.556,-2.019,1.516,0.31,0.406,-0.003,-0.058,0,none,0
S00536,Aarhus,KA-100,52,F,never,0,high,0,21.3,65.8,5.29,5.27,5.7,1.34,2.15,31.8,MB-2.0,0.651,0.712,1.103,1.104,1.07,-1.067,-0.384,-1.424,0.181,0.313,0,none,0
S00537,Leuven,KA-100,67,F,never,0,high,0,27.2,75.9,5.56,4.68,12.8,2.66,1.95,30.3,MB-2.0,1.343,0.924,1.594,1.241,1.203,-1.341,-1.32,-0.76,0.245,0.76,0,diabetes service,0
S00538,Tartu,KA-100,58,M,never,0,high,0,22.5,69.3,5.24,4.77,3.3,0.7,1.91,22.3,MB-2.0,0.522,0.394,0.006,0.265,1.229,0.019,-0.217,-0.024,-0.27,-0.209,0,dietitian,0
S00539,Aarhus,KA-100,55,M,former,0,high,0,26.1,75.7,5.16,5.17,,,1.73,33.4,MB-2.0,0.276,0.004,-0.219,1.325,0.339,-0.185,-0.334,-0.011,-0.023,-0.735,0,diabetes service,0
S00540,Uppsala,KB-200,72,F,former,0,high,0,23.7,68.5,5.37,5.19,5.8,1.35,1.84,29.5,MB-2.0,0.125,-0.833,-0.734,-0.939,-0.605,1.895,-0.305,0.214,-0.477,-0.255,0,none,0
S00541,Porto,KB-200,43,F,former,0,moderate,0,26.0,77.9,5.57,5.93,2.8,0.73,1.5,38.9,MB-2.0,-0.494,0.451,-0.445,1.19,-1.379,-0.615,0.4,0.175,0.26,0.097,0,dietitian,0
S00542,Uppsala,KB-200,69,F,current,0,moderate,0,25.5,78.0,5.26,5.55,9.4,2.32,1.34,26.9,MB-2.0,0.289,1.09,0.036,-1.516,-0.704,-0.866,0.649,0.203,-0.293,-0.055,0,none,0
S00543,Leuven,KA-100,60,M,never,1,moderate,0,32.0,94.6,5.26,5.55,6.5,1.59,1.63,31.4,MB-2.0,0.485,0.185,0.225,0.241,0.821,-0.662,-0.245,-0.191,0.134,0.432,0,none,0
S00544,Aarhus,KA-100,61,F,never,0,moderate,1,21.2,71.4,6.24,6.28,10.3,2.88,1.28,,MB-2.0,-2.703,-2.279,-2.417,-2.43,-2.203,1.55,1.434,1.562,0.214,-0.58,0,none,0
S00545,Aarhus,KA-100,56,F,former,0,moderate,0,22.2,68.3,5.44,6.08,4.0,1.09,1.45,25.9,MB-2.0,-2.182,-1.405,-2.022,-1.777,-1.18,1.607,1.192,1.332,0.085,-0.16,0,none,0
S00546,Porto,KB-200,45,F,former,0,moderate,0,28.9,93.0,6.13,5.72,14.0,3.57,1.39,51.6,MB-2.0,-1.238,1.302,-0.735,-1.856,-0.758,-0.221,-0.271,1.13,0.648,-0.428,1,diabetes service,1
S00547,Leuven,KA-100,38,M,never,1,high,0,25.4,90.6,5.19,5.07,2.0,0.46,1.08,34.3,MB-2.0,-0.859,-1.263,-1.195,-1.191,-1.332,1.506,1.778,0.913,0.213,0.131,0,none,0
S00548,Leuven,KA-100,63,F,current,0,high,0,25.1,73.6,5.19,5.33,2.3,0.53,2.06,34.2,MB-2.0,-0.365,-0.786,-0.233,-0.54,-0.94,0.259,0.876,0.24,-0.65,-0.055,0,none,0
S00549,Leuven,KA-100,51,F,never,0,moderate,0,28.7,70.1,5.3,5.44,3.0,0.72,1.34,37.7,MB-2.0,-0.841,-0.695,-0.7,-0.223,-0.764,0.607,0.598,0.654,-1.053,0.095,0,none,0
S00550,Leuven,KA-100,52,F,never,0,high,0,25.8,84.5,5.58,4.52,3.9,0.79,1.88,25.0,MB-2.0,-0.432,0.122,-0.472,-0.25,-0.577,0.726,0.108,0.746,0.384,0.541,0,none,0
S00551,Tartu,KA-100,69,F,former,0,high,1,22.1,71.7,5.74,5.31,2.4,0.58,1.58,30.5,MB-2.0,-1.218,-1.21,-2.063,-1.321,-1.663,1.644,0.607,1.512,-0.335,0.623,0,none,0
S00552,Tartu,KA-100,73,F,former,0,high,0,24.6,78.5,5.22,5.09,6.4,1.46,1.72,31.3,MB-2.0,-0.698,-0.938,-1.606,-0.789,-0.977,0.126,0.9,1.913,-0.379,-0.24,0,none,0
S00553,Porto,KB-200,62,F,former,0,high,0,27.9,79.8,5.22,4.38,4.8,0.94,1.6,41.6,MB-2.0,-0.015,-0.959,1.592,1.471,-0.882,-1.762,0.031,-1.682,0.194,0.141,0,none,0
S00554,Leuven,KA-100,46,M,never,0,moderate,0,26.7,92.3,5.53,5.58,10.0,2.48,1.52,20.2,MB-2.0,-1.062,-1.298,-1.442,-0.606,-0.913,1.374,0.321,0.139,-0.042,0.449,1,none,0
S00555,Aarhus,KA-100,54,F,current,0,high,0,27.2,77.3,5.33,5.06,4.7,1.06,1.92,28.1,MB-2.0,1.421,1.503,0.806,2.583,1.298,-1.33,-1.152,-1.466,-0.169,0.105,0,none,0
S00556,Leuven,KA-100,53,M,former,0,high,0,28.1,89.4,5.65,5.52,8.6,2.12,0.91,27.7,MB-2.0,0.118,0.556,0.24,1.203,0.727,-1.079,-1.047,-0.816,0.233,-0.473,0,none,0
S00557,Tartu,KA-100,77,F,current,0,moderate,0,34.5,102.5,5.85,6.95,11.7,3.6,1.67,,MB-2.0,-0.894,0.153,-0.858,-0.249,0.415,-0.158,0.378,-0.064,-0.373,0.281,0,none,0
S00558,Porto,KB-200,63,M,never,0,high,0,21.2,79.8,5.63,5.05,3.4,0.75,1.49,39.9,MB-2.0,-0.236,0.064,0.071,1.473,-0.766,0.405,0.395,1.024,0.258,0.501,0,diabetes service,1
S00559,Aarhus,KA-100,71,F,former,0,moderate,0,31.0,84.5,5.67,4.66,,,2.06,33.6,MB-2.0,0.839,1.183,0.834,1.577,1.254,-1.14,-1.776,-0.731,0.231,-0.492,1,dietitian,1
S00560,Aarhus,KA-100,48,F,never,0,high,0,21.2,69.9,5.32,4.74,3.7,0.77,1.8,33.1,MB-2.0,0.869,1.129,1.639,1.055,1.56,-0.97,-1.395,-1.269,-0.045,-0.275,0,none,0
S00561,Tartu,KA-100,56,F,former,1,high,0,27.8,73.9,5.44,4.76,5.1,1.08,1.86,26.7,MB-2.0,-1.603,-0.395,-0.811,-0.838,-1.439,0.849,1.14,0.826,0.256,0.269,0,none,0
S00562,Leuven,KA-100,54,M,never,0,high,0,30.0,101.9,5.75,5.28,2.4,0.56,1.39,27.2,MB-2.0,3.777,3.648,3.868,3.471,3.838,-2.892,-2.835,-3.315,-0.673,-0.753,0,none,0
S00563,Tartu,KA-100,51,F,never,1,high,0,24.5,79.0,5.5,4.46,6.6,1.32,1.71,25.7,MB-2.0,0.267,-0.464,0.263,0.511,0.258,-0.066,0.225,-0.259,-0.317,-0.777,0,none,0
S00564,Leuven,KA-100,67,M,former,0,high,0,29.7,106.9,5.77,6.25,,,1.21,33.7,MB-2.0,0.574,0.699,-0.059,0.665,-0.095,-1.013,-0.837,-1.301,0.614,-0.217,0,none,0
S00565,Tartu,KA-100,58,F,current,0,high,0,25.6,75.9,5.87,5.06,3.1,0.7,1.7,21.6,MB-2.0,1.4,1.582,1.023,1.499,0.804,-0.7,-1.036,-2.147,0.386,0.729,0,none,0
S00566,Tartu,KA-100,64,M,former,0,moderate,0,24.0,88.5,5.17,5.09,8.0,1.82,1.69,31.8,MB-2.0,2.485,3.361,3.158,3.559,3.138,-2.545,-3.112,-2.912,-0.557,-0.061,0,none,0
S00567,Aarhus,KA-100,55,F,former,1,moderate,0,25.6,70.3,5.53,6.22,4.3,1.19,1.86,21.9,MB-2.0,-0.948,-1.221,-0.59,-0.212,-0.013,0.337,0.59,1.307,0.069,-0.02,0,none,0
S00568,Leuven,KA-100,50,M,never,1,high,0,27.6,96.4,5.46,5.01,8.0,1.79,1.59,32.6,MB-2.0,0.194,-0.243,0.521,0.815,0.348,0.281,-0.239,-0.389,0.428,0.648,0,none,0
S00569,Leuven,KA-100,64,F,former,1,high,0,35.0,105.3,5.56,4.71,8.8,1.85,2.02,25.0,MB-2.0,-3.142,-1.845,-1.891,-2.036,-1.919,2.504,1.761,1.555,-0.054,0.86,0,none,0
S00570,Aarhus,KA-100,52,M,current,0,high,0,22.8,76.5,5.35,5.01,3.1,0.68,1.49,22.9,MB-2.0,1.391,0.274,0.332,-0.213,0.333,-0.827,0.518,-0.575,0.305,-0.418,1,none,0
S00571,Tartu,KA-100,68,F,former,0,high,0,22.8,66.2,5.73,4.82,,,1.86,46.8,MB-2.0,0.257,-0.879,0.03,-0.511,-0.414,0.705,0.562,0.531,0.646,0.253,1,none,0
S00572,Uppsala,KB-200,43,M,never,0,low,0,33.4,107.4,5.57,5.17,14.5,3.34,1.54,25.6,MB-2.0,-1.384,-0.117,-0.371,-0.446,-0.28,0.248,0.753,0.437,0.191,-0.032,0,none,0
S00573,Aarhus,KA-100,51,F,never,0,moderate,0,30.0,90.9,5.96,5.43,8.4,2.02,1.38,,MB-2.0,-0.347,-0.088,-0.232,0.046,-0.909,0.434,0.706,0.198,0.118,0.175,0,none,0
S00574,Leuven,KA-100,57,F,current,1,high,0,34.0,96.5,5.61,5.66,5.7,1.44,1.71,27.1,MB-2.0,2.542,2.483,3.662,2.889,3.147,-1.864,-2.658,-3.076,0.097,-0.014,0,none,0
S00575,Uppsala,KB-200,72,M,former,0,high,0,35.8,113.1,5.5,5.89,8.6,2.24,1.34,17.8,MB-2.0,0.107,0.164,1.822,-1.117,0.659,-0.941,-1.299,-0.936,0.132,-0.1,0,diabetes service,1
S00576,Uppsala,KB-200,46,F,former,0,high,0,26.0,80.7,5.46,5.77,,,1.91,35.7,MB-2.0,-0.99,0.581,-0.031,0.36,0.117,0.654,0.759,1.226,-0.64,0.153,0,none,0
S00577,Tartu,KA-100,60,M,former,0,high,0,25.0,85.2,5.17,4.4,,,1.31,34.1,MB-2.0,2.723,1.958,2.003,2.657,2.58,-2.171,-2.244,-2.12,-0.066,0.006,0,none,0
S00578,Porto,KB-200,50,M,former,0,moderate,0,23.2,79.1,5.66,6.33,,,1.41,31.4,MB-2.0,-0.655,-0.535,-1.24,-2.387,-0.732,0.412,1.563,1.931,0.267,-0.372,0,none,0
S00579,Leuven,KA-100,68,M,former,1,high,0,19.3,74.8,5.31,4.59,2.9,0.6,1.74,39.9,MB-2.0,1.427,1.509,1.09,1.367,1.417,-1.021,-1.416,-0.969,-0.042,0.892,0,none,0
S00580,Aarhus,KA-100,55,F,never,0,moderate,0,28.9,74.8,5.36,5.3,2.5,0.59,1.73,22.6,MB-2.0,1.342,0.999,1.164,2.055,1.522,-1.322,-1.574,-1.229,-0.158,0.36,0,none,0
S00581,Tartu,KA-100,68,M,never,0,moderate,0,33.2,111.5,5.5,6.16,17.3,4.73,1.45,21.6,MB-2.0,-2.364,-1.842,-1.951,-2.072,-1.626,2.293,1.266,1.797,0.497,1.147,1,diabetes service,1
S00582,Uppsala,KB-200,60,M,former,0,moderate,0,30.7,111.3,5.36,5.3,2.4,0.56,1.51,15.8,MB-2.0,-0.258,0.98,-0.596,0.2,-0.159,0.037,0.288,-0.111,0.292,-0.033,0,none,0
S00583,Aarhus,KA-100,58,M,current,0,high,0,26.8,87.0,5.53,4.59,4.1,0.84,1.89,20.4,MB-2.0,2.978,2.086,1.732,1.723,1.364,-2.096,-2.593,-1.877,0.822,0.18,0,none,0
S00584,Porto,KB-200,42,F,never,0,high,0,23.7,75.1,5.72,4.62,2.6,0.54,1.62,42.2,MB-2.0,-0.543,1.646,3.356,-0.738,0.177,0.22,-3.536,-2.926,-0.246,0.068,0,none,0
S00585,Leuven,KA-100,61,F,never,1,high,0,25.3,71.5,5.65,5.25,,,1.9,34.7,MB-2.0,1.622,2.331,2.232,2.237,2.202,-2.999,-1.991,-1.668,-0.071,-0.546,0,none,0
S00586,Uppsala,KB-200,48,F,current,1,high,0,28.4,85.0,5.89,5.48,5.2,1.28,1.18,21.5,MB-2.0,0.714,0.758,2.011,-1.999,-0.503,0.738,-1.591,-1.969,0.187,0.152,0,none,0
S00587,Porto,KB-200,52,F,former,1,high,0,24.7,68.7,5.44,5.6,5.6,1.4,2.06,31.7,MB-2.0,-0.04,-0.097,-0.228,-1.543,1.105,-0.321,-0.564,0.15,-0.192,-0.687,0,none,0
S00588,Leuven,KA-100,54,M,never,0,moderate,0,24.5,77.1,5.35,4.48,2.3,0.46,1.08,22.4,MB-2.0,3.058,2.669,2.491,1.883,2.614,-1.775,-2.001,-1.468,-0.118,-0.189,0,none,0
S00589,Uppsala,KB-200,75,F,never,0,high,0,24.1,70.1,5.27,5.43,5.0,1.21,1.56,25.3,MB-2.0,0.287,0.593,1.024,-1.19,0.574,-0.142,-0.578,-1.593,-0.164,-0.45,0,none,0
S00590,Uppsala,KB-200,61,M,current,0,high,0,19.4,78.2,5.6,5.87,6.6,1.73,1.38,32.2,MB-2.0,0.766,0.848,2.499,1.821,-0.668,0.638,-2.939,-2.346,0.234,0.456,0,none,0
S00591,Aarhus,KA-100,70,F,current,0,moderate,0,20.8,68.3,5.44,4.74,,,2.0,37.1,MB-2.0,-0.517,0.289,-1.298,-1.096,-0.314,0.772,0.633,0.799,-0.223,-0.103,0,none,0
S00592,Aarhus,KA-100,59,F,current,1,high,0,26.1,83.2,5.3,5.6,,,1.46,23.9,MB-2.0,1.063,-0.897,-0.583,0.828,1.149,-0.09,-0.747,-0.737,-0.25,-0.243,0,none,0
S00593,Porto,KB-200,44,M,never,0,high,0,25.5,81.1,5.82,5.08,7.4,1.67,1.91,35.6,MB-2.0,-0.689,-1.523,-2.136,-1.889,0.064,2.033,1.574,2.566,-0.067,0.0,1,diabetes service,1
S00594,Uppsala,KB-200,74,M,never,0,high,0,26.8,85.1,5.3,4.68,3.9,0.82,1.72,43.1,MB-2.0,-1.196,0.551,2.292,0.232,0.96,0.225,-1.811,-1.594,-0.046,0.988,0,dietitian,0
S00595,Aarhus,KA-100,74,F,former,1,high,0,27.4,78.7,5.61,5.39,,,1.67,19.1,MB-2.0,0.562,0.803,0.141,0.63,0.994,-0.868,-0.967,-0.719,0.636,-0.28,0,none,0
S00596,Porto,KB-200,51,F,never,1,moderate,0,20.9,71.2,5.39,4.42,2.2,0.44,1.76,25.9,MB-2.0,0.77,0.417,2.437,-4.028,0.234,-0.945,-1.973,-1.819,0.165,-0.128,0,none,0
S00597,Aarhus,KA-100,55,M,never,0,low,0,22.1,80.0,5.22,5.29,12.1,2.84,1.24,34.2,MB-2.0,2.935,2.877,2.835,2.326,3.821,-3.225,-2.849,-1.97,0.122,0.271,0,none,0
S00598,Uppsala,KB-200,66,M,never,0,high,0,26.8,79.5,5.52,4.57,3.2,0.64,1.64,31.4,MB-2.0,-1.623,1.224,-0.087,-0.131,-0.518,0.472,-0.445,-0.41,-0.162,0.032,0,none,0
S00599,Uppsala,KB-200,45,M,former,0,high,0,25.6,72.6,5.57,5.02,,,1.41,26.2,MB-2.0,-0.663,2.537,3.379,0.188,0.66,-1.132,-2.685,-2.254,-0.094,-0.488,1,none,0
S00600,Porto,KB-200,59,M,never,0,high,0,22.4,70.5,5.6,4.89,,,2.09,20.3,MB-2.0,-0.083,0.131,1.246,-0.919,-0.698,-0.311,-0.74,-1.036,0.209,0.334,0,none,0
S00601,Tartu,KA-100,53,F,former,1,high,0,28.4,88.1,5.54,6.12,,,1.79,25.6,MB-2.0,1.113,1.045,0.54,0.643,1.21,-0.776,-0.125,-0.437,0.288,0.536,0,none,0
S00602,Aarhus,KA-100,64,M,never,0,high,0,28.0,83.2,5.43,5.3,,,1.61,37.2,MB-2.0,0.417,1.079,0.773,0.046,0.059,-0.179,-0.779,-1.007,0.396,-0.748,0,none,0
S00603,Uppsala,KB-200,71,F,never,0,moderate,0,29.1,89.0,6.28,5.81,4.4,1.14,1.53,,MB-2.0,-0.271,-1.043,-0.724,-2.26,0.504,-0.156,1.262,1.111,-0.689,-0.594,0,none,0
S00604,Uppsala,KB-200,69,M,never,1,high,0,29.9,90.5,5.68,4.59,8.7,1.77,1.6,29.0,MB-2.0,0.216,-0.24,0.439,-1.42,-2.63,0.393,-0.125,0.097,0.233,0.246,1,dietitian,1
S00605,Leuven,KA-100,60,F,current,1,high,0,24.8,66.6,5.47,5.62,4.9,1.24,1.96,41.6,MB-2.0,1.47,1.504,1.168,0.912,0.806,-0.96,-0.933,-1.681,0.536,0.136,0,none,0
S00606,Tartu,KA-100,58,M,never,0,moderate,0,24.1,82.0,5.23,5.45,3.0,0.72,1.9,39.1,MB-2.0,1.931,1.144,2.035,1.881,1.883,-0.893,-1.376,-0.785,0.267,-0.279,0,none,0
S00607,Uppsala,KB-200,58,M,former,1,moderate,1,28.6,93.9,6.08,5.34,,,1.44,30.6,MB-2.0,-1.712,-0.641,-0.297,-3.006,-0.144,0.607,0.724,0.356,0.036,0.188,0,none,0
S00608,Leuven,KA-100,55,M,never,0,low,0,22.9,69.3,5.44,5.38,5.5,1.32,0.96,35.2,MB-2.0,-2.162,-1.236,-1.882,-0.703,-1.169,0.957,2.155,1.258,-0.135,0.876,0,none,0
S00609,Uppsala,KB-200,63,F,former,0,high,0,28.4,82.4,5.22,4.3,,,2.02,39.6,MB-2.0,-0.89,-0.3,1.778,-0.748,0.205,-1.038,-0.927,-1.299,-0.314,-0.381,0,none,0
S00610,Leuven,KA-100,52,M,never,0,high,0,25.3,83.1,5.55,4.87,6.5,1.4,2.01,30.2,MB-2.0,-1.288,-0.976,-1.479,-1.068,-1.041,0.506,0.893,0.187,-0.325,0.884,0,none,0
S00611,Tartu,KA-100,54,M,current,1,high,0,24.2,84.4,5.28,5.4,5.5,1.32,2.08,18.3,MB-2.0,-0.54,-0.415,0.198,-0.192,0.233,0.611,0.227,0.367,0.559,0.497,0,none,0
S00612,Porto,KB-200,68,F,never,0,high,1,24.5,69.4,5.47,4.91,2.5,0.53,1.62,32.0,MB-2.0,-1.676,0.263,-0.023,-2.959,-1.322,1.4,0.242,0.47,0.42,0.293,0,none,0
S00613,Tartu,KA-100,68,F,current,0,high,0,24.9,65.2,5.16,4.75,2.6,0.55,1.5,28.2,MB-2.0,1.278,1.203,0.727,1.438,0.717,-1.26,-1.258,-1.0,0.165,-0.357,1,none,0
S00614,Uppsala,KB-200,56,M,never,1,high,0,32.1,108.9,5.58,6.11,,,1.39,34.2,MB-2.0,-1.438,0.251,0.79,-1.691,0.345,0.707,-0.535,0.392,0.199,0.006,0,none,0
S00615,Aarhus,KA-100,65,M,former,0,high,0,32.2,100.4,5.22,4.39,7.3,1.43,1.97,12.7,MB-2.0,-0.18,-0.922,-0.257,-0.039,-0.156,0.163,0.165,0.762,0.701,-0.227,0,none,0
S00616,Tartu,KA-100,62,F,never,0,high,0,24.4,70.5,5.26,4.53,3.3,0.67,2.15,31.7,MB-2.0,3.503,3.539,3.377,2.876,4.004,-3.106,-2.626,-2.05,-0.641,0.473,0,dietitian,0
S00617,Tartu,KA-100,55,F,current,1,moderate,0,25.9,76.5,5.29,5.35,2.1,0.5,1.42,28.0,MB-2.0,2.189,2.247,1.929,2.392,2.567,-2.169,-1.943,-1.818,-0.763,-0.191,0,none,0
S00618,Aarhus,KA-100,61,F,former,0,high,0,26.3,77.6,5.52,5.37,2.2,0.53,2.06,26.0,MB-2.0,1.836,2.809,2.166,3.344,2.834,-3.256,-1.946,-2.2,0.323,-0.291,0,none,0
S00619,Aarhus,KA-100,65,M,former,1,moderate,0,24.5,83.9,5.44,5.37,,,1.21,38.2,MB-2.0,-1.064,-0.316,-0.348,-0.316,-0.307,0.943,0.263,0.572,0.142,-0.056,1,none,0
S00620,Aarhus,KA-100,59,F,former,0,low,0,28.9,81.1,5.83,5.6,6.8,1.69,1.54,36.9,MB-2.0,0.606,0.574,-0.694,0.261,0.054,0.453,-0.569,-0.427,1.239,0.186,1,diabetes service,1
S00621,Porto,KB-200,71,M,never,0,high,0,22.5,71.6,5.29,5.24,3.2,0.75,1.9,38.9,MB-2.0,1.109,-0.078,0.895,-1.146,-0.269,1.516,-1.094,-0.967,-0.263,-1.011,0,diabetes service,0
S00622,Tartu,KA-100,62,M,current,1,moderate,1,32.0,120.2,5.69,5.42,8.8,2.13,1.51,21.1,MB-2.0,1.283,1.078,1.155,1.546,0.874,-0.311,-0.609,-1.076,-0.599,-0.025,0,none,0
S00623,Tartu,KA-100,51,F,former,0,moderate,0,23.4,71.1,6.11,4.74,5.7,1.21,1.29,34.6,MB-2.0,-0.218,-0.052,-0.215,-0.274,0.189,-0.736,0.561,0.36,-0.366,-0.24,0,dietitian,0
S00624,Uppsala,KB-200,61,M,former,0,high,0,20.5,76.4,5.22,4.59,4.3,0.87,1.77,30.1,MB-2.0,-0.461,-0.375,-0.477,-3.331,-0.548,2.225,1.628,1.57,0.002,-0.17,0,none,0
S00625,Aarhus,KA-100,63,F,former,0,high,0,21.8,65.4,5.88,4.85,,,1.53,21.0,MB-2.0,1.33,1.272,0.577,0.679,1.268,-0.881,-1.087,-1.3,0.209,0.293,0,none,0
S00626,Leuven,KA-100,70,F,current,1,high,0,24.0,65.8,5.46,4.42,6.0,1.18,1.38,28.8,MB-2.0,-1.954,-0.838,-0.838,-0.885,-0.424,0.491,0.725,1.6,-0.526,1.013,0,none,0
S00627,Uppsala,KB-200,70,M,former,0,high,0,28.7,102.1,5.26,5.03,3.5,0.79,1.73,27.0,MB-2.0,0.136,1.176,1.22,-0.616,-0.097,-0.394,-1.339,-0.892,-0.233,0.045,0,none,0
S00628,Tartu,KA-100,60,M,current,0,moderate,0,25.0,84.1,5.66,5.57,10.1,2.5,1.33,25.7,MB-2.0,0.199,0.765,0.258,-0.188,0.144,0.134,0.367,0.972,0.422,-0.204,0,dietitian,0
S00629,Porto,KB-200,41,M,former,0,moderate,0,24.8,78.2,5.49,5.05,4.6,1.03,1.32,31.8,MB-2.0,-0.082,0.014,-0.458,-0.482,0.958,0.797,0.119,-0.267,-0.0,-0.046,0,dietitian,0
S00630,Aarhus,KA-100,73,M,never,0,high,0,26.4,90.9,5.22,4.55,3.1,0.62,1.84,32.1,MB-2.0,2.67,1.896,1.971,2.418,2.153,-1.481,-1.49,-1.732,-0.1,0.747,0,none,0
S00631,Tartu,KA-100,63,F,former,0,moderate,0,25.2,72.2,5.42,4.39,5.5,1.07,1.93,30.7,MB-2.0,0.33,0.932,0.825,0.853,1.414,-1.183,-0.353,-0.511,-0.033,0.585,0,none,0
S00632,Leuven,KA-100,64,F,never,0,high,0,22.3,70.0,5.28,5.12,2.6,0.58,1.89,30.7,MB-2.0,-0.75,0.652,-0.951,0.069,0.067,0.477,0.438,-0.079,-0.034,-0.043,0,none,0
S00633,Aarhus,KA-100,52,M,never,0,high,0,24.6,85.9,5.28,5.0,5.0,1.11,1.79,32.1,MB-2.0,0.276,0.17,-0.178,1.317,1.021,-0.619,-0.664,-0.062,0.45,0.625,0,none,0
S00634,Porto,KB-200,43,M,never,0,high,0,23.9,83.0,5.34,6.12,5.4,1.46,2.04,33.0,MB-2.0,0.081,0.129,0.577,1.18,-0.412,2.14,-1.191,-0.107,-0.306,-0.641,1,dietitian,1
S00635,Porto,KB-200,62,M,never,0,high,0,29.3,100.4,5.79,4.93,2.7,0.59,0.94,34.0,MB-2.0,-0.145,0.388,1.996,0.69,0.944,-0.428,-1.832,-1.645,0.042,-0.149,0,none,0
S00636,Tartu,KA-100,55,M,former,0,high,0,27.8,94.2,5.2,4.8,,,1.35,24.8,MB-2.0,3.241,3.906,2.436,3.73,3.366,-3.241,-2.557,-3.481,0.806,-0.392,0,none,0
S00637,Uppsala,KB-200,54,M,former,0,high,0,22.6,84.7,5.82,5.44,8.6,2.07,1.61,29.1,MB-2.0,0.353,0.874,0.008,0.266,0.82,0.817,0.141,-0.064,-1.002,1.184,0,none,0
S00638,Porto,KB-200,53,F,current,1,high,0,24.7,68.6,5.41,5.4,5.2,1.24,1.79,33.9,MB-2.0,0.042,0.934,2.35,-1.296,-0.193,-0.862,-1.263,-1.589,-0.483,-0.02,0,none,0
S00639,Leuven,KA-100,59,F,never,0,high,0,21.6,70.6,5.15,4.81,5.0,1.06,2.02,33.7,MB-2.0,-0.137,1.168,0.289,-0.116,0.483,-0.431,-0.009,-0.731,0.657,0.205,0,none,0
S00640,Leuven,KA-100,62,F,never,0,high,1,33.5,94.5,5.85,5.48,8.5,2.06,1.93,28.4,MB-2.0,-2.233,-0.993,-2.12,-2.031,-0.718,0.995,1.225,0.956,-0.046,-1.11,0,none,0
S00641,Leuven,KA-100,60,M,never,0,moderate,0,32.8,108.8,5.67,4.83,,,1.6,16.0,MB-2.0,1.806,1.84,1.303,1.494,1.141,-1.131,-1.566,-1.193,-0.271,-0.275,0,none,0
S00642,Aarhus,KA-100,65,M,former,1,moderate,0,22.2,75.6,5.34,5.3,5.4,1.28,1.96,21.3,MB-2.0,0.724,-0.15,-0.066,0.52,0.317,-0.562,-0.089,0.431,-0.543,0.011,0,dietitian,0
S00643,Tartu,KA-100,61,F,former,0,high,0,25.3,66.3,5.62,5.61,8.9,2.21,1.95,20.7,MB-2.0,-0.471,-0.016,0.01,-0.13,-0.69,0.101,0.106,0.566,-0.336,-0.239,0,none,0
S00644,Aarhus,KA-100,51,F,former,0,moderate,0,26.7,80.3,5.27,5.23,4.2,0.97,1.6,34.1,MB-2.0,2.069,1.583,2.053,1.167,1.549,-1.786,-1.656,-1.126,0.506,-0.01,0,none,0
S00645,Aarhus,KA-100,57,F,former,0,moderate,0,25.5,78.1,5.41,5.21,,,1.55,33.0,MB-2.0,0.829,1.774,1.884,0.995,1.272,-0.78,-1.752,-1.256,-0.747,-0.056,0,none,0
S00646,Aarhus,KA-100,47,M,former,0,low,0,23.5,81.3,5.74,6.06,12.0,3.22,1.11,,MB-2.0,-0.577,-0.414,-0.406,-0.029,-0.698,0.643,0.731,0.674,0.171,-0.344,0,none,0
S00647,Tartu,KA-100,61,M,never,0,moderate,0,29.1,94.8,5.25,4.34,10.7,2.07,1.58,31.6,MB-2.0,0.667,0.525,-0.039,0.543,0.161,-0.637,-0.16,0.033,-0.589,-0.116,0,none,0
S00648,Tartu,KA-100,53,M,never,0,high,0,25.8,96.2,5.27,5.48,7.8,1.89,1.88,21.1,MB-2.0,0.343,0.324,-0.014,0.683,0.76,-0.426,-0.183,-0.387,-0.244,-1.094,0,none,0
S00649,Leuven,KA-100,68,M,former,0,high,0,25.8,95.3,5.18,5.67,5.3,1.32,1.84,21.0,MB-2.0,0.654,0.798,0.604,1.252,1.308,-0.085,-1.12,-1.26,0.078,0.213,0,none,0
S00650,Leuven,KA-100,59,F,never,0,high,0,23.6,74.5,5.3,5.06,4.9,1.11,2.0,31.2,MB-2.0,1.352,1.069,0.609,1.161,0.754,-1.326,-1.008,-0.878,0.371,-0.18,0,none,0
S00651,Tartu,KA-100,63,F,never,0,moderate,0,37.2,113.5,5.95,5.36,6.6,1.58,1.81,15.4,MB-2.0,1.91,1.237,1.255,1.652,1.617,-0.959,-1.461,-0.693,0.615,-0.364,0,none,0
S00652,Leuven,KA-100,55,F,current,1,moderate,0,23.2,67.7,5.42,5.25,,,1.48,36.2,MB-2.0,0.16,0.113,-0.696,0.077,0.474,0.932,0.34,0.164,0.689,-0.171,0,none,0
S00653,Leuven,KA-100,47,F,former,1,moderate,0,25.9,89.3,5.34,5.59,4.3,1.06,1.7,30.0,MB-2.0,1.298,1.165,1.41,2.793,1.667,-1.904,-2.45,-1.612,0.146,0.029,0,none,0
S00654,Leuven,KA-100,56,F,never,0,high,0,24.7,69.4,5.49,4.45,2.0,0.4,1.38,20.5,MB-2.0,0.611,0.717,0.63,0.49,1.024,-1.17,-0.482,-0.31,-0.306,-0.025,0,none,0
S00655,Aarhus,KA-100,58,M,never,0,high,0,22.0,70.3,5.56,5.86,2.6,0.67,1.42,23.1,MB-2.0,-1.596,-1.054,-0.928,-1.144,-0.834,1.129,0.366,0.616,0.295,0.521,0,none,0
S00656,Porto,KB-200,46,M,never,0,high,0,19.9,65.6,5.17,6.39,8.6,2.46,1.5,33.8,MB-2.0,-1.344,0.634,2.385,1.648,0.782,0.086,-2.599,-1.821,-0.055,-0.151,0,none,0
S00657,Leuven,KA-100,51,F,never,0,moderate,1,29.0,87.4,5.68,6.67,7.5,2.23,1.35,23.9,MB-2.0,0.068,0.417,0.524,0.239,0.806,-0.662,-0.324,-0.072,-0.579,0.695,0,none,0
S00658,Porto,KB-200,58,M,former,0,high,0,26.0,86.9,5.86,5.22,2.5,0.59,1.47,34.6,MB-2.0,1.284,0.403,3.577,1.033,1.68,-0.101,-3.182,-3.103,-0.4,-0.009,0,none,0
S00659,Leuven,KA-100,60,F,never,0,high,0,26.9,77.6,5.59,5.01,3.5,0.79,2.24,32.4,MB-2.0,2.552,2.206,3.973,3.832,3.512,-3.343,-2.015,-3.022,0.18,0.497,0,none,0
S00660,Porto,KB-200,57,M,never,0,high,0,21.1,73.4,5.32,4.91,2.7,0.59,1.94,43.5,MB-2.0,0.497,0.868,0.771,0.547,0.34,-0.389,0.476,-0.926,0.575,-0.53,0,none,0
S00661,Leuven,KA-100,64,M,never,0,high,0,29.7,90.6,5.4,4.81,4.2,0.9,1.4,37.5,MB-2.0,-0.408,0.4,0.106,0.37,-0.162,0.331,-0.274,-0.226,0.229,-0.133,0,dietitian,0
S00662,Tartu,KA-100,51,M,never,0,high,0,26.1,84.7,5.22,6.02,11.1,2.96,1.55,35.1,MB-2.0,-0.946,-1.291,-1.91,-1.276,-1.797,2.025,1.203,0.877,0.293,-0.654,0,none,0
S00663,Tartu,KA-100,48,M,never,0,high,0,22.7,78.0,5.26,4.5,3.4,0.69,1.48,34.1,MB-2.0,-2.115,-1.08,-1.821,-1.648,-1.568,1.435,1.384,1.365,-0.092,0.129,0,none,0
S00664,Uppsala,KB-200,57,F,former,1,high,0,27.8,77.9,5.26,4.98,6.1,1.36,2.16,36.5,MB-2.0,-1.549,-0.001,0.92,0.898,-0.81,-0.611,-0.423,-1.379,-0.119,-1.004,0,none,0
S00665,Leuven,KA-100,63,M,former,0,high,1,20.8,75.6,5.25,4.47,5.1,1.01,2.23,29.1,MB-2.0,0.439,-0.459,-0.501,-0.137,-0.0,-0.636,-0.474,-0.658,-0.223,0.567,0,none,0
S00666,Tartu,KA-100,54,M,current,0,high,0,23.5,82.0,5.58,5.28,3.8,0.89,0.74,33.8,MB-2.0,-0.207,-0.692,-0.323,-0.915,-0.874,0.819,0.043,0.438,0.249,-0.071,0,diabetes service,0
S00667,Uppsala,KB-200,60,F,never,0,high,0,28.6,83.2,5.25,4.65,,,2.11,29.8,MB-2.0,-0.616,-0.395,-0.224,-1.671,-0.372,0.365,0.003,-0.167,0.375,-0.119,0,none,0
S00668,Leuven,KA-100,52,M,never,0,moderate,0,20.6,71.2,5.18,5.6,2.3,0.56,1.63,28.0,MB-2.0,-0.958,-0.38,-1.105,-0.506,-0.874,0.453,0.707,0.871,-0.646,0.193,0,none,0
S00669,Leuven,KA-100,49,M,never,1,high,0,24.7,85.0,5.55,5.18,6.1,1.4,1.9,27.1,MB-2.0,1.053,1.305,1.342,1.377,1.275,-0.678,-1.242,-1.462,0.036,0.724,1,none,0
S00670,Aarhus,KA-100,62,M,never,0,high,0,31.6,103.5,5.25,4.51,6.3,1.27,1.55,28.0,MB-2.0,-0.094,0.015,-0.858,0.875,-0.25,0.243,-0.159,-0.644,0.235,0.856,0,none,0
S00671,Uppsala,KB-200,54,M,never,0,moderate,0,29.2,105.1,5.81,6.37,11.7,3.3,1.59,16.0,MB-2.0,0.001,0.443,0.042,-1.766,-0.441,-0.128,-0.329,-1.084,-0.038,-0.06,0,none,0
S00672,Porto,KB-200,65,M,never,0,high,0,19.3,67.7,5.29,5.39,,,1.68,25.7,MB-2.0,-0.098,0.622,3.571,-0.355,1.155,-1.295,-3.474,-3.617,-0.292,0.286,0,none,0
S00673,Leuven,KA-100,49,F,never,0,high,0,30.3,87.9,5.62,6.44,6.7,1.93,1.68,25.7,MB-2.0,0.929,1.081,0.862,1.137,0.636,-0.132,-0.812,-0.336,-0.107,0.287,0,none,0
S00674,Tartu,KA-100,65,M,never,0,high,0,25.8,91.5,5.25,5.57,2.3,0.57,1.44,29.3,MB-2.0,0.662,1.019,0.866,0.715,1.173,-0.606,-0.877,-0.698,-0.212,-0.774,0,none,0
S00675,Uppsala,KB-200,64,F,current,0,high,0,33.0,95.7,5.69,5.66,5.3,1.34,1.77,24.6,MB-2.0,-2.357,1.601,-0.536,-0.487,-0.553,0.205,-0.092,0.906,-0.753,-0.129,0,none,0
S00676,Aarhus,KA-100,62,F,never,0,moderate,0,29.3,85.5,5.22,5.11,7.0,1.59,1.71,26.5,MB-2.0,2.402,2.729,2.446,2.44,1.335,-1.359,-1.597,-1.966,0.319,-0.463,0,none,0
S00677,Uppsala,KB-200,50,M,never,0,high,0,21.2,77.2,5.46,5.25,,,1.77,28.3,MB-2.0,-1.245,0.153,-0.292,-1.833,0.915,-0.321,0.574,0.165,0.165,-0.218,0,none,0
S00678,Aarhus,KA-100,59,F,never,0,high,1,27.8,85.0,5.66,5.69,5.3,1.33,1.71,26.3,MB-2.0,2.073,1.439,1.359,1.888,1.574,-2.522,-1.113,-1.619,0.62,0.104,0,none,0
S00679,Aarhus,KA-100,65,F,former,0,high,0,27.1,80.4,5.2,4.78,7.1,1.51,2.29,36.1,MB-2.0,0.07,0.074,0.107,-0.169,-0.51,-0.15,0.706,0.379,-1.129,0.61,1,none,0
S00680,Aarhus,KA-100,57,F,never,1,high,0,26.9,83.8,5.77,5.95,4.7,1.25,1.62,,MB-2.0,-1.223,-0.43,-0.152,-0.635,-0.823,0.735,1.163,1.311,0.23,0.465,0,none,0
S00681,Leuven,KA-100,68,M,former,0,high,0,29.6,100.4,5.34,4.87,4.9,1.06,2.05,24.4,MB-2.0,1.089,1.508,0.586,0.974,0.854,-0.702,-0.469,-1.316,-0.11,-0.337,0,none,0
S00682,Porto,KB-200,53,M,former,0,high,0,26.6,85.0,5.5,5.56,2.4,0.58,1.73,31.3,MB-2.0,-0.743,-0.228,1.353,-2.453,0.155,0.348,-1.002,-1.533,0.391,0.029,0,diabetes service,0
S00683,Tartu,KA-100,56,M,former,0,high,1,33.9,101.0,5.46,6.01,4.8,1.29,1.34,26.3,MB-2.0,1.651,1.779,0.568,0.567,0.752,-2.201,-0.863,-1.287,-0.056,0.129,0,dietitian,0
S00684,Aarhus,KA-100,55,F,never,0,high,0,28.5,72.4,5.46,5.11,4.9,1.12,2.26,23.8,MB-2.0,-0.671,-0.539,-0.002,-1.015,-0.356,-0.029,-0.099,0.956,0.461,0.495,0,none,0
S00685,Uppsala,KB-200,60,M,current,0,high,1,20.2,65.1,5.16,4.53,,,1.7,31.7,MB-2.0,-0.037,-0.4,-0.103,1.17,-0.879,0.581,-0.479,-1.667,0.126,-0.423,0,none,0
S00686,Porto,KB-200,62,F,current,0,high,0,23.3,65.6,5.72,5.38,3.7,0.88,1.8,21.1,MB-2.0,0.905,-0.246,2.553,-1.368,-0.314,-0.924,-1.78,-0.559,0.006,-0.217,0,none,0
S00687,Uppsala,KB-200,71,M,current,1,high,1,26.1,90.8,5.16,4.54,2.6,0.53,1.92,31.1,MB-2.0,-1.117,-0.371,0.817,-0.02,-0.584,-0.5,-1.215,-1.641,0.38,-0.365,0,none,0
S00688,Leuven,KA-100,63,F,current,0,moderate,0,25.3,74.9,6.15,6.44,4.2,1.21,1.17,20.8,MB-2.0,0.654,1.063,0.663,0.491,0.864,0.729,-0.393,-0.341,0.178,0.251,0,none,0
S00689,Porto,KB-200,58,F,never,0,high,1,24.8,73.9,5.65,5.43,7.0,1.68,1.59,35.2,MB-2.0,-0.997,-0.119,-1.06,-1.502,-0.071,-0.066,0.435,0.026,0.207,0.211,0,none,0
S00690,Tartu,KA-100,62,M,never,0,moderate,0,26.8,102.2,5.26,5.45,3.1,0.75,1.56,28.5,MB-2.0,1.619,1.586,1.416,1.5,2.261,-1.446,-1.443,-1.593,0.636,-0.277,0,none,0
S00691,Porto,KB-200,45,F,never,0,high,0,26.9,74.7,5.5,4.75,,,1.84,21.4,MB-2.0,-0.71,-0.264,-1.254,-0.368,-0.578,1.217,1.627,1.049,-0.835,-0.073,0,none,0
S00692,Tartu,KA-100,66,M,never,1,high,0,24.2,86.7,5.57,5.73,3.2,0.82,1.95,21.0,MB-2.0,0.868,-0.49,-0.137,0.027,0.449,-0.199,-0.902,-0.24,-0.263,0.263,0,diabetes service,0
S00693,Leuven,KA-100,68,F,former,0,high,0,26.6,79.3,5.62,5.03,2.1,0.48,1.58,30.3,MB-2.0,0.522,0.134,0.176,-0.242,-0.008,0.341,-0.262,0.012,0.245,-0.199,0,none,0
S00694,Uppsala,KB-200,43,F,former,0,high,0,26.6,76.2,5.25,5.54,8.4,2.07,1.93,31.9,MB-2.0,-1.364,2.383,0.822,1.095,0.571,0.876,-0.551,0.546,-0.674,0.051,0,dietitian,0
S00695,Uppsala,KB-200,54,M,current,0,high,0,25.9,81.6,5.36,4.93,3.3,0.72,1.61,25.4,MB-2.0,0.664,-0.029,0.206,-1.8,-0.739,-0.132,-0.352,-0.155,-0.244,0.136,0,none,0
S00696,Leuven,KA-100,64,M,former,1,moderate,0,20.7,69.2,5.68,5.92,3.1,0.8,1.39,30.3,MB-2.0,-0.842,-0.525,-1.361,-1.58,-1.694,1.612,1.07,1.154,-0.241,-0.271,0,none,0
S00697,Porto,KB-200,67,M,never,0,high,0,28.6,100.1,5.41,5.94,6.9,1.82,1.78,46.3,MB-2.0,-1.526,-1.865,-1.735,-1.612,-0.699,0.491,1.064,2.054,0.13,0.362,0,none,0
S00698,Leuven,KA-100,56,M,never,0,moderate,0,28.2,86.0,5.35,5.55,9.3,2.29,1.41,18.4,MB-2.0,0.78,0.702,0.591,0.625,0.879,-0.244,0.155,-0.365,-0.154,-1.014,0,diabetes service,0
S00699,Aarhus,KA-100,79,M,former,0,moderate,0,31.5,102.6,5.54,5.28,3.7,0.86,2.02,25.5,MB-2.0,0.788,1.445,1.51,0.449,0.541,-0.96,0.416,-0.075,-0.138,-0.449,0,none,0
S00700,Leuven,KA-100,74,M,never,0,high,0,31.7,111.8,5.41,5.15,10.3,2.36,1.32,37.3,MB-2.0,-0.789,-0.781,-0.533,-1.104,-0.865,1.246,0.949,1.468,-0.1,-0.221,1,diabetes service,1
S00701,Tartu,KA-100,71,F,former,0,high,0,30.5,85.3,5.72,6.14,,,1.01,24.5,MB-2.0,-0.191,-0.619,-0.796,0.198,-1.132,0.549,0.547,0.558,-0.3,-0.134,1,dietitian,0
S00702,Tartu,KA-100,58,F,never,0,high,0,23.3,70.8,6.02,5.43,9.7,2.34,1.47,26.4,MB-2.0,5.193,5.414,4.567,4.99,4.454,-3.938,-4.167,-3.804,-0.388,-0.196,0,none,0
S00703,Porto,KB-200,50,F,never,0,high,0,20.5,67.9,5.75,5.56,,,1.28,25.5,MB-2.0,0.373,1.26,2.89,-1.017,-0.694,0.15,-2.265,-2.167,-0.174,0.281,1,none,0
S00704,Leuven,KA-100,55,M,never,0,moderate,0,23.9,71.7,5.79,5.52,,,1.63,23.1,MB-2.0,-0.927,-0.469,-0.122,-0.8,-1.392,0.53,0.8,0.498,0.89,0.224,1,diabetes service,1
S00705,Uppsala,KB-200,53,F,former,0,high,0,22.8,66.5,5.4,5.75,3.5,0.89,2.1,35.7,MB-2.0,-2.106,-1.057,-0.456,-2.19,-0.311,1.522,0.579,0.761,-0.524,0.222,0,none,0
S00706,Tartu,KA-100,57,M,current,0,moderate,0,27.7,95.7,5.71,5.11,3.8,0.87,1.52,,MB-2.0,1.191,1.371,2.498,1.485,1.2,-1.406,-1.853,-1.948,0.277,0.247,0,none,0
S00707,Aarhus,KA-100,56,F,former,0,high,1,26.5,68.1,5.56,5.84,5.6,1.44,1.83,37.9,MB-2.0,0.994,-0.008,0.851,1.196,0.578,-0.452,-0.508,-0.906,-0.083,-0.348,0,diabetes service,0
S00708,Porto,KB-200,41,M,never,0,high,0,23.1,72.0,5.2,5.69,3.0,0.76,2.16,41.3,MB-2.0,-0.144,-0.867,0.3,-2.776,0.88,0.714,0.869,0.872,0.051,0.609,0,none,0
S00709,Aarhus,KA-100,61,F,never,0,high,0,21.4,68.1,5.41,4.59,6.2,1.26,1.61,30.4,MB-2.0,-0.145,0.385,0.555,0.132,0.604,-0.574,-0.472,0.066,0.593,0.375,0,none,0
S00710,Uppsala,KB-200,52,M,former,0,high,0,27.3,93.0,5.59,5.77,10.8,2.77,1.65,26.9,MB-2.0,0.097,0.811,0.187,-2.102,-0.197,-0.32,-1.544,-0.579,0.144,0.446,0,none,0
S00711,Tartu,KA-100,53,F,current,0,high,0,29.5,95.5,5.28,6.01,5.5,1.46,1.16,33.4,MB-2.0,-1.502,-1.432,-0.552,-0.63,-0.606,0.86,1.153,0.656,0.316,0.173,0,none,0
S00712,Tartu,KA-100,53,F,never,0,high,0,27.0,72.6,5.96,4.87,7.6,1.64,1.6,35.7,MB-2.0,0.549,-0.072,-0.462,0.134,0.696,-0.16,-0.275,0.599,0.046,-0.683,0,none,0
S00713,Porto,KB-200,62,F,never,0,high,0,19.4,65.7,5.23,5.48,3.6,0.87,2.02,33.4,MB-2.0,0.549,0.154,2.236,0.773,1.318,-0.226,-1.83,-1.457,-0.509,0.659,0,none,0
S00714,Uppsala,KB-200,50,M,former,1,high,0,25.2,89.4,5.48,5.78,7.3,1.88,1.37,31.6,MB-2.0,-0.246,1.281,0.821,-0.282,-0.367,-0.539,-0.21,-0.45,-0.133,0.265,0,none,0
S00715,Leuven,KA-100,51,F,never,0,high,0,24.8,73.5,5.53,5.5,3.6,0.88,1.98,24.4,MB-2.0,-0.788,-1.77,-0.774,-0.572,-1.131,1.135,1.416,1.823,-0.148,-0.204,0,none,0
S00716,Aarhus,KA-100,53,M,current,0,high,0,27.8,104.7,5.18,4.81,,,1.4,26.3,MB-2.0,0.523,-0.285,0.736,-0.331,0.083,0.268,0.212,-0.143,0.109,-0.032,0,none,0
S00717,Tartu,KA-100,56,F,never,0,moderate,0,22.7,68.0,5.34,5.33,4.2,1.0,2.01,24.9,MB-2.0,-0.026,0.746,-0.026,0.792,0.164,-0.076,-0.117,0.131,-0.087,0.451,0,dietitian,0
S00718,Porto,KB-200,49,F,never,0,high,0,24.5,79.1,5.22,6.13,2.0,0.55,2.08,39.6,MB-2.0,0.564,-0.326,-0.086,0.053,-0.064,0.218,-0.156,-0.038,0.567,-0.093,0,none,0
S00719,Tartu,KA-100,55,M,never,0,high,0,25.5,90.2,5.17,4.76,7.2,1.53,1.85,37.9,MB-2.0,-1.808,-1.779,-1.526,-1.62,-2.162,1.457,1.675,1.395,0.291,0.611,0,none,0
S00720,Uppsala,KB-200,52,F,never,1,high,0,23.1,73.5,5.25,4.98,,,2.13,37.0,MB-2.0,-1.225,0.203,-0.743,-1.783,-1.066,1.683,0.433,0.637,-0.17,0.319,0,dietitian,0
S00721,Porto,KB-200,58,M,former,0,moderate,0,26.0,83.3,5.33,5.36,5.6,1.34,1.09,31.9,MB-2.0,0.196,-0.931,-0.665,0.482,1.149,1.466,0.07,0.89,0.551,-0.093,1,diabetes service,1
S00722,Leuven,KA-100,58,M,current,0,moderate,0,31.0,101.3,5.88,4.75,8.4,1.78,0.75,25.9,MB-2.0,-0.489,-0.531,-0.548,-0.412,-0.683,0.001,0.068,0.531,0.298,0.159,0,none,0
S00723,Aarhus,KA-100,75,F,never,0,moderate,0,30.5,84.5,5.75,5.88,3.0,0.78,2.16,28.4,MB-2.0,1.732,1.759,2.31,2.63,3.097,-2.46,-2.155,-2.191,0.33,0.19,0,none,0
S00724,Uppsala,KB-200,63,M,former,0,high,0,26.7,93.7,5.92,4.9,11.7,2.55,1.64,23.9,MB-2.0,0.152,-0.031,-0.254,-0.761,-0.197,-0.552,0.9,1.41,0.897,-0.13,0,none,0
S00725,Porto,KB-200,62,M,never,0,high,0,36.3,121.6,6.04,6.18,2.8,0.77,1.56,30.9,MB-2.0,-1.725,-1.999,1.538,-1.752,-0.654,-0.253,-0.79,-0.575,0.686,0.14,1,diabetes service,1
S00726,Tartu,KA-100,73,M,former,0,high,0,30.0,108.2,5.18,4.69,2.3,0.48,1.45,15.7,MB-2.0,-1.402,-1.342,-1.657,-0.694,-1.212,1.071,0.328,1.124,0.272,0.156,0,dietitian,0
S00727,Porto,KB-200,61,F,former,0,high,0,31.0,95.5,5.85,5.08,5.4,1.22,1.96,38.7,MB-2.0,-0.195,-1.508,2.765,-0.46,-0.018,-1.044,-1.84,-2.12,0.336,-0.206,0,none,0
S00728,Aarhus,KA-100,54,F,current,0,high,1,26.7,71.9,5.52,4.86,8.4,1.81,1.81,18.5,MB-2.0,1.035,-0.45,-0.473,0.233,0.676,0.001,0.227,-0.346,0.519,-0.096,0,dietitian,0
S00729,Tartu,KA-100,47,F,former,1,moderate,0,23.8,78.1,6.37,4.74,5.1,1.07,1.63,21.3,MB-2.0,2.971,2.367,2.456,2.247,3.131,-1.734,-2.945,-2.772,-0.642,0.283,0,none,0
S00730,Tartu,KA-100,51,M,never,0,high,0,30.3,105.6,5.24,4.95,2.4,0.52,1.66,24.4,MB-2.0,2.206,1.427,0.898,1.704,1.433,-2.645,-2.247,-1.911,0.176,0.322,0,diabetes service,0
S00731,Tartu,KA-100,45,M,never,0,high,0,22.8,77.9,5.48,5.43,2.9,0.7,1.77,30.9,MB-2.0,2.641,1.747,0.774,1.251,1.888,-2.055,-1.096,-1.782,-0.127,-0.658,0,none,0
S00732,Porto,KB-200,62,F,former,0,high,0,24.2,75.1,5.3,4.87,3.9,0.84,1.79,35.1,MB-2.0,0.377,0.206,1.963,-0.481,0.302,-0.191,-2.333,-2.435,0.373,0.809,0,dietitian,0
S00733,Aarhus,KA-100,67,F,never,0,high,0,28.0,81.6,5.34,4.31,2.8,0.53,1.62,31.8,MB-2.0,1.172,1.332,1.786,1.191,2.318,-1.395,-0.839,-1.438,-0.37,0.245,0,dietitian,0
S00734,Uppsala,KB-200,57,M,never,1,high,0,32.7,102.5,5.28,5.17,7.7,1.77,1.91,15.0,MB-2.0,-1.829,-0.298,-2.008,-2.409,0.391,0.38,2.733,1.431,-0.3,0.353,0,dietitian,0
S00735,Tartu,KA-100,55,M,never,0,high,0,28.4,81.6,5.68,4.88,8.1,1.75,1.68,24.4,MB-2.0,1.409,1.723,1.76,0.732,1.777,-1.486,-0.974,-1.681,0.211,-0.153,0,none,0
S00736,Leuven,KA-100,52,F,current,0,high,0,28.9,90.4,5.62,4.66,,,1.41,23.8,MB-2.0,3.727,3.519,3.197,3.425,3.376,-3.035,-3.321,-2.695,0.155,-0.18,0,dietitian,0
S00737,Leuven,KA-100,69,F,former,0,moderate,0,22.4,75.1,5.37,5.4,13.7,3.29,1.47,35.8,MB-2.0,0.775,0.09,0.627,0.177,-0.837,0.313,-0.024,-0.423,0.347,0.107,0,none,0
S00738,Uppsala,KB-200,53,F,current,0,high,0,26.8,73.1,5.18,5.37,2.1,0.5,1.77,29.2,MB-2.0,-1.223,-2.17,-0.2,-1.163,1.034,0.402,0.262,0.237,-0.317,-0.421,0,none,0
S00739,Tartu,KA-100,76,F,former,1,high,0,20.2,69.0,5.17,5.23,4.1,0.95,1.91,37.6,MB-2.0,1.334,1.033,1.057,0.485,1.413,-0.415,-0.794,-0.855,-0.41,0.525,0,dietitian,0
S00740,Uppsala,KB-200,66,F,former,0,moderate,0,19.2,66.9,5.56,4.32,2.6,0.5,2.09,35.6,MB-2.0,-0.036,-0.455,-1.385,-0.482,0.882,2.326,0.274,0.678,-0.646,-0.152,1,none,0
S00741,Aarhus,KA-100,47,F,current,0,high,0,29.9,82.1,5.3,5.53,6.7,1.64,1.7,23.7,MB-2.0,-1.816,-1.715,-0.255,-1.077,-0.637,0.525,1.624,0.801,-0.22,-0.59,0,none,0
S00742,Aarhus,KA-100,61,M,never,0,high,0,23.7,85.9,5.44,5.47,10.3,2.5,0.95,14.9,MB-2.0,-1.248,-0.941,-0.216,-0.274,-0.017,-0.314,0.055,0.294,-0.496,0.365,0,none,0
S00743,Aarhus,KA-100,54,M,former,0,high,1,31.9,107.0,5.46,5.7,5.9,1.5,1.19,17.9,MB-2.0,-2.816,-3.139,-3.026,-2.763,-2.565,2.436,2.619,2.244,-0.616,0.802,1,diabetes service,1
S00744,Leuven,KA-100,61,M,never,0,high,1,27.3,92.1,5.45,5.15,2.9,0.66,1.76,39.8,MB-2.0,0.296,0.455,0.335,-0.08,0.163,-0.351,-0.391,0.063,-0.22,-0.33,0,none,0
S00745,Uppsala,KB-200,41,F,never,1,high,0,26.1,79.8,5.59,5.08,,,1.73,23.9,MB-2.0,-0.001,-0.331,-0.778,0.026,-1.041,0.07,-0.205,-0.578,0.69,0.93,0,none,0
S00746,Aarhus,KA-100,68,M,never,0,high,0,27.2,89.3,5.27,6.13,2.3,0.63,0.79,26.9,MB-2.0,-1.017,-0.578,-0.582,-0.755,-0.644,0.701,-0.326,0.359,0.577,-0.223,0,none,0
S00747,Uppsala,KB-200,50,F,former,1,high,0,22.9,73.3,5.56,4.94,4.6,1.01,2.08,28.0,MB-2.0,-0.729,-0.402,0.16,-0.606,0.241,0.454,-0.976,-0.062,0.244,-0.3,0,none,0
S00748,Uppsala,KB-200,42,M,never,1,low,0,35.1,123.0,5.63,5.23,4.4,1.03,1.56,27.0,MB-2.0,0.782,0.15,0.678,-1.283,1.114,0.413,-0.774,-0.097,-0.162,-0.356,0,none,0
S00749,Tartu,KA-100,63,M,former,0,moderate,0,27.1,92.8,6.18,6.07,10.9,2.94,1.27,29.0,MB-2.0,0.378,0.294,1.042,1.056,0.08,-0.167,-0.603,0.353,-0.413,0.114,0,none,0
S00750,Uppsala,KB-200,60,M,former,0,moderate,0,23.4,87.5,5.31,5.55,6.4,1.58,1.75,36.9,MB-2.0,-0.077,1.36,1.508,0.761,-0.077,0.607,-1.442,-1.183,0.086,-0.032,0,none,0
S00751,Tartu,KA-100,68,F,never,0,moderate,0,28.8,92.9,5.38,5.29,10.9,2.57,1.65,14.8,MB-2.0,-3.14,-2.245,-1.571,-1.207,-2.589,1.672,2.404,1.157,-0.384,0.054,0,dietitian,0
S00752,Uppsala,KB-200,48,F,never,0,moderate,0,26.2,67.4,5.68,6.05,2.9,0.78,1.87,30.7,MB-2.0,0.271,0.197,3.163,-0.455,-0.676,-2.479,-2.976,-2.078,0.101,0.395,1,diabetes service,1
S00753,Tartu,KA-100,57,M,never,0,moderate,0,20.9,70.7,5.42,5.53,5.5,1.36,1.44,30.0,MB-2.0,-0.597,-0.596,-1.692,-1.466,-1.209,0.632,1.103,1.045,-0.475,0.407,0,dietitian,0
S00754,Porto,KB-200,44,M,never,0,high,0,24.9,81.1,5.69,4.3,9.7,1.86,1.53,26.6,MB-2.0,-0.636,-0.652,0.599,-3.109,1.444,-0.184,-0.973,-0.966,0.054,0.221,0,none,0
S00755,Porto,KB-200,62,M,never,0,high,0,25.6,87.7,5.5,5.01,,,1.18,38.3,MB-2.0,0.737,0.652,2.362,2.155,-0.198,0.504,-1.528,-1.604,0.218,0.067,0,none,0
S00756,Aarhus,KA-100,54,F,former,0,low,0,25.0,80.1,5.39,5.15,,,1.96,18.5,MB-2.0,2.468,2.168,1.107,1.401,1.068,-1.507,-1.344,-1.594,0.034,-0.78,0,none,0
S00757,Aarhus,KA-100,73,F,never,0,high,0,34.6,106.6,6.01,5.66,10.5,2.65,1.48,26.1,MB-2.0,-0.54,-0.77,-0.987,-0.403,-1.614,0.914,0.512,0.947,0.312,0.586,0,diabetes service,1
S00758,Tartu,KA-100,62,F,current,1,high,0,27.8,83.4,5.45,5.7,8.4,2.13,1.75,34.4,MB-2.0,1.538,1.545,1.291,0.684,1.534,-1.728,-1.306,-2.59,-0.12,0.212,0,none,0
S00759,Uppsala,KB-200,44,F,never,0,moderate,0,22.9,70.0,5.42,5.62,3.7,0.92,1.51,36.8,MB-2.0,-0.529,0.218,-2.692,-1.045,-0.653,-0.563,2.065,0.921,-0.184,-0.058,0,none,0
S00760,Aarhus,KA-100,52,F,never,0,high,0,32.4,95.8,5.72,5.86,4.5,1.17,1.6,26.2,MB-2.0,-1.572,-1.191,-0.867,-0.782,-0.804,0.833,1.479,1.732,-0.299,-0.113,1,diabetes service,1
S00761,Tartu,KA-100,62,M,never,0,high,0,20.2,73.6,5.45,5.3,4.4,1.03,1.66,32.5,MB-2.0,-2.107,-2.124,-2.363,-1.853,-1.368,1.435,1.373,2.555,-0.775,0.492,0,none,0
S00762,Aarhus,KA-100,59,F,never,0,high,0,23.7,77.7,5.61,5.07,,,1.76,23.8,MB-2.0,2.236,2.172,1.607,2.194,2.245,-1.591,-2.539,-2.118,0.016,0.326,0,none,0
S00763,Uppsala,KB-200,58,M,never,0,high,0,24.5,75.4,5.22,4.98,2.3,0.51,1.37,32.3,MB-2.0,-0.033,-0.843,0.914,-2.261,-0.788,0.137,-0.21,0.004,0.061,-0.291,0,none,0
S00764,Tartu,KA-100,40,F,never,0,low,0,20.3,67.5,5.7,4.58,4.9,1.0,1.99,29.6,MB-2.0,0.796,0.488,0.565,0.614,0.526,-0.184,-0.9,-0.641,0.34,-0.149,0,none,0
S00765,Tartu,KA-100,72,F,current,0,high,0,22.8,68.4,5.15,4.71,2.4,0.5,2.6,38.0,MB-2.0,2.465,1.501,1.694,2.019,1.744,-1.26,-1.763,-0.864,0.584,-0.069,0,none,0
S00766,Porto,KB-200,65,F,never,0,high,0,27.2,76.9,5.32,5.3,4.1,0.96,2.13,28.9,MB-2.0,-1.221,-2.222,-0.395,-1.091,-2.159,-0.205,2.237,1.077,0.766,-0.243,0,dietitian,0
S00767,Leuven,KA-100,53,M,never,0,high,1,29.0,89.2,5.49,5.26,2.1,0.5,1.27,14.4,MB-2.0,0.985,1.235,1.883,1.27,1.277,-0.209,-1.951,-1.919,-0.52,0.123,1,diabetes service,1
S00768,Porto,KB-200,54,F,never,1,high,0,27.4,69.0,5.71,4.96,,,1.62,45.0,MB-2.0,-1.402,0.925,-1.841,-1.874,-0.779,0.616,1.474,1.876,0.385,0.262,0,none,0
S00769,Tartu,KA-100,65,F,current,0,high,0,28.0,80.2,5.38,5.12,3.7,0.84,1.35,41.0,MB-2.0,-0.333,-0.239,0.044,-0.123,0.496,0.087,-0.339,-0.574,-0.704,-0.018,0,none,0
S00770,Aarhus,KA-100,73,M,never,0,high,1,24.5,82.4,5.29,4.68,3.6,0.75,1.93,36.0,MB-2.0,-0.418,0.104,-0.031,-0.567,0.803,0.119,0.105,-0.912,0.144,0.121,0,none,0
S00771,Uppsala,KB-200,63,M,never,0,high,0,21.2,67.8,5.15,5.67,9.1,2.3,1.66,32.4,MB-2.0,-1.43,0.161,0.623,1.012,-1.599,1.356,0.423,-0.007,0.066,-0.091,0,none,0
S00772,Uppsala,KB-200,51,M,former,0,high,0,23.3,74.6,5.57,4.72,3.7,0.78,1.83,24.0,MB-2.0,0.861,-2.796,0.078,0.658,0.688,0.41,-0.077,-0.199,0.18,0.057,0,none,0
S00773,Tartu,KA-100,58,M,former,1,high,0,27.6,76.8,5.44,4.51,3.5,0.71,1.91,23.5,MB-2.0,0.826,1.001,0.906,1.015,1.529,-0.959,-1.444,-0.589,0.312,-0.008,0,none,0
S00774,Uppsala,KB-200,68,M,former,0,high,0,28.6,100.8,5.3,5.08,4.9,1.12,1.49,55.0,MB-2.0,-0.719,-0.52,-0.011,1.588,0.861,-0.672,0.089,0.76,0.067,-0.27,1,none,0
S00775,Leuven,KA-100,49,F,former,0,moderate,0,28.8,91.5,5.47,4.8,11.0,2.35,1.76,32.6,MB-2.0,-0.041,0.297,0.532,0.761,-0.082,-1.155,0.389,-1.244,0.169,-0.023,0,none,0
S00776,Porto,KB-200,62,M,never,0,high,0,22.1,74.2,5.31,5.89,10.5,2.74,1.59,43.2,MB-2.0,-0.691,0.227,1.462,1.328,1.458,-0.859,-0.605,-0.751,0.105,-0.191,0,none,0
S00777,Uppsala,KB-200,60,F,never,0,high,0,22.4,74.4,5.36,5.28,6.3,1.49,1.65,39.2,MB-2.0,-0.183,-0.81,-1.077,-0.831,-0.767,1.557,0.82,0.556,-0.036,0.411,0,dietitian,0
S00778,Porto,KB-200,64,F,never,1,high,0,20.4,68.4,5.17,4.49,2.1,0.42,1.76,46.6,MB-2.0,-0.344,-0.759,2.052,-1.639,-0.157,-0.424,-1.033,-1.716,-0.41,-0.077,0,none,0
S00779,Leuven,KA-100,54,F,current,1,high,0,32.2,95.6,5.72,5.59,3.3,0.83,1.87,,MB-2.0,0.763,1.427,0.573,1.245,1.652,-0.623,-0.46,-1.286,0.599,-0.044,0,none,0
S00780,Tartu,KA-100,53,F,former,0,high,0,29.0,81.0,5.36,4.61,5.6,1.15,2.18,21.3,MB-2.0,0.922,-0.737,0.12,-0.248,0.193,-0.646,-0.566,-0.135,-0.037,0.275,0,none,0
S00781,Aarhus,KA-100,74,M,former,1,high,0,29.8,102.8,5.57,5.55,5.5,1.36,2.04,16.0,MB-2.0,2.049,1.37,1.608,1.981,1.853,-1.657,-1.286,-1.493,0.456,0.01,0,none,0
S00782,Uppsala,KB-200,45,F,former,1,moderate,0,24.4,69.5,5.71,5.12,7.7,1.76,1.68,34.1,MB-2.0,-0.487,-0.962,-0.911,-0.951,0.28,1.112,1.212,1.224,0.457,0.67,0,none,0
S00783,Porto,KB-200,48,M,current,0,high,0,23.3,82.3,5.57,4.82,4.5,0.96,1.55,23.5,MB-2.0,0.059,-0.402,-0.531,-0.906,-1.494,1.185,1.039,0.35,-0.43,0.017,0,none,0
S00784,Tartu,KA-100,56,F,never,0,high,0,30.9,79.3,5.21,5.08,5.2,1.18,2.25,23.9,MB-2.0,2.295,1.362,2.305,1.506,2.024,-1.874,-1.274,-1.419,-0.064,0.651,0,none,0
S00785,Leuven,KA-100,54,M,never,0,moderate,0,22.8,77.0,5.26,5.64,,,1.66,32.5,MB-2.0,0.569,0.844,0.609,0.882,0.848,-1.22,-0.654,-0.516,-0.428,0.069,0,none,0
S00786,Tartu,KA-100,61,M,never,0,high,0,22.2,71.1,5.39,4.95,2.4,0.52,1.92,30.5,MB-2.0,1.197,1.678,1.966,1.586,1.842,-1.171,-1.036,-1.119,0.294,0.381,0,diabetes service,0
S00787,Tartu,KA-100,66,M,former,1,high,0,25.2,87.6,5.49,5.12,6.9,1.58,1.36,26.1,MB-2.0,1.904,1.567,2.245,2.706,2.289,-2.014,-2.418,-1.437,0.599,-0.087,1,none,0
S00788,Aarhus,KA-100,51,F,current,0,high,0,23.9,76.9,5.51,4.34,,,1.93,30.6,MB-2.0,2.601,2.209,2.459,2.468,2.338,-2.451,-2.19,-1.938,0.475,-0.536,0,none,0
S00789,Porto,KB-200,58,M,current,0,high,0,20.2,65.4,5.15,4.93,3.2,0.7,1.41,38.6,MB-2.0,-1.434,0.329,1.469,-2.477,0.813,0.2,-1.345,-1.438,-0.974,-0.001,0,none,0
S00790,Aarhus,KA-100,50,F,former,0,high,0,22.4,66.4,5.44,5.74,3.0,0.77,1.84,30.1,MB-2.0,-0.847,-0.59,-0.033,-0.942,-1.04,0.7,1.316,0.066,-0.513,-0.09,1,none,0
S00791,Leuven,KA-100,53,F,former,0,high,0,22.5,65.0,5.8,6.35,11.1,3.13,1.54,35.2,MB-2.0,2.078,2.077,2.136,2.146,2.107,-1.582,-1.179,-1.937,0.006,0.411,0,none,0
S00792,Uppsala,KB-200,67,M,current,0,high,0,24.6,82.3,5.68,5.77,8.1,2.09,1.28,22.5,MB-2.0,-1.355,2.229,1.806,-2.382,-0.37,-0.574,-1.441,-1.935,0.399,0.139,0,none,0
S00793,Aarhus,KA-100,59,M,former,0,high,0,28.9,92.2,5.46,4.81,,,1.91,24.3,MB-2.0,1.456,2.226,1.668,1.899,1.915,-1.821,-1.549,-2.037,-0.801,0.064,0,none,0
S00794,Aarhus,KA-100,60,F,never,0,high,0,25.4,77.1,5.35,5.32,8.8,2.08,2.28,28.3,MB-2.0,0.998,1.547,1.863,1.722,1.114,-1.133,-1.696,-1.293,-0.106,0.124,0,dietitian,0
S00795,Uppsala,KB-200,54,M,current,0,high,0,26.1,93.8,6.09,5.55,,,1.34,,MB-2.0,-0.202,2.135,0.596,-0.739,-0.528,0.514,-0.942,-0.706,0.325,0.119,0,diabetes service,1
S00796,Porto,KB-200,39,F,never,0,high,0,26.9,90.2,5.31,5.64,4.7,1.18,1.65,30.7,MB-2.0,-1.089,-0.097,-0.051,-0.68,-0.748,-0.435,0.578,0.598,0.717,-0.534,0,dietitian,0
S00797,Tartu,KA-100,56,M,former,1,high,0,33.1,116.8,5.63,4.67,4.4,0.92,1.7,34.9,MB-2.0,1.513,1.114,1.353,1.616,0.764,-1.412,-0.555,-1.434,0.382,0.595,0,dietitian,0
S00798,Tartu,KA-100,68,F,former,0,high,0,33.5,94.2,5.61,4.75,4.8,1.01,1.51,35.4,MB-2.0,4.428,3.947,4.028,4.121,4.581,-3.629,-4.097,-3.271,0.065,-0.728,0,none,0
S00799,Porto,KB-200,47,F,never,1,high,0,30.1,91.3,5.21,4.43,2.6,0.51,1.69,24.2,MB-2.0,-2.469,0.633,-1.683,-2.825,-0.121,0.199,0.63,1.997,-0.016,0.464,0,none,0
S00800,Leuven,KA-100,42,F,never,1,moderate,0,21.9,74.6,5.7,5.62,7.1,1.77,1.73,20.6,MB-2.0,-0.429,-0.734,-0.582,-1.117,0.26,0.454,0.856,0.939,-0.571,-0.021,0,none,0
S00801,Uppsala,KB-200,48,M,never,1,high,0,24.4,71.8,5.74,5.4,4.4,1.05,1.26,36.2,MB-2.0,-1.44,0.107,-1.177,-1.516,0.013,0.625,-0.1,-0.505,0.13,-0.932,0,dietitian,0
S00802,Aarhus,KA-100,68,M,never,0,moderate,0,20.9,65.4,5.81,5.19,10.8,2.48,1.84,36.8,MB-2.0,1.536,2.384,2.204,2.175,2.442,-2.223,-1.335,-2.07,0.459,-0.443,0,none,0
S00803,Leuven,KA-100,47,M,never,1,high,1,28.0,98.6,5.99,6.57,,,1.92,22.8,MB-2.0,-2.217,-1.523,-1.609,-1.836,-1.444,2.053,1.608,0.978,-0.033,-0.372,1,dietitian,1
S00804,Uppsala,KB-200,48,M,former,0,high,0,21.3,73.3,5.35,4.39,,,1.91,32.3,MB-2.0,0.281,-0.682,-0.221,0.192,-0.646,1.288,0.288,0.653,-0.876,0.677,0,none,0
S00805,Porto,KB-200,57,M,never,0,high,0,30.4,96.4,5.51,5.1,2.3,0.53,1.18,33.5,MB-2.0,0.625,0.185,2.362,-1.637,-0.485,-1.03,-1.788,-2.163,-0.171,0.628,0,diabetes service,0
S00806,Aarhus,KA-100,51,M,former,0,high,0,26.5,89.9,5.39,4.42,2.2,0.44,1.69,21.2,MB-2.0,1.491,0.987,1.119,1.658,1.449,-1.03,-0.581,-0.854,0.292,0.113,0,none,0
S00807,Tartu,KA-100,59,F,never,0,high,0,29.4,83.0,5.5,6.49,3.9,1.12,1.55,25.3,MB-2.0,-1.373,-0.965,-0.478,-0.318,-1.493,0.576,1.048,1.197,1.076,-0.56,0,none,0
S00808,Tartu,KA-100,44,F,current,0,high,0,29.6,89.5,5.44,4.41,5.8,1.13,1.54,17.8,MB-2.0,-1.195,-0.346,0.102,-0.484,-1.316,1.738,0.019,0.162,0.309,0.201,1,diabetes service,1
S00809,Uppsala,KB-200,67,M,never,0,high,0,24.6,92.5,5.41,5.19,3.0,0.68,1.71,22.9,MB-2.0,0.284,0.21,-0.013,-0.859,-0.055,1.207,-1.187,-0.482,0.396,0.06,0,none,0
S00810,Aarhus,KA-100,46,M,current,0,high,0,23.6,72.7,5.42,5.16,3.2,0.73,1.27,35.3,MB-2.0,2.163,1.206,1.949,1.72,2.44,-2.647,-2.723,-1.911,0.089,0.487,0,none,0
S00811,Porto,KB-200,49,F,never,0,high,0,23.0,70.3,5.34,5.43,2.9,0.7,1.96,41.6,MB-2.0,0.602,-0.22,0.668,-2.488,1.375,0.97,-0.723,-1.279,0.835,-0.031,1,diabetes service,1
S00812,Aarhus,KA-100,61,F,never,0,high,0,31.8,94.9,5.43,5.79,,,1.78,24.5,MB-2.0,-1.364,-1.318,-1.884,-0.591,-0.852,0.981,0.9,0.851,0.142,0.281,1,none,0
S00813,Uppsala,KB-200,60,F,never,0,moderate,0,24.8,79.6,5.36,5.34,8.1,1.93,2.1,19.4,MB-2.0,0.079,1.121,1.717,1.605,-0.283,-0.556,-1.511,-0.984,-0.206,1.072,0,none,0
S00814,Tartu,KA-100,66,F,never,0,moderate,0,27.0,78.7,5.28,5.03,,,1.93,28.9,MB-2.0,1.383,1.407,0.468,1.487,1.076,-1.397,-1.465,-0.829,0.481,0.104,0,none,0
S00815,Tartu,KA-100,76,M,never,0,moderate,0,28.3,92.7,5.66,6.09,3.1,0.84,1.16,24.7,MB-2.0,-0.668,-0.756,-0.555,-0.194,0.579,0.749,0.498,0.081,-0.115,0.402,0,diabetes service,0
S00816,Uppsala,KB-200,40,M,former,0,moderate,0,26.3,94.7,5.37,4.98,4.9,1.09,1.41,27.9,MB-2.0,-1.924,0.132,0.021,-0.457,0.605,-0.021,0.044,-0.603,0.371,0.286,0,none,0
S00817,Tartu,KA-100,47,M,never,0,moderate,0,22.6,79.2,5.62,4.84,5.2,1.11,1.93,23.4,MB-2.0,-0.221,0.154,0.008,0.152,-0.038,-0.432,0.033,0.155,-0.397,0.092,1,none,0
S00818,Uppsala,KB-200,59,M,never,1,high,1,24.0,76.5,5.75,4.61,5.5,1.14,1.33,28.0,MB-2.0,0.106,-1.094,0.949,-1.692,0.719,1.365,-0.85,-1.044,0.725,-0.153,0,none,0
S00819,Porto,KB-200,62,M,never,0,high,0,29.8,99.3,5.48,5.64,,,1.72,34.2,MB-2.0,-0.946,-0.308,1.568,-1.07,0.327,-1.422,-1.021,-0.632,0.173,0.315,0,none,0
S00820,Uppsala,KB-200,56,F,former,0,moderate,0,23.6,70.6,5.21,5.72,8.4,2.13,1.79,29.2,MB-2.0,-0.375,0.596,0.688,-1.227,0.063,1.45,-0.226,-0.574,-0.313,0.205,0,none,0
S00821,Tartu,KA-100,61,F,current,0,high,0,23.5,67.5,5.28,4.7,2.2,0.45,2.32,32.4,MB-2.0,0.167,1.017,0.794,0.588,0.993,-1.167,-1.098,-0.972,0.028,-0.311,0,none,0
S00822,Uppsala,KB-200,51,M,current,0,moderate,0,22.2,71.6,5.43,4.95,5.8,1.27,1.71,26.0,MB-2.0,1.233,-0.321,1.747,0.197,-0.996,0.67,-1.986,-1.731,-0.043,-0.743,0,none,0
S00823,Aarhus,KA-100,69,F,former,1,high,0,31.4,81.3,5.32,4.93,7.5,1.64,1.87,27.0,MB-2.0,-1.846,-0.994,-1.213,-1.946,-1.361,1.751,1.923,1.938,-0.623,0.469,0,none,0
S00824,Aarhus,KA-100,58,M,never,0,high,0,27.6,100.5,5.16,6.61,,,1.76,35.7,MB-2.0,2.071,2.975,2.334,2.546,2.377,-2.908,-2.223,-1.731,0.728,-0.459,0,none,0
S00825,Aarhus,KA-100,54,M,former,0,high,0,22.8,80.9,5.31,4.37,5.1,1.0,2.26,31.6,MB-2.0,1.718,0.703,1.026,0.655,0.62,-1.512,-0.643,-1.022,-0.907,-0.291,0,none,0
S00826,Leuven,KA-100,51,M,never,0,moderate,1,26.5,84.1,5.53,5.75,10.5,2.67,0.93,17.5,MB-2.0,-0.193,-0.042,0.232,0.826,0.79,-0.589,-0.336,0.244,-0.047,0.217,0,none,0
S00827,Aarhus,KA-100,54,M,former,1,moderate,0,26.3,85.8,5.28,5.22,2.7,0.62,2.16,30.3,MB-2.0,1.308,0.482,1.457,1.362,1.008,-1.111,-0.567,-0.95,-0.501,0.048,0,dietitian,0
S00828,Tartu,KA-100,51,F,current,0,high,0,27.4,83.5,5.31,5.03,3.5,0.78,2.09,21.6,MB-2.0,2.208,2.097,1.595,2.364,2.346,-2.117,-1.891,-1.48,0.447,-0.013,0,none,0
S00829,Uppsala,KB-200,62,F,current,0,high,0,25.4,72.7,5.59,5.88,4.6,1.2,1.67,26.5,MB-2.0,-0.033,0.395,0.981,-1.192,-1.068,-0.563,-0.88,-1.245,0.52,-0.049,0,none,0
S00830,Porto,KB-200,54,M,current,0,high,0,29.7,95.3,5.42,4.49,6.1,1.22,2.01,40.1,MB-2.0,-2.948,-0.71,1.53,2.539,0.771,-0.286,-1.193,-1.478,-0.482,0.411,0,none,0
S00831,Leuven,KA-100,68,F,never,0,high,0,27.6,76.6,5.25,6.08,2.9,0.79,1.84,26.3,MB-2.0,2.019,2.047,2.489,2.533,1.726,-1.311,-2.594,-2.568,0.442,0.318,0,none,0
S00832,Uppsala,KB-200,61,F,never,1,moderate,0,26.5,90.6,5.72,5.71,10.2,2.59,1.76,25.2,MB-2.0,-0.857,1.519,0.997,-0.993,0.337,-0.468,-2.475,-0.973,-0.303,-0.028,0,dietitian,0
S00833,Aarhus,KA-100,44,M,never,0,high,1,32.3,106.3,5.16,5.56,4.0,0.98,1.79,31.9,MB-2.0,-0.794,-0.614,-1.546,-1.132,-1.109,1.652,0.876,0.358,0.27,0.518,0,none,0
S00834,Porto,KB-200,49,F,former,0,moderate,0,29.4,94.5,5.81,4.77,5.1,1.08,1.92,23.0,MB-2.0,-0.8,-1.132,0.374,-2.858,0.606,1.244,-0.873,0.277,0.313,-0.72,0,dietitian,0
S00835,Uppsala,KB-200,70,F,never,0,high,0,30.3,89.3,5.21,5.31,3.4,0.8,1.98,32.5,MB-2.0,1.364,1.488,0.279,-0.536,-0.211,-0.03,-1.065,-0.616,-0.387,-0.346,0,none,0
S00836,Leuven,KA-100,54,F,former,0,high,0,25.6,70.1,5.29,6.34,11.6,3.27,1.96,24.7,MB-2.0,0.03,-0.163,-0.944,0.063,0.596,-0.614,0.912,1.089,0.647,0.321,0,diabetes service,0
S00837,Uppsala,KB-200,68,F,former,0,high,0,27.8,91.1,5.37,5.64,2.8,0.69,2.0,30.3,MB-2.0,-1.097,-0.333,0.838,-2.129,1.115,1.316,-0.281,-0.83,0.365,-0.006,0,none,0
S00838,Aarhus,KA-100,72,M,former,0,high,0,31.9,106.6,5.57,6.4,,,1.91,30.8,MB-2.0,0.004,0.349,-0.165,0.601,0.698,-1.238,-0.29,-0.29,-0.209,-0.61,0,none,0
S00839,Aarhus,KA-100,47,F,current,0,high,0,25.6,68.7,5.25,5.49,11.8,2.87,1.21,18.4,MB-2.0,-0.524,-0.643,0.037,-1.167,-0.413,0.427,0.335,0.509,0.15,0.152,0,none,0
S00840,Porto,KB-200,37,F,never,1,low,0,25.3,71.4,5.72,5.55,9.8,2.42,1.34,17.5,MB-2.0,0.71,-0.682,0.473,1.395,0.898,-0.46,-1.097,-1.279,-0.284,-0.578,0,none,0
S00841,Leuven,KA-100,69,M,former,0,moderate,0,32.0,109.0,5.49,6.62,10.0,2.95,1.56,23.1,MB-2.0,-0.475,0.361,-0.153,-0.072,0.216,0.407,0.892,0.284,0.042,-0.266,1,diabetes service,1
S00842,Leuven,KA-100,64,F,former,0,high,0,22.1,69.4,5.86,5.83,7.4,1.93,1.52,25.6,MB-2.0,0.579,0.441,1.095,1.006,0.583,-0.312,-0.753,-0.861,-0.505,-0.09,0,none,0
S00843,Leuven,KA-100,78,M,never,0,high,0,31.3,105.9,5.44,5.77,7.0,1.8,1.15,33.8,MB-2.0,2.76,2.244,2.009,2.706,2.642,-2.936,-2.74,-2.055,-0.105,0.067,0,none,0
S00844,Leuven,KA-100,46,F,never,0,high,0,25.0,79.5,5.4,5.66,,,1.72,21.0,MB-2.0,0.418,0.135,0.63,0.546,0.095,-0.911,-0.254,-0.211,-0.391,0.223,0,none,0
S00845,Leuven,KA-100,51,M,never,0,high,0,28.8,106.4,5.56,5.07,2.5,0.56,1.74,24.6,MB-2.0,0.625,0.341,1.024,0.31,0.554,-0.334,-0.224,-0.316,0.691,-0.594,0,diabetes service,0
S00846,Uppsala,KB-200,55,M,never,0,moderate,0,30.9,98.4,6.09,4.94,6.2,1.35,1.33,26.0,MB-2.0,0.348,-0.593,0.507,-1.988,-0.377,0.241,-0.384,-0.707,-0.314,0.033,0,none,0
S00847,Aarhus,KA-100,59,F,never,0,moderate,0,34.2,103.0,5.89,5.79,15.6,4.03,1.0,14.2,MB-2.0,-0.087,0.104,-0.036,0.67,0.685,-0.953,-0.835,0.176,0.227,-0.132,1,diabetes service,1
S00848,Leuven,KA-100,61,M,current,0,high,0,25.7,92.1,5.41,5.39,5.6,1.35,1.6,27.0,MB-2.0,0.03,-0.867,-0.143,-0.867,-0.418,0.368,0.588,0.398,0.092,-0.425,0,dietitian,0
S00849,Uppsala,KB-200,64,F,never,1,moderate,0,25.4,82.9,5.66,5.16,8.3,1.91,1.77,23.0,MB-2.0,-1.052,-0.257,0.775,-0.559,0.071,-0.785,-0.439,-0.8,-0.906,-0.392,0,dietitian,0
S00850,Porto,KB-200,58,F,never,0,high,0,20.8,66.3,5.43,5.31,3.8,0.89,1.98,16.7,MB-2.0,-0.206,1.488,0.429,-1.392,-0.956,0.602,-0.027,-0.919,-0.345,0.697,0,none,0
S00851,Porto,KB-200,64,M,former,1,moderate,0,22.9,82.8,5.18,5.08,4.0,0.9,1.31,33.4,MB-2.0,-0.172,-1.642,-1.259,-0.039,-1.457,-0.69,1.638,1.214,-0.244,0.56,0,dietitian,0
S00852,Aarhus,KA-100,47,F,former,0,moderate,0,20.6,65.9,5.44,4.45,6.7,1.34,1.55,24.3,MB-2.0,-0.172,-0.197,-0.311,0.348,-0.969,-0.69,-0.617,0.6,0.407,-1.039,0,none,0
S00853,Aarhus,KA-100,63,F,never,0,high,0,23.9,82.7,6.07,5.85,11.2,2.9,1.32,28.7,MB-2.0,0.188,0.763,0.592,0.259,-0.273,0.313,-1.097,-0.254,0.748,0.163,0,none,0
S00854,Porto,KB-200,61,F,never,0,moderate,0,27.4,81.3,5.24,5.19,2.4,0.55,1.87,33.9,MB-2.0,-0.964,0.338,-0.527,0.407,1.3,0.039,0.72,0.553,-0.793,-0.032,0,none,0
S00855,Leuven,KA-100,56,F,never,0,high,1,21.7,67.0,5.39,5.41,3.0,0.73,2.01,32.9,MB-2.0,1.841,0.326,1.647,0.87,1.008,-1.112,-0.941,-2.322,0.369,-0.029,0,none,0
S00856,Uppsala,KB-200,57,M,never,1,high,0,28.4,90.8,5.42,5.12,2.9,0.66,1.89,24.3,MB-2.0,-1.587,0.47,1.887,0.129,0.106,-0.722,-0.698,0.252,0.667,-0.098,0,none,0
S00857,Aarhus,KA-100,66,F,never,1,high,0,21.1,70.4,5.15,4.67,2.8,0.57,2.06,32.0,MB-2.0,-0.209,-0.716,-0.669,-0.839,-1.021,0.292,1.218,0.989,-0.533,-0.441,0,dietitian,0
S00858,Aarhus,KA-100,58,M,former,0,high,0,23.2,75.1,5.27,4.8,,,1.82,23.4,MB-2.0,1.051,1.087,1.335,0.97,1.745,-0.55,-0.408,-0.677,-0.091,0.071,0,none,0
S00859,Leuven,KA-100,55,F,former,0,high,0,24.9,68.6,5.24,5.05,,,1.65,28.6,MB-2.0,1.709,1.322,1.051,0.861,1.394,-1.703,-1.216,-1.081,0.362,0.84,0,none,0
S00860,Porto,KB-200,57,M,former,1,high,0,26.2,84.3,5.42,5.85,3.0,0.78,1.68,35.9,MB-2.0,-1.384,-1.104,-1.2,-1.542,-2.287,0.384,1.604,1.7,-0.215,0.143,0,none,0
S00861,Leuven,KA-100,49,F,current,0,high,0,19.0,65.0,5.33,4.44,4.6,0.92,1.67,32.5,MB-2.0,2.308,2.61,2.472,3.253,2.157,-2.33,-2.276,-1.867,0.615,-0.357,1,none,0
S00862,Tartu,KA-100,64,F,never,0,high,0,31.7,92.2,5.7,4.62,4.2,0.85,1.7,26.3,MB-2.0,0.981,-0.627,0.443,0.664,1.241,-0.134,-0.123,-0.185,0.131,0.065,0,none,0
S00863,Tartu,KA-100,70,M,former,0,moderate,0,26.0,92.1,5.37,5.93,2.5,0.65,1.27,25.2,MB-2.0,2.457,1.769,1.525,2.346,2.34,-1.572,-2.266,-2.067,-0.348,0.682,0,none,0
S00864,Tartu,KA-100,49,F,never,0,high,0,19.6,67.0,5.53,4.92,8.8,1.93,2.11,36.0,MB-2.0,0.341,0.754,-0.036,0.49,-0.002,0.149,-1.452,-0.31,0.41,0.194,0,none,0
S00865,Aarhus,KA-100,64,F,former,1,moderate,0,20.8,67.0,5.71,5.4,8.3,1.99,1.57,38.5,MB-2.0,-0.556,-1.062,-1.846,-1.26,-1.157,0.442,0.795,0.43,-0.402,0.792,1,diabetes service,1
S00866,Leuven,KA-100,59,M,never,0,high,0,20.7,76.2,5.6,4.47,3.0,0.6,1.68,27.9,MB-2.0,1.769,1.788,1.384,1.152,1.209,-0.815,-1.494,-1.114,-0.545,0.496,0,none,0
S00867,Porto,KB-200,41,M,never,0,moderate,0,24.2,88.8,5.36,5.1,5.0,1.13,1.58,28.8,MB-2.0,-2.268,-0.383,-0.365,-1.095,-0.469,-0.666,0.897,0.613,-0.176,0.288,0,dietitian,0
S00868,Leuven,KA-100,63,F,never,0,high,0,20.3,66.3,5.42,4.6,3.2,0.66,2.62,33.2,MB-2.0,-0.854,-1.139,-0.758,-0.37,-1.467,0.457,0.621,1.079,0.087,-0.117,0,none,0
S00869,Leuven,KA-100,66,M,former,0,high,0,27.6,86.9,5.82,4.93,6.2,1.37,1.71,27.9,MB-2.0,0.093,0.405,0.044,-0.043,0.054,-0.305,-0.374,0.409,-0.028,0.618,0,none,0
S00870,Tartu,KA-100,68,F,never,0,moderate,0,25.8,68.8,5.65,5.45,10.3,2.51,1.57,23.8,MB-2.0,-3.542,-3.869,-3.438,-3.244,-3.361,3.926,2.558,3.232,-0.246,0.03,0,diabetes service,0
S00871,Aarhus,KA-100,59,M,former,0,high,0,25.7,90.8,5.23,6.16,5.6,1.54,1.47,19.0,MB-2.0,-0.465,0.225,-0.119,-0.186,0.715,0.448,-0.006,0.573,0.191,-0.201,0,none,0
S00872,Aarhus,KA-100,69,F,never,1,high,0,20.1,66.2,5.56,5.52,3.8,0.93,1.74,28.9,MB-2.0,0.493,0.07,0.592,0.003,0.575,-0.13,-0.513,-0.143,0.056,0.221,0,none,0
S00873,Aarhus,KA-100,51,F,never,1,moderate,0,31.6,101.7,5.48,5.17,8.3,1.91,1.06,23.7,MB-2.0,1.925,2.027,2.001,1.931,1.882,-2.542,-1.778,-2.079,0.009,0.076,0,none,0
S00874,Tartu,KA-100,76,F,never,0,high,0,23.3,71.0,5.35,5.25,6.1,1.43,1.84,38.7,MB-2.0,-0.563,-0.688,-0.805,-0.655,-1.218,0.15,1.012,1.41,0.221,-0.382,0,dietitian,0
S00875,Porto,KB-200,60,M,former,0,high,0,24.3,83.6,5.44,6.11,5.2,1.42,1.71,29.8,MB-2.0,-1.539,-0.839,-1.159,-2.218,-0.244,0.641,1.308,2.636,0.947,0.412,0,none,0
S00876,Leuven,KA-100,63,M,former,0,moderate,0,30.9,97.6,5.21,5.06,,,1.7,31.5,MB-2.0,0.516,0.742,0.485,-0.439,0.231,-0.361,-0.654,-0.943,-0.401,-0.711,0,none,0
S00877,Uppsala,KB-200,61,M,never,0,moderate,0,36.4,122.3,5.44,5.93,13.7,3.6,1.22,,MB-2.0,1.159,1.166,-0.59,-1.149,-0.217,0.375,0.502,-0.208,0.475,0.899,0,none,0
S00878,Porto,KB-200,65,F,former,0,low,0,26.4,77.7,5.56,5.03,6.9,1.54,1.93,,MB-2.0,-0.631,-0.874,-0.216,-0.514,0.353,-0.365,1.563,0.416,-0.854,-0.314,0,none,0
S00879,Porto,KB-200,47,M,current,0,high,0,33.3,111.3,6.06,6.68,6.9,2.04,1.29,21.3,MB-2.0,-0.11,2.072,-1.489,-2.787,0.32,0.608,0.317,0.884,-0.481,0.451,0,none,0
S00880,Tartu,KA-100,50,F,former,0,moderate,0,29.1,88.9,5.31,4.58,5.1,1.03,1.84,34.5,MB-2.0,-1.229,-1.213,-1.5,-1.178,-1.437,1.172,1.126,0.644,0.061,0.072,0,none,0
S00881,Leuven,KA-100,59,M,never,0,high,0,27.1,82.3,5.56,4.76,5.8,1.22,1.97,25.1,MB-2.0,-2.616,-1.625,-2.658,-2.481,-2.203,1.995,1.946,2.441,-0.15,0.365,1,diabetes service,1
S00882,Leuven,KA-100,55,F,never,0,high,0,23.7,65.5,5.29,5.77,4.9,1.25,1.66,28.2,MB-2.0,2.494,1.745,1.365,1.108,1.211,-1.18,-1.131,-2.364,0.191,0.289,0,none,0
S00883,Uppsala,KB-200,56,F,current,0,high,0,24.6,86.5,5.21,5.29,2.7,0.64,1.86,24.7,MB-2.0,-0.134,-0.261,1.18,-0.004,1.561,0.272,-1.546,-1.897,0.3,-0.186,0,none,0
S00884,Leuven,KA-100,73,M,former,1,high,0,27.5,98.0,5.38,4.85,6.8,1.46,1.17,18.4,MB-2.0,-0.57,0.327,0.013,-0.797,-0.166,1.016,0.894,0.207,-0.409,0.271,0,none,0
S00885,Tartu,KA-100,65,M,never,0,high,0,22.5,77.2,5.36,4.66,,,1.92,19.2,MB-2.0,0.728,0.155,0.175,0.522,0.093,-0.969,-1.034,-0.329,-0.032,0.386,0,none,0
S00886,Tartu,KA-100,70,F,current,0,high,0,23.4,68.1,5.44,4.78,6.9,1.47,1.42,38.4,MB-2.0,1.622,1.994,1.798,1.075,1.591,-1.08,-1.632,-1.817,0.498,0.513,0,none,0
S00887,Porto,KB-200,60,F,never,0,high,0,27.1,76.0,5.59,5.11,5.3,1.2,1.52,34.9,MB-2.0,-1.614,-2.151,1.268,-0.164,-0.431,0.101,0.431,-0.583,-0.312,0.205,0,dietitian,0
S00888,Uppsala,KB-200,60,F,current,0,moderate,0,26.2,88.3,5.56,4.77,6.8,1.45,1.34,31.9,MB-2.0,0.377,1.352,1.263,0.153,1.161,0.3,-0.951,-1.094,-0.533,-0.02,1,none,0
S00889,Leuven,KA-100,59,F,former,0,high,0,28.6,78.4,5.19,4.76,10.0,2.11,1.55,32.7,MB-2.0,0.38,0.318,0.94,0.387,0.076,0.079,-0.258,-0.882,0.113,-0.021,0,none,0
S00890,Uppsala,KB-200,66,M,former,0,high,0,25.3,86.8,5.48,5.38,2.5,0.59,1.23,32.5,MB-2.0,2.16,-0.602,1.19,0.298,0.925,-0.169,-0.623,-1.108,0.556,0.598,0,none,0
S00891,Aarhus,KA-100,70,F,current,1,moderate,0,22.9,70.7,5.39,4.83,2.7,0.57,2.29,28.0,MB-2.0,2.47,2.401,2.722,3.175,2.198,-2.22,-2.692,-2.247,-0.801,0.497,0,none,0
S00892,Aarhus,KA-100,67,M,never,0,high,0,25.6,82.5,5.58,5.46,2.6,0.62,1.08,34.2,MB-2.0,0.579,-0.077,0.167,-0.872,-0.479,0.883,0.534,0.149,0.323,0.005,0,none,0
S00893,Leuven,KA-100,53,F,current,0,moderate,0,26.6,84.7,5.65,5.18,3.4,0.78,1.15,31.8,MB-2.0,-1.004,-0.795,0.014,-1.429,-0.407,0.721,0.861,0.828,0.942,-0.392,0,diabetes service,1
S00894,Uppsala,KB-200,59,F,current,1,moderate,0,20.2,65.3,5.51,5.38,,,1.75,29.3,MB-2.0,-0.039,0.249,1.18,-0.168,-1.017,-0.858,-0.913,-1.034,0.224,0.267,0,none,0
S00895,Aarhus,KA-100,65,M,never,0,low,1,22.4,75.2,5.64,6.01,9.8,2.63,1.47,20.3,MB-2.0,1.233,-0.2,0.618,0.824,0.319,-0.275,-0.025,-1.01,-0.495,-0.496,0,dietitian,0
S00896,Aarhus,KA-100,64,F,current,0,high,0,22.7,70.8,5.37,5.38,6.7,1.61,1.94,29.9,MB-2.0,0.345,0.786,-0.202,0.183,0.244,-0.309,-1.099,-0.297,0.479,0.02,0,none,0
S00897,Porto,KB-200,58,M,former,0,high,0,20.4,67.6,5.38,4.37,,,1.52,39.7,MB-2.0,1.492,-0.197,3.178,-2.563,0.806,-0.26,-3.623,-2.635,-0.581,-0.058,1,none,0
S00898,Tartu,KA-100,66,F,current,0,moderate,0,28.4,83.9,5.64,4.77,4.6,0.98,1.8,40.5,MB-2.0,-0.315,-0.924,-0.394,-0.141,0.417,1.159,0.707,-0.186,0.525,-0.272,0,none,0
S00899,Tartu,KA-100,45,F,never,0,moderate,0,26.3,68.9,5.39,5.83,,,1.86,24.2,MB-2.0,2.318,2.216,1.731,2.831,2.878,-2.402,-2.02,-2.277,0.08,-0.172,0,none,0
S00900,Leuven,KA-100,47,M,never,0,high,0,28.8,97.4,5.23,5.1,3.6,0.81,1.55,31.7,MB-2.0,0.471,0.845,0.045,0.18,0.854,0.142,-0.417,-0.564,0.103,0.124,0,none,0
S00901,Uppsala,KB-200,42,F,never,0,high,0,23.4,65.6,5.16,4.51,3.9,0.79,1.99,41.6,MB-2.0,-0.127,-0.726,-0.713,-0.482,-0.783,0.167,0.4,1.092,-0.333,0.055,0,dietitian,0
S00902,Leuven,KA-100,51,F,never,0,high,0,31.7,94.8,5.67,5.95,,,1.14,25.4,MB-2.0,1.445,1.574,1.729,1.732,2.03,-1.088,-2.511,-1.226,0.795,-0.211,0,none,0
S00903,Porto,KB-200,53,M,current,0,low,1,23.2,79.3,5.41,4.85,9.6,2.06,1.21,39.7,MB-2.0,-3.421,-1.473,0.227,-0.236,-0.966,1.472,0.694,-0.261,-0.348,-0.574,0,dietitian,0
S00904,Leuven,KA-100,57,M,former,0,high,0,30.0,99.9,5.24,6.24,7.6,2.11,1.21,32.9,MB-2.0,0.731,0.854,1.092,0.12,0.122,-0.835,-0.075,-0.692,0.117,-0.199,0,none,0
S00905,Uppsala,KB-200,51,F,current,0,high,0,31.2,96.9,5.55,6.24,3.6,1.0,1.7,32.0,MB-2.0,0.604,0.574,2.136,-0.279,0.939,0.343,-1.814,-3.014,0.068,0.176,0,none,0
S00906,Aarhus,KA-100,60,M,current,0,moderate,1,33.2,110.7,5.68,5.64,4.8,1.21,1.31,23.8,MB-2.0,-1.152,-0.678,-0.624,-0.824,-0.259,0.762,0.62,0.754,0.522,-0.558,1,none,0
S00907,Aarhus,KA-100,64,M,former,0,high,0,19.7,67.0,5.31,4.36,,,1.69,27.3,MB-2.0,-0.333,-0.051,-0.347,-0.467,-0.296,0.348,0.554,0.33,-0.357,0.534,0,none,0
S00908,Leuven,KA-100,61,M,former,0,high,0,28.0,91.1,5.39,4.37,7.0,1.35,1.55,42.1,MB-2.0,0.481,1.472,1.211,0.67,0.667,-0.392,-1.437,-0.085,0.271,0.149,0,dietitian,0
S00909,Leuven,KA-100,75,M,never,1,moderate,0,22.2,87.2,5.36,5.81,,,1.02,22.0,MB-2.0,-0.189,1.029,0.778,0.382,0.493,-0.211,-0.255,-0.414,-0.279,-0.138,0,none,0
S00910,Tartu,KA-100,58,F,former,0,high,0,26.8,79.7,5.26,4.46,5.3,1.06,1.58,37.5,MB-2.0,1.348,0.713,0.911,1.116,1.2,-1.051,-1.337,-1.429,0.172,-0.004,0,diabetes service,0
S00911,Uppsala,KB-200,45,F,former,1,moderate,0,24.7,71.5,5.5,5.96,7.9,2.09,1.76,28.8,MB-2.0,-0.1,0.8,1.756,-0.572,-0.82,0.609,0.07,-0.964,0.185,0.446,0,none,0
S00912,Uppsala,KB-200,51,F,never,0,moderate,0,27.4,79.1,5.4,5.25,8.3,1.93,2.02,21.6,MB-2.0,-1.883,2.018,2.418,-0.153,0.396,0.124,-1.226,-0.577,-0.494,0.943,0,none,0
S00913,Leuven,KA-100,65,M,former,0,high,0,23.7,85.9,5.56,6.0,4.4,1.17,1.86,22.5,MB-2.0,3.159,3.353,2.295,2.74,2.888,-3.174,-2.173,-2.302,0.358,0.125,0,none,0
S00914,Leuven,KA-100,73,M,current,1,moderate,1,28.0,88.6,5.52,5.82,7.4,1.91,1.71,25.2,MB-2.0,0.21,0.597,0.151,0.001,0.28,-0.5,-0.669,-0.221,0.064,0.305,0,none,0
S00915,Porto,KB-200,52,M,never,0,high,0,22.2,76.8,5.52,5.06,4.7,1.05,1.93,42.2,MB-2.0,0.945,1.282,2.964,-0.04,-0.415,-1.067,-2.486,-2.811,-0.057,0.356,0,none,0
S00916,Porto,KB-200,54,M,never,0,moderate,0,23.0,82.1,5.2,5.73,4.7,1.19,1.57,38.0,MB-2.0,0.191,-0.467,1.412,-2.81,-1.85,-0.009,-0.336,-0.691,-0.142,-0.221,0,none,0
S00917,Porto,KB-200,61,M,never,0,high,0,20.1,66.8,5.2,5.71,3.3,0.83,1.93,39.6,MB-2.0,-0.811,-0.556,1.318,-1.048,-0.276,-1.592,-1.817,-2.331,-0.679,-0.364,0,none,0
S00918,Aarhus,KA-100,56,M,never,1,high,0,25.7,81.7,5.24,5.0,2.9,0.64,1.77,30.1,MB-2.0,1.412,1.603,1.349,1.865,1.235,-1.437,-0.964,-0.644,0.68,0.479,0,diabetes service,0
S00919,Aarhus,KA-100,67,F,never,0,moderate,0,29.4,80.9,5.61,5.12,3.7,0.84,1.72,9.2,MB-2.0,-0.175,0.047,-0.253,-0.889,-0.485,0.519,0.754,0.042,0.522,0.041,0,none,0
S00920,Aarhus,KA-100,57,F,former,1,low,0,26.0,78.7,5.63,5.04,3.4,0.77,1.63,21.6,MB-2.0,0.733,1.054,0.199,0.524,0.553,-0.176,-1.183,-0.07,0.119,-0.081,0,dietitian,0
S00921,Uppsala,KB-200,47,F,never,0,high,0,24.3,70.3,5.26,5.67,5.6,1.42,2.08,25.2,MB-2.0,0.404,0.637,2.337,-0.247,1.081,-0.269,-2.107,-2.511,0.315,-0.019,0,none,0
S00922,Leuven,KA-100,66,M,never,0,high,0,26.2,80.1,5.17,4.81,5.0,1.06,1.04,30.0,MB-2.0,0.782,1.307,1.818,1.294,1.502,-0.307,-0.739,-0.946,0.259,-0.048,0,none,0
S00923,Tartu,KA-100,58,M,never,0,high,0,23.7,84.6,5.32,5.36,5.5,1.3,0.94,30.3,MB-2.0,1.185,1.623,1.237,1.578,0.829,-1.272,-1.089,-0.141,-0.093,-0.101,0,none,0
S00924,Aarhus,KA-100,55,F,never,1,high,0,25.9,77.5,5.56,4.72,,,2.07,20.5,MB-2.0,-0.31,0.792,1.295,-0.155,-0.132,-0.617,-0.7,-0.816,0.354,-0.677,0,none,0
S00925,Porto,KB-200,61,F,former,0,moderate,0,29.2,91.8,5.83,5.68,11.4,2.87,1.59,30.4,MB-2.0,-1.451,-1.068,0.092,-1.22,-0.209,1.24,-0.714,0.422,-0.571,0.208,0,none,0
S00926,Uppsala,KB-200,70,M,former,1,high,0,26.7,105.8,5.52,4.51,7.3,1.46,1.73,17.3,MB-2.0,-0.915,0.566,0.727,0.467,0.416,-0.766,-1.903,-1.236,-0.822,0.113,0,none,0
S00927,Porto,KB-200,50,F,never,0,high,0,22.7,65.5,5.34,6.11,7.7,2.1,1.88,34.2,MB-2.0,0.686,1.308,0.387,-1.773,-0.114,0.126,-0.64,-0.48,0.799,-0.09,0,none,0
S00928,Uppsala,KB-200,56,F,former,0,high,0,27.8,84.6,5.32,5.71,3.9,1.0,2.12,28.3,MB-2.0,-0.496,-1.147,2.095,0.485,0.723,-1.73,-2.173,-1.946,-0.05,-0.409,0,none,0
S00929,Aarhus,KA-100,63,M,never,0,moderate,1,24.6,90.7,5.67,5.97,3.9,1.03,1.92,13.8,MB-2.0,0.373,-0.25,0.437,0.141,0.309,0.002,0.237,-0.202,0.182,0.254,0,dietitian,0
S00930,Leuven,KA-100,52,F,former,0,high,0,23.1,65.2,5.19,5.83,3.6,0.94,2.01,31.5,MB-2.0,-0.107,0.206,-0.254,0.861,-0.148,-0.074,-0.216,-0.231,0.678,0.597,0,none,0
S00931,Leuven,KA-100,65,M,former,0,high,0,21.0,74.8,5.29,4.55,3.4,0.68,1.92,33.0,MB-2.0,0.471,0.37,0.305,0.447,0.072,-0.802,0.459,-0.271,-0.024,-0.074,0,dietitian,0
S00932,Leuven,KA-100,59,F,never,0,high,0,23.5,73.5,5.29,4.73,,,2.21,37.4,MB-2.0,3.431,2.613,2.166,3.518,2.122,-2.462,-3.504,-2.971,0.353,0.085,0,none,0
S00933,Aarhus,KA-100,64,F,former,0,low,0,31.2,91.1,5.92,6.12,13.1,3.56,1.74,14.9,MB-2.0,0.812,1.226,1.345,0.956,0.974,-1.751,-1.213,-1.481,0.708,-0.21,0,none,0
S00934,Porto,KB-200,55,F,never,1,moderate,0,22.2,71.4,5.15,4.85,3.1,0.66,2.25,39.0,MB-2.0,0.22,0.233,1.064,0.404,-2.019,-1.686,-0.717,-1.179,0.246,0.524,0,none,0
S00935,Aarhus,KA-100,62,M,never,1,moderate,0,25.7,86.2,5.23,5.39,3.6,0.86,1.72,30.0,MB-2.0,0.301,0.398,0.435,0.365,0.52,-0.919,-0.376,-0.313,-0.648,-0.06,0,none,0
S00936,Aarhus,KA-100,58,F,never,0,high,1,28.4,91.0,5.22,4.44,4.0,0.78,1.58,,MB-2.0,-2.195,-2.891,-2.544,-3.112,-2.992,3.027,2.244,2.623,1.029,-0.057,1,none,0
S00937,Uppsala,KB-200,50,M,never,0,low,0,26.2,88.1,5.78,5.49,7.8,1.92,0.97,,MB-2.0,-1.126,0.347,0.432,-0.331,1.36,0.58,-0.765,-0.475,-0.389,0.169,0,none,0
S00938,Tartu,KA-100,56,F,current,0,high,0,31.5,94.7,5.38,5.4,9.5,2.28,1.52,38.6,MB-2.0,2.045,1.149,1.438,2.005,1.072,-1.26,-1.706,-2.072,0.496,0.603,0,none,0
S00939,Leuven,KA-100,36,F,former,0,high,0,30.9,88.4,5.36,4.75,4.8,1.01,1.81,19.3,MB-2.0,1.588,2.121,0.822,1.017,1.564,-2.227,-2.214,-1.53,0.271,0.007,0,none,0
S00940,Uppsala,KB-200,55,M,never,0,moderate,0,31.9,109.3,5.25,5.15,3.6,0.83,1.2,34.6,MB-2.0,-1.039,0.384,2.671,1.524,0.466,-0.652,-2.43,-2.866,-0.281,0.729,0,none,0
S00941,Leuven,KA-100,61,M,former,0,high,0,27.1,95.1,5.42,5.03,3.4,0.77,1.49,17.3,MB-2.0,2.235,2.203,1.811,1.822,1.756,-1.853,-1.62,-2.146,-0.026,0.453,0,none,0
S00942,Leuven,KA-100,46,M,never,0,high,1,29.9,104.3,5.3,5.19,4.1,0.94,1.52,29.1,MB-2.0,1.314,1.591,2.25,1.27,1.139,-1.487,-1.684,-1.669,0.393,0.146,0,none,0
S00943,Leuven,KA-100,59,F,former,0,high,0,27.6,80.3,5.38,4.42,,,2.22,27.1,MB-2.0,1.71,2.453,2.73,2.991,2.893,-1.434,-2.489,-2.926,-0.241,0.879,0,none,0
S00944,Leuven,KA-100,35,F,former,0,high,0,29.7,90.6,5.16,5.15,4.8,1.09,1.64,25.6,MB-2.0,0.977,0.356,0.233,1.011,1.137,-1.142,0.339,-0.668,0.083,0.23,1,dietitian,0
S00945,Porto,KB-200,71,M,former,1,high,1,21.7,77.2,5.44,4.98,4.4,0.96,1.11,35.4,MB-2.0,0.711,-0.161,0.576,-1.544,0.001,-0.644,-0.888,0.276,0.085,0.534,0,none,0
S00946,Tartu,KA-100,57,F,former,0,high,0,24.2,71.0,5.35,5.18,5.6,1.28,2.11,27.9,MB-2.0,3.574,3.179,3.487,3.407,3.577,-3.802,-2.904,-2.99,-0.063,0.065,0,none,0
S00947,Aarhus,KA-100,68,F,never,0,high,0,32.2,93.3,5.34,4.74,2.7,0.56,1.57,16.8,MB-2.0,1.492,1.942,1.42,1.523,1.39,-1.472,-1.501,-1.073,-0.237,0.055,0,dietitian,0
S00948,Aarhus,KA-100,58,M,never,1,high,0,29.4,100.1,5.42,4.42,6.7,1.31,1.12,20.9,MB-2.0,-0.366,-0.152,1.022,0.416,-0.479,-0.771,0.779,0.069,-0.024,-0.487,0,none,0
S00949,Tartu,KA-100,52,M,former,1,high,0,26.9,94.1,5.19,5.96,2.7,0.72,1.66,30.5,MB-2.0,-1.204,-0.118,-0.178,-0.108,-0.544,0.742,0.294,1.112,-0.743,-0.181,0,none,0
S00950,Uppsala,KB-200,50,F,never,0,high,0,23.9,69.8,5.64,5.86,9.3,2.41,1.69,28.0,MB-2.0,-1.108,-0.018,-0.565,-2.438,0.761,1.074,-0.327,0.191,0.157,-0.45,0,none,0
S00951,Uppsala,KB-200,57,F,former,0,high,0,26.3,81.0,5.8,5.96,5.6,1.49,1.84,32.9,MB-2.0,-0.374,0.665,0.466,-1.381,-0.832,-0.043,-1.358,-1.061,-0.21,0.014,0,none,0
S00952,Aarhus,KA-100,66,M,never,1,moderate,0,26.6,94.8,5.43,4.91,6.2,1.36,1.64,34.6,MB-2.0,3.025,4.075,3.306,3.798,3.679,-2.911,-2.54,-2.991,0.222,-0.094,0,diabetes service,0
S00953,Tartu,KA-100,66,F,former,0,high,0,31.0,96.3,5.25,5.32,4.2,0.99,1.58,35.3,MB-2.0,1.057,0.442,1.32,0.127,0.44,-0.32,-1.267,0.68,-0.167,-0.285,0,none,0
S00954,Aarhus,KA-100,61,M,never,0,high,0,29.1,96.1,5.26,4.54,3.1,0.62,1.89,37.5,MB-2.0,1.655,0.83,1.007,1.026,1.383,-1.108,-0.232,-1.289,0.036,0.27,0,diabetes service,0
S00955,Aarhus,KA-100,68,F,never,0,moderate,0,25.0,74.7,5.43,4.87,2.6,0.57,1.78,19.7,MB-2.0,0.453,-0.045,0.227,-0.468,-0.225,-0.283,0.563,-0.088,0.272,-0.21,1,none,0
S00956,Aarhus,KA-100,68,M,current,0,high,1,26.3,94.2,5.32,5.03,4.2,0.93,1.68,38.0,MB-2.0,-0.615,0.058,-0.305,0.436,-0.997,0.639,-0.472,-0.059,0.275,0.459,0,none,0
S00957,Porto,KB-200,64,F,never,0,high,0,24.3,66.7,5.48,4.59,2.6,0.52,1.89,48.9,MB-2.0,-1.527,-0.376,-0.202,-0.905,-0.764,-0.667,0.252,0.035,0.183,-0.264,0,none,0
S00958,Leuven,KA-100,57,F,never,0,high,0,32.2,91.1,6.14,5.82,6.2,1.6,1.23,22.7,MB-2.0,-0.095,-0.486,-0.454,-0.492,-0.53,0.882,-0.002,0.356,0.055,0.826,1,none,0
S00959,Aarhus,KA-100,58,F,never,0,moderate,0,33.1,95.2,5.42,4.74,6.4,1.35,1.51,34.3,MB-2.0,-1.153,-2.037,-1.902,-2.541,-0.616,2.05,1.539,1.607,0.538,-0.193,0,none,0
S00960,Uppsala,KB-200,51,F,never,1,moderate,0,30.5,79.0,5.5,5.2,,,1.3,16.3,MB-2.0,-0.986,0.257,-1.093,-1.166,-0.998,0.907,1.439,1.357,0.15,-0.653,1,diabetes service,1
S00961,Tartu,KA-100,44,F,former,1,moderate,0,29.4,86.9,5.16,4.58,4.4,0.9,2.08,32.0,MB-2.0,0.315,0.518,0.49,0.491,0.912,-0.452,0.262,-0.269,-0.251,0.009,0,none,0
S00962,Uppsala,KB-200,47,F,former,0,high,0,27.2,84.2,5.7,5.94,3.7,0.97,1.32,24.3,MB-2.0,-0.506,0.088,2.392,0.28,-0.901,0.729,-2.589,-2.201,-0.109,-0.511,0,none,0
S00963,Aarhus,KA-100,42,M,never,0,high,0,22.8,78.9,5.57,4.4,7.3,1.42,1.31,26.0,MB-2.0,-0.825,-2.185,-1.169,-0.653,-1.234,0.746,0.929,0.766,-0.042,0.32,0,none,0
S00964,Porto,KB-200,50,M,former,1,high,0,25.0,82.2,5.29,4.48,,,1.5,37.9,MB-2.0,-0.436,0.235,0.506,-1.367,1.192,0.229,-0.064,-0.639,0.445,0.096,0,none,0
S00965,Uppsala,KB-200,60,F,never,0,high,0,24.8,76.3,5.17,5.25,4.1,0.97,1.83,44.7,MB-2.0,-1.175,0.516,1.312,-0.129,-0.682,-0.295,-0.772,-0.916,0.848,-0.207,0,none,0
S00966,Aarhus,KA-100,49,M,never,0,high,0,25.1,89.1,5.94,5.12,11.3,2.57,1.99,24.8,MB-2.0,0.754,0.882,0.348,0.345,1.018,-0.163,-0.948,-0.932,-1.033,0.019,0,dietitian,0
S00967,Uppsala,KB-200,60,M,never,1,high,0,26.6,88.2,5.47,5.22,2.9,0.67,1.69,30.7,MB-2.0,-0.756,0.044,-0.786,-1.67,-1.17,-0.539,0.31,0.731,0.109,0.204,0,none,0
S00968,Tartu,KA-100,65,M,never,0,moderate,0,28.6,90.7,5.29,4.71,7.8,1.63,1.69,27.9,MB-2.0,0.72,1.46,0.116,0.773,0.607,-0.418,-0.777,-0.609,-0.275,-0.25,0,none,0
S00969,Uppsala,KB-200,37,F,current,0,high,1,25.6,69.4,5.71,6.12,,,1.94,28.2,MB-2.0,-1.757,-1.043,-1.041,-1.828,-0.11,2.056,0.945,0.687,-0.715,0.957,0,none,0
S00970,Tartu,KA-100,62,M,current,0,high,0,28.1,90.3,5.53,4.52,4.6,0.92,1.85,20.0,MB-2.0,1.681,2.077,2.775,2.423,2.92,-2.448,-2.498,-2.309,-1.159,0.338,0,none,0
S00971,Tartu,KA-100,66,F,never,0,high,0,24.3,76.5,5.41,4.6,7.5,1.53,1.88,31.3,MB-2.0,3.412,3.125,3.247,3.834,2.456,-2.879,-2.228,-2.579,0.245,0.059,0,none,0
S00972,Tartu,KA-100,71,M,former,0,high,0,22.7,93.3,5.15,4.34,4.5,0.87,2.01,38.3,MB-2.0,3.234,3.043,2.524,2.691,2.886,-2.42,-3.131,-3.325,0.225,0.289,0,none,0
S00973,Porto,KB-200,60,M,never,0,high,0,26.4,92.9,5.53,4.98,14.3,3.17,1.43,28.3,MB-2.0,0.497,0.428,1.11,-1.719,0.605,-0.725,-1.429,-1.504,0.505,0.055,0,none,0
S00974,Aarhus,KA-100,51,F,former,0,high,0,31.0,93.8,5.99,6.46,10.8,3.11,1.64,,MB-2.0,1.26,1.839,0.936,1.73,2.108,-1.38,-1.449,-1.019,0.731,-0.271,0,none,0
S00975,Leuven,KA-100,55,M,former,1,moderate,0,31.0,105.4,5.22,5.44,5.9,1.42,0.69,33.9,MB-2.0,-0.131,0.479,0.74,-0.239,-0.45,0.739,-0.266,0.756,-0.111,-0.383,0,none,0
S00976,Uppsala,KB-200,72,M,never,0,high,0,28.1,92.1,5.43,5.73,,,1.8,30.4,MB-2.0,-0.215,0.478,-0.341,0.338,-0.461,1.008,0.382,0.096,-0.184,0.234,0,none,0
S00977,Tartu,KA-100,67,M,current,1,high,0,23.4,81.8,5.23,4.91,6.2,1.35,1.58,30.9,MB-2.0,2.182,2.026,2.011,1.586,2.245,-2.067,-1.22,-1.348,-0.979,0.049,0,none,0
S00978,Leuven,KA-100,56,M,never,1,high,0,23.9,89.9,5.36,5.03,,,1.48,25.5,MB-2.0,0.081,0.501,0.429,0.409,0.818,-0.961,-0.269,-1.054,-0.25,0.172,0,dietitian,0
S00979,Tartu,KA-100,68,M,never,0,high,0,29.5,98.7,5.54,5.19,6.5,1.51,1.39,21.7,MB-2.0,-0.756,0.071,-0.558,-0.656,-1.487,-0.448,0.215,-0.492,0.58,0.195,0,none,0
S00980,Leuven,KA-100,57,M,never,1,high,0,22.0,74.1,5.43,4.95,6.0,1.32,1.1,25.4,MB-2.0,0.706,2.308,0.797,1.804,1.54,-0.564,-1.959,-0.941,-0.362,-0.137,0,none,0
S00981,Uppsala,KB-200,54,M,never,0,high,0,28.7,99.7,5.53,5.0,7.4,1.65,1.49,29.2,MB-2.0,-0.944,-0.687,2.63,1.094,0.027,-0.035,-2.44,-2.009,0.165,-0.406,0,none,0
S00982,Tartu,KA-100,41,F,former,0,high,0,28.9,84.7,5.18,5.09,2.4,0.55,2.59,34.6,MB-2.0,0.922,-0.532,0.595,0.143,0.543,-0.193,-1.034,0.009,-0.205,0.369,0,none,0
S00983,Aarhus,KA-100,55,M,former,0,high,0,29.8,105.4,5.29,5.71,7.1,1.8,1.8,21.4,MB-2.0,-0.32,-0.032,1.085,-0.298,0.376,-0.473,-0.066,0.252,0.161,-0.104,0,none,0
S00984,Aarhus,KA-100,60,F,never,1,high,0,21.3,67.3,5.24,5.38,4.1,0.98,2.03,30.5,MB-2.0,0.271,-0.024,0.084,0.289,0.614,-0.21,0.136,-0.958,0.293,-0.636,0,diabetes service,0
S00985,Tartu,KA-100,66,M,never,1,moderate,0,29.2,97.9,5.62,4.68,7.0,1.46,1.05,19.5,MB-2.0,-1.366,-0.867,-1.528,-0.738,-1.518,1.206,0.817,1.604,-0.679,-0.302,0,none,0
S00986,Aarhus,KA-100,66,M,former,1,moderate,0,31.2,101.0,5.76,5.71,3.4,0.88,1.05,24.6,MB-2.0,-0.616,-0.571,-0.706,-0.82,-0.068,1.462,0.593,1.214,-0.237,-0.664,1,diabetes service,1
S00987,Tartu,KA-100,62,F,never,0,high,0,32.1,101.5,5.18,4.51,,,1.94,23.3,MB-2.0,2.852,2.491,2.399,2.478,2.766,-2.097,-2.226,-2.559,-0.669,0.429,0,none,0
S00988,Aarhus,KA-100,63,F,former,0,high,0,23.6,67.2,5.58,4.93,4.6,1.01,1.83,33.3,MB-2.0,-0.812,-1.559,-0.867,-0.617,-0.6,0.86,0.972,1.068,-0.099,0.33,0,none,0
S00989,Tartu,KA-100,60,F,never,1,moderate,0,26.1,79.0,5.37,5.21,2.2,0.5,2.16,24.3,MB-2.0,1.003,0.678,0.794,1.633,1.193,-0.416,-0.945,-0.703,-0.051,0.278,0,diabetes service,0
S00990,Tartu,KA-100,47,M,never,0,high,1,26.0,83.1,5.45,5.83,7.7,1.99,1.55,19.8,MB-2.0,-1.448,-0.569,-0.812,-1.088,-1.028,0.292,1.287,0.787,0.044,-0.298,0,none,0
S00991,Porto,KB-200,56,F,former,0,moderate,0,34.4,101.4,5.78,5.26,6.9,1.62,1.48,28.5,MB-2.0,-0.58,1.213,0.6,0.182,-1.445,0.305,-0.156,0.637,-0.354,-0.334,0,none,0
S00992,Leuven,KA-100,61,M,former,1,moderate,0,25.7,94.6,5.18,5.34,5.4,1.29,1.43,24.8,MB-2.0,-1.27,0.005,-1.241,-0.757,-0.747,0.233,0.5,0.729,-0.239,0.055,0,none,0
S00993,Leuven,KA-100,72,M,never,0,high,0,24.9,82.7,5.2,5.5,3.8,0.92,1.74,19.5,MB-2.0,1.111,1.012,0.717,1.282,1.022,-1.577,-1.397,-0.681,-0.25,-0.572,0,none,0
S00994,Porto,KB-200,63,M,never,1,moderate,0,27.5,94.9,5.45,5.13,5.0,1.14,1.33,23.0,MB-2.0,-0.235,0.09,-0.524,-1.264,-0.412,1.596,-0.178,0.425,0.367,1.198,0,none,0
S00995,Porto,KB-200,57,F,never,0,high,0,26.0,65.6,5.81,4.9,4.1,0.9,1.68,25.3,MB-2.0,0.253,-0.042,0.434,-0.134,0.284,0.291,-0.86,-0.691,0.783,-0.318,0,none,0
S00996,Porto,KB-200,74,F,former,1,high,0,31.0,94.1,5.64,4.96,3.5,0.77,1.74,49.0,MB-2.0,0.253,0.819,1.789,0.475,-0.474,0.464,-2.132,-2.528,-0.28,-0.177,0,none,0
S00997,Leuven,KA-100,38,F,former,0,high,0,27.1,74.2,5.34,4.67,6.8,1.42,2.08,32.2,MB-2.0,0.884,1.071,1.324,1.864,1.159,-1.337,-1.454,-1.334,-0.187,-0.197,0,none,0
S00998,Leuven,KA-100,64,M,never,0,moderate,0,23.5,76.3,5.22,5.11,3.2,0.74,1.27,35.9,MB-2.0,1.905,2.911,2.458,3.1,2.253,-2.844,-1.954,-2.427,-1.334,-0.422,0,none,0
S00999,Leuven,KA-100,54,M,never,0,high,0,25.2,82.0,5.27,4.47,2.8,0.55,1.82,40.9,MB-2.0,0.641,-0.653,-0.211,0.655,1.061,1.09,0.116,-0.928,-0.042,-0.658,0,none,0
S01000,Porto,KB-200,68,M,former,0,high,0,25.6,92.6,5.33,5.47,4.3,1.03,1.64,40.5,MB-2.0,-0.4,-0.342,2.381,-0.991,0.75,-0.317,-1.415,-1.917,-0.288,0.548,0,none,0
S01001,Tartu,KA-100,63,M,never,0,high,0,27.2,95.0,5.19,4.49,5.4,1.08,1.43,37.0,MB-2.0,0.02,-0.293,0.181,0.071,-0.349,0.407,-0.645,0.232,0.382,0.614,1,none,0
S01002,Leuven,KA-100,61,M,former,0,high,0,28.7,103.7,5.42,5.45,7.8,1.9,1.56,33.4,MB-2.0,1.37,0.284,2.121,0.053,0.982,-1.158,-1.206,-1.043,-0.315,-0.269,0,dietitian,0
S01003,Aarhus,KA-100,67,F,never,0,moderate,0,33.5,91.3,6.35,6.11,,,0.84,,MB-2.0,0.791,0.975,1.068,0.856,0.633,-0.766,-1.106,-0.11,-0.182,0.167,1,diabetes service,1
S01004,Porto,KB-200,38,M,former,0,moderate,0,24.8,81.1,5.68,6.74,4.3,1.27,1.45,42.3,MB-2.0,-1.029,0.392,-0.252,-0.419,-1.51,0.407,-0.261,0.208,0.073,-0.318,1,none,0
S01005,Aarhus,KA-100,74,F,former,1,high,0,26.8,77.6,5.18,5.82,3.1,0.8,1.62,36.3,MB-2.0,-0.329,0.46,-0.468,0.093,0.441,-0.656,0.262,0.253,0.037,0.055,0,none,0
S01006,Uppsala,KB-200,44,M,never,0,moderate,0,34.8,110.8,6.12,6.36,5.9,1.68,1.41,25.9,MB-2.0,-0.619,0.106,-0.133,-0.555,0.454,0.638,-0.183,0.586,0.31,-0.206,1,dietitian,1
S01007,Aarhus,KA-100,70,M,former,0,moderate,0,27.8,103.4,5.34,4.67,7.5,1.56,1.51,30.3,MB-2.0,1.928,1.949,1.262,1.632,1.312,-1.641,-1.178,-1.218,0.043,-0.475,0,dietitian,0
S01008,Aarhus,KA-100,74,M,never,0,high,0,23.0,80.7,5.71,5.24,3.7,0.87,1.8,26.6,MB-2.0,2.826,2.561,2.645,3.272,2.282,-2.919,-2.323,-2.042,-0.106,0.338,0,none,0
S01009,Leuven,KA-100,68,M,current,0,high,0,31.8,101.1,5.73,4.93,5.3,1.17,1.9,,MB-2.0,1.625,1.5,1.387,0.796,2.051,-1.442,-0.914,-1.142,-0.444,0.189,0,none,0
S01010,Leuven,KA-100,59,F,never,0,high,0,29.5,94.1,5.35,4.74,4.0,0.84,1.77,27.2,MB-2.0,1.194,0.88,1.092,1.236,1.013,-1.08,-0.476,-1.366,0.312,-0.05,0,none,0
S01011,Leuven,KA-100,42,F,former,0,high,0,23.3,68.2,5.27,5.22,4.8,1.12,1.61,27.0,MB-2.0,0.788,0.858,1.318,-0.258,0.649,-0.731,-0.844,-0.539,0.684,0.553,0,dietitian,0
S01012,Aarhus,KA-100,68,F,never,0,high,0,26.6,77.8,5.45,4.45,5.6,1.1,1.25,31.3,MB-2.0,-0.225,0.105,0.003,0.416,0.089,0.078,-0.226,-0.572,-0.069,-0.198,0,dietitian,0
S01013,Uppsala,KB-200,46,F,former,1,high,0,24.2,69.9,5.98,4.92,3.6,0.79,1.77,30.5,MB-2.0,-2.583,0.178,1.112,-2.928,-0.953,0.292,-1.524,-0.816,-0.087,-0.304,0,dietitian,0
S01014,Leuven,KA-100,54,F,former,0,high,0,26.5,75.1,5.93,5.5,8.5,2.09,1.19,25.3,MB-2.0,3.174,2.346,2.285,3.451,3.106,-2.719,-2.968,-3.142,-0.241,0.633,0,none,0
S01015,Tartu,KA-100,70,F,never,0,moderate,0,31.7,98.7,5.19,5.43,6.7,1.63,1.91,28.3,MB-2.0,0.735,0.215,-0.099,0.316,0.481,-0.04,0.1,-0.275,0.535,-0.29,0,dietitian,0
S01016,Uppsala,KB-200,54,M,never,0,high,0,29.9,94.8,5.36,5.09,5.8,1.31,1.58,18.2,MB-2.0,-0.805,-0.182,-1.814,-0.122,1.238,0.185,1.174,1.058,-1.39,-0.234,0,none,0
S01017,Leuven,KA-100,55,F,never,0,high,0,23.4,66.4,5.45,5.26,4.8,1.12,1.81,35.6,MB-2.0,0.037,0.888,0.648,0.607,0.394,0.362,-0.891,-0.908,-0.05,0.461,0,none,0
S01018,Porto,KB-200,56,F,never,1,moderate,1,26.3,78.8,5.56,5.2,2.0,0.47,1.63,39.0,MB-2.0,-0.521,0.455,2.078,-0.226,-0.244,-0.233,-1.951,-2.206,-0.473,-0.569,0,none,0
S01019,Porto,KB-200,51,M,former,0,high,0,22.0,80.8,5.27,4.78,2.0,0.43,1.3,37.8,MB-2.0,0.437,-1.028,-0.519,-2.862,-2.184,1.272,1.324,0.732,0.073,-0.278,0,none,0
S01020,Aarhus,KA-100,53,M,never,0,high,0,24.8,82.1,5.31,4.87,,,1.53,33.0,MB-2.0,-1.213,-0.599,-0.619,-0.787,-0.606,-0.182,1.152,0.056,0.289,-0.171,0,none,0
S01021,Uppsala,KB-200,75,F,former,0,high,0,19.9,68.2,5.42,4.75,2.4,0.51,1.82,30.4,MB-2.0,-0.003,-0.06,0.166,0.085,-0.807,-0.108,0.167,-0.068,0.509,-0.227,0,none,0
S01022,Uppsala,KB-200,59,F,former,0,high,0,26.7,76.7,5.25,4.57,2.6,0.52,1.37,30.5,MB-2.0,-0.514,-0.333,0.654,0.185,-0.56,0.357,-0.546,-1.126,0.348,-0.542,0,none,0
S01023,Tartu,KA-100,68,M,never,1,high,0,23.3,84.2,5.27,5.4,3.0,0.71,1.14,17.1,MB-2.0,2.454,1.986,2.417,2.26,3.078,-1.913,-2.459,-2.244,-0.3,0.22,0,none,0
S01024,Uppsala,KB-200,53,M,former,0,high,0,23.9,90.1,5.88,4.47,,,1.49,16.3,MB-2.0,-2.054,-0.403,1.58,0.734,-0.726,-0.633,-1.218,-1.005,-0.295,0.073,0,none,0
S01025,Leuven,KA-100,54,F,former,0,moderate,0,26.9,75.5,5.49,4.84,,,2.15,30.0,MB-2.0,1.411,1.307,1.186,1.011,1.668,-0.438,-1.324,-0.6,-0.528,-0.423,0,none,0
S01026,Aarhus,KA-100,59,F,never,0,moderate,0,22.5,69.3,5.4,5.29,4.1,0.96,1.74,26.5,MB-2.0,0.507,0.518,0.511,0.67,1.126,-0.164,-0.361,-0.768,0.233,-0.046,0,none,0
S01027,Tartu,KA-100,62,M,current,1,high,0,33.2,112.2,5.73,5.21,,,1.31,26.7,MB-2.0,1.567,0.999,1.69,1.936,1.154,-1.89,-1.391,-1.471,0.537,0.406,0,none,0
S01028,Aarhus,KA-100,54,F,never,0,high,1,28.0,81.0,5.86,6.15,,,1.62,16.8,MB-2.0,-0.866,-1.475,-1.378,-0.116,-0.232,1.605,0.344,0.794,0.179,-0.465,0,none,0
S01029,Tartu,KA-100,53,M,former,0,high,0,26.5,95.8,5.51,4.35,5.8,1.12,1.45,35.5,MB-2.0,3.193,2.777,2.944,3.828,2.809,-2.354,-2.61,-3.571,-0.454,0.355,0,none,0
S01030,Aarhus,KA-100,66,M,never,0,moderate,0,37.5,118.0,5.38,5.02,3.7,0.82,1.58,27.1,MB-2.0,-0.177,-0.018,-0.345,-0.935,-1.035,0.395,0.728,0.207,-0.422,1.208,0,none,0
S01031,Aarhus,KA-100,68,F,former,1,moderate,0,26.7,75.5,5.97,5.77,3.8,0.96,1.1,14.9,MB-2.0,2.217,2.535,2.849,3.302,2.244,-2.384,-2.802,-2.636,0.214,-0.191,0,none,0
S01032,Aarhus,KA-100,62,M,former,0,high,1,29.0,88.8,5.82,6.39,14.5,4.13,1.01,,MB-2.0,-2.776,-2.424,-1.181,-2.042,-2.006,1.628,2.012,1.926,0.805,0.351,0,diabetes service,1
S01033,Tartu,KA-100,69,F,former,0,high,0,28.8,92.6,5.38,4.85,6.0,1.3,1.88,41.2,MB-2.0,1.217,1.659,2.374,1.036,1.076,-1.176,-1.283,-1.558,0.359,-0.144,0,none,0
S01034,Aarhus,KA-100,54,M,never,0,high,0,23.7,77.8,5.44,4.57,6.4,1.3,1.53,29.9,MB-2.0,0.151,1.596,0.369,0.396,0.495,-0.551,-0.483,-0.387,0.331,-0.66,0,none,0
S01035,Porto,KB-200,58,F,never,0,moderate,0,25.2,69.6,5.33,5.06,3.8,0.86,1.59,28.4,MB-2.0,0.554,0.213,0.263,-1.339,0.016,-0.257,-1.313,-0.691,0.283,0.035,0,none,0
S01036,Uppsala,KB-200,44,M,former,0,low,0,26.9,87.7,5.31,5.14,9.6,2.19,1.27,26.2,MB-2.0,-0.719,1.074,-0.288,-1.923,-2.153,-0.039,0.517,-0.182,-0.03,-0.125,0,none,0
S01037,Leuven,KA-100,53,F,never,1,moderate,0,27.6,77.9,5.82,5.51,7.7,1.89,1.43,19.8,MB-2.0,1.506,1.426,0.503,0.779,1.466,-1.484,-0.75,-0.872,-0.082,0.268,0,none,0
S01038,Leuven,KA-100,52,M,never,1,low,0,25.3,82.4,6.17,5.11,5.9,1.34,1.53,36.1,MB-2.0,0.23,0.438,1.953,0.592,0.597,-0.801,-0.788,-0.59,-0.578,-0.036,0,none,0
S01039,Aarhus,KA-100,54,M,current,0,high,0,26.0,82.8,5.5,5.94,5.7,1.51,1.34,22.8,MB-2.0,1.09,1.42,1.123,0.729,0.93,-1.256,-1.502,-1.188,-0.461,0.046,0,none,0
S01040,Leuven,KA-100,50,M,never,0,high,0,28.4,90.9,5.29,4.92,7.6,1.66,1.73,28.9,MB-2.0,-1.077,-1.802,-1.213,-0.365,-0.522,1.043,1.158,1.126,0.824,-0.175,0,none,0
S01041,Leuven,KA-100,66,F,current,1,high,0,30.4,85.5,6.03,6.29,16.6,4.63,1.2,22.1,MB-2.0,2.246,3.283,2.362,1.887,1.492,-1.534,-2.078,-1.996,-0.15,0.354,0,none,0
S01042,Aarhus,KA-100,62,M,never,1,high,0,20.9,67.3,5.59,5.1,4.8,1.08,1.94,41.4,MB-2.0,3.196,3.95,3.493,4.046,3.535,-3.176,-2.968,-3.721,-0.358,0.045,0,none,0
S01043,Uppsala,KB-200,59,F,never,0,high,0,31.2,89.3,5.18,4.44,2.3,0.45,1.73,21.6,MB-2.0,-1.009,-1.027,0.831,-1.363,-0.662,1.475,0.171,0.002,-0.138,0.217,0,none,0
S01044,Leuven,KA-100,50,F,never,0,high,0,28.5,78.9,5.27,4.38,8.9,1.73,1.83,21.7,MB-2.0,-0.521,-0.207,-1.026,-0.576,-0.893,0.904,1.314,1.023,-0.504,-0.52,0,none,0
S01045,Tartu,KA-100,51,M,never,0,high,0,33.3,113.5,5.29,4.42,,,1.58,35.8,MB-2.0,1.373,1.252,1.655,1.327,1.276,-1.401,-1.454,-1.111,-0.111,-0.646,0,dietitian,0
S01046,Leuven,KA-100,55,M,former,1,high,0,23.6,78.6,5.41,4.98,4.3,0.95,1.81,29.7,MB-2.0,0.032,-0.245,-0.827,-1.118,-0.275,0.519,-0.048,0.046,0.12,0.242,0,none,0
S01047,Leuven,KA-100,43,M,never,1,high,0,29.3,100.8,5.3,4.81,,,1.46,31.3,MB-2.0,1.931,2.413,2.819,1.949,2.445,-1.68,-2.317,-2.129,-0.264,0.181,0,none,0
S01048,Aarhus,KA-100,44,M,former,1,high,0,26.7,94.1,5.48,4.86,2.4,0.53,1.42,34.3,MB-2.0,-0.584,0.095,0.147,-0.215,-0.081,-0.127,0.067,0.161,-0.095,0.602,0,none,0
S01049,Leuven,KA-100,67,F,former,0,high,0,28.6,76.8,5.42,5.14,5.1,1.17,1.78,23.3,MB-2.0,0.06,0.085,0.292,0.421,0.057,-0.218,-0.094,-0.233,-0.06,0.376,1,none,0
S01050,Porto,KB-200,41,M,former,0,high,0,19.2,67.8,5.18,4.41,5.5,1.08,1.5,34.0,MB-2.0,0.4,-1.219,-0.217,-1.484,0.324,-0.259,0.275,-0.253,0.593,0.393,0,dietitian,0
S01051,Tartu,KA-100,74,M,former,0,moderate,0,27.3,84.5,5.6,4.4,4.7,0.91,1.64,32.9,MB-2.0,1.271,0.824,0.787,1.403,1.149,-1.064,-0.786,-0.364,0.041,-0.559,0,none,0
S01052,Aarhus,KA-100,53,F,former,0,moderate,0,21.4,67.0,5.43,5.16,4.7,1.08,1.75,32.1,MB-2.0,-0.311,-0.405,0.235,-0.281,-0.245,0.16,-0.415,0.389,-0.381,0.234,0,none,0
S01053,Tartu,KA-100,56,M,never,0,moderate,0,26.5,87.3,5.44,5.49,8.3,2.01,1.66,29.5,MB-2.0,-1.022,-1.054,-0.601,-0.744,-1.088,0.945,0.432,0.626,0.152,0.294,0,diabetes service,0
S01054,Leuven,KA-100,70,M,former,0,moderate,0,21.0,72.9,5.42,5.12,4.6,1.04,1.11,27.8,MB-2.0,0.58,1.335,1.306,1.577,1.004,-0.589,-0.791,-0.276,-0.263,-0.339,0,dietitian,0
S01055,Aarhus,KA-100,51,M,current,0,high,0,26.9,91.8,5.92,5.82,6.0,1.56,0.92,20.1,MB-2.0,0.421,0.744,0.709,0.239,0.522,-0.946,0.313,-1.035,-0.252,-0.524,0,none,0
S01056,Aarhus,KA-100,67,F,never,1,high,0,21.5,68.3,5.82,5.06,3.3,0.74,1.83,29.9,MB-2.0,-0.811,-0.614,-0.833,-0.106,-1.006,0.553,0.195,0.599,0.697,0.234,0,none,0
S01057,Porto,KB-200,67,F,current,0,high,1,21.1,65.9,5.43,5.16,2.3,0.53,1.65,34.0,MB-2.0,-0.283,1.351,3.161,-1.97,-0.821,1.41,-2.872,-3.258,-0.123,-0.489,1,diabetes service,0
S01058,Leuven,KA-100,70,F,never,0,high,1,26.9,75.0,5.29,4.47,2.1,0.41,2.14,27.6,MB-2.0,0.239,0.637,0.318,0.191,0.23,-0.398,-0.064,-0.688,-0.335,-0.048,0,none,0
S01059,Aarhus,KA-100,51,M,never,0,high,0,25.4,84.5,5.18,5.54,3.3,0.82,1.68,28.2,MB-2.0,-1.315,-1.667,-0.93,-1.09,-1.968,1.354,0.625,1.2,0.291,0.212,0,dietitian,0
S01060,Tartu,KA-100,65,F,current,0,high,0,28.2,73.9,5.4,5.18,2.7,0.62,1.76,26.4,MB-2.0,-0.164,-0.221,0.232,-0.616,0.684,0.295,0.021,-0.137,0.027,-0.407,0,none,0
S01061,Leuven,KA-100,48,M,current,0,high,0,23.9,82.0,5.39,5.41,5.1,1.22,1.23,27.7,MB-2.0,-0.439,0.73,0.02,0.102,0.581,0.062,-0.397,0.01,0.156,0.404,0,none,0
S01062,Leuven,KA-100,65,M,former,0,high,0,32.9,104.6,5.37,5.19,2.2,0.52,1.19,23.4,MB-2.0,-1.51,-2.047,-1.645,-1.142,-1.801,1.041,1.532,1.594,-0.297,-0.327,1,diabetes service,1
S01063,Tartu,KA-100,64,F,former,0,high,0,22.5,71.0,5.21,5.32,5.3,1.26,1.56,47.3,MB-2.0,2.431,2.59,2.929,2.153,2.976,-3.066,-2.244,-2.663,-0.013,0.669,0,none,0
S01064,Leuven,KA-100,44,M,former,0,high,0,29.9,97.7,5.92,4.9,4.4,0.95,1.96,27.5,MB-2.0,-0.344,0.161,-0.694,-0.499,0.539,0.046,-0.343,-0.013,-0.824,-0.207,0,none,0
S01065,Porto,KB-200,62,F,former,0,high,1,20.7,66.4,5.26,5.09,2.7,0.62,1.97,34.8,MB-2.0,-1.199,-0.141,0.007,-1.874,-1.273,0.157,-0.012,-0.627,-0.793,-0.103,0,none,0
S01066,Leuven,KA-100,68,F,never,0,high,0,27.7,84.6,5.82,6.1,7.4,2.02,1.44,27.3,MB-2.0,0.927,0.914,0.173,0.1,0.485,-0.72,-0.797,-0.613,0.393,0.516,0,none,0
S01067,Aarhus,KA-100,57,M,never,1,high,1,29.2,101.7,5.26,5.65,3.0,0.76,1.58,25.4,MB-2.0,-1.093,-0.366,-0.603,-0.654,-0.344,-0.515,0.07,0.606,0.036,-0.244,0,dietitian,0
S01068,Uppsala,KB-200,40,F,never,0,moderate,1,32.6,95.8,6.16,6.11,8.3,2.25,1.23,,MB-2.0,-1.856,-0.146,-1.445,-0.213,-1.102,0.628,0.767,0.902,-0.434,0.873,0,none,0
S01069,Porto,KB-200,53,M,former,1,high,0,21.5,76.3,5.23,4.82,4.3,0.93,1.58,27.5,MB-2.0,-0.796,-0.012,1.055,-1.997,-0.194,0.268,-0.18,-0.959,-0.266,0.258,0,none,0
S01070,Leuven,KA-100,68,F,never,0,high,1,33.2,92.2,5.18,4.42,2.1,0.42,2.29,32.4,MB-2.0,0.08,0.999,1.048,1.18,0.191,-0.542,-0.067,-0.297,0.434,-0.925,0,none,0
S01071,Uppsala,KB-200,53,M,never,0,high,0,21.3,73.5,5.2,5.5,4.3,1.06,1.3,39.2,MB-2.0,-0.485,-0.057,-0.138,-1.618,-0.851,0.258,-1.727,-0.165,0.175,-0.137,0,none,0
S01072,Aarhus,KA-100,57,M,never,0,high,0,24.2,83.9,5.51,5.17,,,1.43,38.9,MB-2.0,0.173,0.727,1.268,1.01,1.614,-1.352,-1.142,-1.091,-0.044,-0.324,0,none,0
S01073,Uppsala,KB-200,74,M,former,0,moderate,0,23.4,77.5,5.52,4.48,,,2.13,36.7,MB-2.0,0.113,1.234,-1.29,-2.139,-0.1,0.71,1.451,0.861,-0.342,0.294,0,none,0
S01074,Aarhus,KA-100,57,M,never,0,high,0,26.5,84.3,5.33,5.52,3.6,0.88,1.53,41.5,MB-2.0,0.743,0.075,-0.212,-0.139,0.04,-0.702,-0.074,-0.771,-0.651,-0.937,0,none,0
S01075,Tartu,KA-100,58,M,former,1,high,0,28.5,104.0,5.8,4.49,6.0,1.2,1.46,28.8,MB-2.0,1.538,0.934,0.644,1.135,0.778,-1.864,-0.607,-0.768,0.26,0.546,0,diabetes service,0
S01076,Porto,KB-200,60,M,current,0,high,1,29.7,103.3,5.17,6.44,13.5,3.87,1.6,46.9,MB-2.0,-1.368,-0.708,0.806,1.632,-0.746,2.348,-0.412,-1.256,-0.16,0.064,0,dietitian,0
S01077,Uppsala,KB-200,50,F,former,0,high,1,31.5,84.7,5.97,5.01,3.4,0.77,1.77,27.8,MB-2.0,-0.782,0.236,0.37,-0.316,-0.104,1.853,0.27,0.444,-0.243,0.45,1,diabetes service,1
S01078,Tartu,KA-100,51,M,never,1,high,0,30.9,96.8,5.17,5.24,4.8,1.13,1.94,29.0,MB-2.0,-1.293,-0.524,-1.25,-0.781,-0.75,1.307,-0.162,0.417,-0.606,-0.362,0,none,0
S01079,Leuven,KA-100,67,M,never,0,high,0,29.6,100.2,5.21,4.93,2.8,0.61,1.71,17.1,MB-2.0,-0.658,-0.128,-0.831,-0.243,-0.676,0.294,-0.528,0.318,0.087,-0.24,0,none,0
S01080,Porto,KB-200,65,F,former,0,high,0,26.2,80.5,5.7,4.63,,,2.13,35.2,MB-2.0,-0.762,-1.161,-1.556,-2.3,0.165,0.558,1.276,0.609,0.429,0.119,0,none,0
S01081,Aarhus,KA-100,65,M,never,0,high,0,24.0,84.3,5.16,5.71,3.5,0.9,1.93,37.1,MB-2.0,-1.347,-0.924,-0.682,-0.533,-1.251,0.152,0.817,0.651,-0.327,-0.776,0,none,0
S01082,Uppsala,KB-200,52,F,current,0,high,0,30.8,85.8,5.66,4.91,7.4,1.61,1.61,34.4,MB-2.0,0.168,0.795,0.444,-0.471,0.142,0.806,-0.839,-1.026,0.126,-0.056,0,none,0
S01083,Tartu,KA-100,47,M,former,0,high,0,23.2,85.7,5.75,5.57,2.2,0.54,1.64,26.7,MB-2.0,1.129,2.468,1.544,1.384,0.577,-1.198,-0.59,-1.532,0.318,0.173,0,none,0
S01084,Aarhus,KA-100,72,F,never,0,high,0,22.7,69.1,5.22,5.27,11.0,2.57,1.4,22.7,MB-2.0,0.615,1.24,0.603,0.285,0.712,-0.394,-0.947,0.4,0.343,0.284,0,none,0
S01085,Uppsala,KB-200,44,M,never,0,high,0,30.8,104.8,5.86,6.17,3.4,0.92,1.1,10.6,MB-2.0,0.338,-0.915,-2.446,-1.64,0.03,0.594,1.815,2.077,1.139,-0.273,1,diabetes service,1
S01086,Tartu,KA-100,49,F,never,0,moderate,0,32.3,93.6,5.64,5.68,,,1.66,27.8,MB-2.0,-2.003,-1.369,-3.113,-2.484,-3.042,2.735,2.421,3.665,-0.806,-0.522,0,none,0
S01087,Aarhus,KA-100,49,F,never,1,moderate,0,27.2,82.6,5.73,5.26,7.6,1.77,1.29,32.1,MB-2.0,-0.398,-0.147,-0.325,-0.295,-0.317,0.443,-0.291,1.043,-0.063,-0.038,1,dietitian,1
S01088,Tartu,KA-100,57,M,current,1,moderate,0,38.2,125.8,5.22,5.53,5.8,1.44,1.3,18.7,MB-2.0,-0.102,0.262,0.425,0.394,0.35,0.49,-0.267,0.132,-0.768,0.356,0,none,0
S01089,Leuven,KA-100,76,F,never,0,high,0,20.3,69.8,5.66,5.81,2.9,0.74,2.02,29.5,MB-2.0,2.173,1.902,1.331,2.196,1.276,-2.166,-1.808,-1.767,-0.229,-0.299,0,none,0
S01090,Leuven,KA-100,70,F,former,0,moderate,0,30.1,89.3,5.23,5.86,7.4,1.93,2.02,28.0,MB-2.0,1.626,0.947,0.544,1.364,0.69,-0.938,-1.065,-0.846,0.465,0.215,0,none,0
S01091,Porto,KB-200,49,F,former,1,moderate,0,26.2,68.9,5.61,5.52,5.8,1.43,1.62,29.3,MB-2.0,-0.926,0.016,0.747,-0.636,-0.262,-1.019,-0.348,-0.542,-0.231,0.225,0,none,0
S01092,Uppsala,KB-200,54,F,former,0,high,0,24.0,65.3,5.58,5.26,7.5,1.75,1.64,20.1,MB-2.0,0.928,1.36,-0.123,-0.769,0.442,-0.634,0.4,0.508,-0.282,0.053,0,dietitian,0
S01093,Porto,KB-200,48,M,never,0,moderate,0,21.1,81.4,5.35,5.44,5.9,1.43,1.37,36.5,MB-2.0,-0.384,-0.768,0.536,-1.479,-0.488,-0.109,-1.056,-0.266,0.204,0.185,0,none,0
S01094,Porto,KB-200,54,F,never,0,high,0,27.9,86.0,5.37,5.32,5.5,1.29,1.75,19.4,MB-2.0,-0.261,1.058,-0.397,-0.818,0.127,0.933,0.589,0.65,-0.2,-0.369,0,none,0
S01095,Tartu,KA-100,58,M,former,0,high,0,34.3,119.2,5.62,5.96,11.7,3.1,1.42,33.3,MB-2.0,-0.65,-0.037,-0.705,-0.348,-0.218,0.36,0.095,0.435,-0.313,0.508,0,none,0
S01096,Uppsala,KB-200,54,F,former,0,high,1,22.9,73.7,5.29,5.6,6.6,1.64,2.24,23.5,MB-2.0,0.792,1.45,0.541,-1.469,-0.48,-0.62,-0.64,-0.974,-0.285,-0.437,0,none,0
S01097,Porto,KB-200,60,M,never,1,moderate,0,22.0,78.6,5.57,5.79,5.5,1.42,1.68,30.6,MB-2.0,-1.227,1.696,2.616,-0.691,-0.004,0.08,-2.683,-3.279,-0.182,1.123,0,none,0
S01098,Leuven,KA-100,66,M,never,0,moderate,0,31.0,102.7,5.56,4.67,8.8,1.82,1.45,25.6,MB-2.0,1.294,0.664,1.184,1.382,1.133,-0.635,-1.533,-0.845,-0.538,-0.901,1,dietitian,0
S01099,Porto,KB-200,54,F,never,0,moderate,0,26.0,66.9,5.33,5.08,12.2,2.75,1.74,34.3,MB-2.0,-1.2,1.381,-2.406,0.204,-0.066,0.473,2.189,1.931,0.343,-0.803,0,none,0
S01100,Aarhus,KA-100,43,M,never,0,moderate,0,23.5,76.5,5.74,5.24,4.0,0.92,1.79,41.0,MB-2.0,-0.288,-0.55,-0.32,0.119,-0.951,0.527,0.075,-0.12,-0.074,-0.785,0,none,0
S01101,Tartu,KA-100,56,M,never,1,high,0,24.9,82.7,5.31,5.17,2.6,0.6,1.99,39.7,MB-2.0,0.992,1.389,0.677,0.904,0.937,-0.944,-1.86,-1.246,0.415,-0.381,0,none,0
S01102,Tartu,KA-100,44,M,current,0,high,0,24.9,87.8,5.44,4.65,2.4,0.5,1.49,39.0,MB-2.0,0.727,0.999,0.586,0.933,0.761,-0.76,-0.937,-0.786,0.79,-0.005,0,none,0
S01103,Leuven,KA-100,54,F,former,0,high,0,20.4,69.5,5.27,5.07,4.7,1.06,1.84,28.1,MB-2.0,2.027,2.314,1.762,2.726,1.949,-2.022,-2.432,-1.771,0.141,0.167,0,none,0
S01104,Uppsala,KB-200,61,M,current,0,moderate,0,26.9,90.7,6.08,5.82,8.9,2.3,1.77,,MB-2.0,0.239,0.261,0.457,0.055,-1.066,-0.282,-0.031,0.191,0.622,-0.442,1,dietitian,1
S01105,Leuven,KA-100,52,F,never,0,moderate,0,28.7,88.4,5.39,5.13,4.1,0.95,2.03,21.7,MB-2.0,-0.986,-0.505,-0.989,-1.106,-0.452,0.914,1.351,0.103,-0.136,0.344,1,diabetes service,1
S01106,Aarhus,KA-100,54,M,never,0,high,0,28.9,103.4,5.23,5.78,,,1.3,25.1,MB-2.0,0.772,1.097,0.35,1.123,0.848,-0.311,-1.385,-0.499,-0.338,-0.28,0,none,0
S01107,Leuven,KA-100,53,M,former,1,high,0,22.0,82.1,5.18,5.16,,,1.08,38.2,MB-2.0,0.992,0.714,0.597,1.44,0.319,-1.391,-0.448,-0.829,0.086,0.159,0,none,0
S01108,Leuven,KA-100,55,M,former,0,high,0,29.2,104.2,5.64,5.84,,,1.09,28.0,MB-2.0,1.267,1.411,1.402,1.482,1.655,-1.606,-2.057,-1.407,-0.685,-0.299,0,none,0
S01109,Porto,KB-200,62,M,former,0,moderate,1,22.4,79.2,5.72,4.51,5.6,1.13,1.77,36.5,MB-2.0,0.068,0.829,0.394,-1.263,0.618,-0.242,-0.475,0.055,-0.199,-0.016,0,none,0
S01110,Aarhus,KA-100,60,F,former,0,high,0,30.1,87.2,5.25,5.53,2.0,0.5,1.8,21.2,MB-2.0,0.627,0.294,0.405,-0.003,0.42,-0.406,-0.139,-0.471,0.798,-0.526,0,none,0
S01111,Aarhus,KA-100,58,M,never,0,moderate,0,30.7,99.0,5.56,4.78,4.0,0.84,1.62,29.9,MB-2.0,-1.218,-1.024,-1.869,-1.176,-1.227,1.419,1.652,0.814,0.393,0.041,0,none,0
S01112,Tartu,KA-100,63,M,never,0,high,0,31.3,103.4,5.16,5.24,8.4,1.95,1.94,24.0,MB-2.0,-0.646,-0.601,-0.903,-0.744,-0.971,0.251,0.207,0.498,-0.607,0.174,0,none,0
S01113,Uppsala,KB-200,52,M,current,0,moderate,0,30.2,103.1,5.91,6.33,14.6,4.1,1.22,22.3,MB-2.0,-1.188,0.264,1.136,-0.814,-0.6,0.174,-1.424,-1.24,-0.009,0.224,0,dietitian,0
S01114,Porto,KB-200,55,M,never,0,high,0,24.4,80.1,5.62,5.22,4.9,1.15,1.34,34.0,MB-2.0,-1.619,1.338,1.349,1.33,-0.57,0.126,-1.041,-0.99,-0.71,-0.558,0,dietitian,0
S01115,Porto,KB-200,50,M,current,1,high,0,30.9,109.8,5.62,5.91,8.7,2.29,0.86,,MB-2.0,-1.23,-1.184,-1.31,0.841,-1.036,0.223,0.788,0.911,0.085,-0.063,1,diabetes service,1
S01116,Porto,KB-200,53,M,current,0,high,0,20.0,70.3,5.17,4.45,7.6,1.5,1.72,41.7,MB-2.0,-1.716,0.464,-1.229,-1.794,-0.591,-0.28,0.005,0.172,-0.077,-0.31,1,diabetes service,1
S01117,Porto,KB-200,58,F,current,0,high,1,27.1,81.0,5.42,5.67,,,1.66,38.7,MB-2.0,-0.807,-0.557,-1.346,-2.027,-0.588,1.74,1.356,0.568,0.328,0.432,0,dietitian,1
S01118,Aarhus,KA-100,67,M,former,0,moderate,1,27.4,93.5,5.82,5.37,7.2,1.72,1.43,,MB-2.0,1.423,1.591,1.765,1.36,1.407,-1.406,-1.309,-0.157,0.595,-0.598,0,none,0
S01119,Leuven,KA-100,53,F,former,1,high,0,28.8,90.4,5.87,5.56,7.3,1.81,2.1,20.0,MB-2.0,1.483,0.988,1.208,1.283,1.129,-0.693,-0.541,-0.713,-0.229,-0.519,0,none,0
S01120,Tartu,KA-100,46,M,never,0,high,0,28.6,94.0,5.47,4.77,3.8,0.8,1.89,29.1,MB-2.0,1.435,0.995,1.476,1.092,1.84,-0.96,-0.885,-0.829,-0.41,-0.257,0,none,0
S01121,Porto,KB-200,44,M,never,0,high,0,22.6,84.0,5.26,4.68,5.8,1.21,1.66,28.0,MB-2.0,-0.988,-1.198,0.081,1.35,0.598,0.797,0.026,0.029,0.464,-0.963,0,none,0
S01122,Aarhus,KA-100,57,F,former,1,high,1,23.2,68.1,5.22,5.61,11.3,2.82,1.63,22.8,MB-2.0,-0.196,-0.278,-0.93,0.427,-0.018,0.568,0.398,0.261,-0.221,0.221,0,none,0
S01123,Tartu,KA-100,48,M,never,0,moderate,0,32.3,113.8,5.68,5.1,10.7,2.43,1.14,,MB-2.0,0.758,0.335,1.346,0.218,0.177,-0.606,-1.222,-1.351,0.365,0.367,0,none,0
S01124,Tartu,KA-100,45,F,former,1,moderate,0,28.5,88.7,5.37,4.99,7.4,1.65,1.95,13.8,MB-2.0,-0.568,-0.65,-0.499,-0.143,-0.439,0.222,-0.082,0.625,-0.012,0.034,0,none,0
S01125,Uppsala,KB-200,50,F,current,0,high,0,21.6,65.3,5.8,6.24,6.4,1.78,1.68,37.8,MB-2.0,0.106,0.46,0.915,-0.549,-0.612,0.482,-0.763,-0.764,-0.033,-0.406,0,none,0
S01126,Aarhus,KA-100,66,M,former,0,high,0,22.5,73.6,5.42,4.4,2.4,0.46,1.62,19.5,MB-2.0,1.261,0.206,1.38,0.609,0.824,-0.797,0.231,-0.671,-0.018,0.387,0,none,0
S01127,Aarhus,KA-100,79,F,current,0,moderate,0,24.1,69.7,5.49,5.09,6.3,1.42,1.31,30.5,MB-2.0,-0.894,-0.839,-0.911,-0.963,-1.085,1.272,0.457,0.764,-0.075,-0.571,0,none,0
S01128,Aarhus,KA-100,57,F,never,0,high,0,19.2,66.4,5.21,4.41,6.0,1.17,1.59,44.8,MB-2.0,-0.122,-0.784,-0.5,-0.755,-1.01,0.879,0.719,0.308,-0.385,0.111,0,none,0
S01129,Leuven,KA-100,75,F,former,0,moderate,0,27.0,77.6,5.52,5.08,3.5,0.79,1.89,23.1,MB-2.0,2.344,2.245,1.863,2.431,2.107,-1.184,-1.379,-1.272,0.423,0.335,0,none,0
S01130,Leuven,KA-100,50,M,former,0,high,0,27.7,92.8,5.22,5.49,3.1,0.75,1.49,23.0,MB-2.0,1.66,1.537,1.719,1.873,1.478,-1.607,-2.315,-1.551,-0.105,-0.256,0,none,0
S01131,Uppsala,KB-200,67,M,current,0,moderate,0,26.5,102.2,5.85,4.88,,,1.6,31.3,MB-2.0,-1.106,-0.784,0.353,0.017,0.06,-0.594,-0.403,-0.151,0.186,0.079,0,none,0
S01132,Leuven,KA-100,62,F,current,0,low,0,27.2,80.3,5.43,4.95,,,1.96,24.3,MB-2.0,1.63,0.826,2.048,1.623,1.981,-2.309,-1.743,-1.528,-0.113,0.496,0,none,0
S01133,Leuven,KA-100,39,F,never,1,high,0,27.3,76.1,6.05,5.35,,,1.79,32.9,MB-2.0,-1.82,-1.599,-1.395,-0.973,-1.578,0.722,1.71,2.409,-0.101,-0.257,0,none,0
S01134,Porto,KB-200,69,F,former,1,moderate,0,27.3,83.2,5.78,5.99,,,1.35,32.0,MB-2.0,-0.643,-0.952,0.479,1.568,-0.196,0.141,0.541,0.24,-0.494,0.147,0,none,0
S01135,Tartu,KA-100,65,F,never,0,moderate,0,29.4,86.7,5.98,5.92,,,1.62,28.3,MB-2.0,1.286,1.357,1.129,0.277,0.715,-1.29,-1.023,0.242,0.208,0.068,0,none,0
S01136,Uppsala,KB-200,71,M,never,0,high,0,26.6,104.5,5.61,6.11,5.5,1.5,1.29,31.2,MB-2.0,-1.821,-0.587,-0.049,-2.492,-1.067,-1.394,-0.076,-0.707,0.311,-0.569,1,diabetes service,1
S01137,Tartu,KA-100,50,M,former,0,high,0,23.4,79.5,5.33,5.07,2.4,0.53,1.99,29.5,MB-2.0,0.446,0.647,0.089,-0.083,0.418,-0.233,-1.52,0.572,-0.844,0.505,0,none,0
S01138,Aarhus,KA-100,60,F,never,0,high,0,24.4,71.8,5.33,5.86,5.0,1.29,1.62,31.8,MB-2.0,-1.42,-1.083,-0.409,-0.319,-1.072,0.317,0.139,0.083,0.52,0.278,0,none,0
S01139,Uppsala,KB-200,63,F,former,0,high,0,21.7,69.2,5.23,4.52,2.7,0.54,1.43,34.7,MB-2.0,-0.682,-0.378,-0.288,-2.281,0.66,-0.682,-0.116,0.517,0.328,-0.236,0,none,0
S01140,Porto,KB-200,58,F,never,0,high,0,29.1,91.3,5.52,5.2,7.5,1.73,1.28,27.9,MB-2.0,0.059,-0.417,2.293,0.274,-0.526,0.584,-1.057,-1.67,-0.351,0.869,0,none,0
S01141,Tartu,KA-100,58,M,former,1,low,1,29.9,116.3,5.33,5.19,10.4,2.41,0.83,8.8,MB-2.0,-1.404,-0.571,-1.245,-1.871,-1.191,1.797,1.909,1.609,0.073,0.252,0,none,0
S01142,Tartu,KA-100,48,F,current,1,high,0,21.4,67.2,5.45,4.48,,,2.22,33.1,MB-2.0,0.922,1.112,1.179,1.157,1.259,-1.239,-0.904,-0.114,0.349,-0.205,0,none,0
S01143,Aarhus,KA-100,74,M,never,0,moderate,0,30.4,102.3,5.18,4.64,,,1.12,25.4,MB-2.0,1.682,2.403,2.763,2.797,2.559,-1.358,-2.385,-2.004,-0.021,0.533,0,none,0
S01144,Uppsala,KB-200,53,F,never,0,high,0,23.6,67.1,5.41,5.51,7.0,1.71,1.52,40.8,MB-2.0,-0.967,-0.858,-0.75,-0.243,-1.979,1.399,-0.053,0.808,-0.212,-0.167,1,dietitian,0
S01145,Uppsala,KB-200,50,F,never,0,high,1,23.3,72.8,5.37,5.1,7.3,1.65,1.66,30.2,MB-2.0,-0.347,0.204,0.494,0.133,-0.012,-1.436,-0.136,-0.367,-0.619,-0.308,0,dietitian,0
S01146,Aarhus,KA-100,65,M,never,0,high,0,28.9,96.1,5.31,4.87,7.5,1.63,1.78,24.2,MB-2.0,-0.055,0.697,0.68,-0.049,-0.441,-0.255,0.043,-0.149,-0.173,-0.174,0,none,0
S01147,Aarhus,KA-100,53,M,current,0,low,0,23.2,82.3,5.55,6.12,7.4,2.02,2.05,22.6,MB-2.0,0.152,0.112,-0.29,0.723,0.242,-0.784,0.067,0.046,-0.722,0.324,0,dietitian,0
S01148,Porto,KB-200,50,M,never,0,moderate,0,23.3,78.7,5.25,5.13,2.6,0.59,1.14,26.6,MB-2.0,-0.002,-0.572,1.357,-0.103,-0.156,-1.328,-1.525,-1.328,0.358,0.22,0,none,0
S01149,Leuven,KA-100,55,F,current,0,high,0,25.4,76.7,5.27,5.18,2.1,0.49,2.1,42.8,MB-2.0,2.68,2.46,2.433,2.81,2.225,-2.471,-2.156,-2.387,-0.385,-0.023,1,diabetes service,1
S01150,Uppsala,KB-200,47,F,current,0,high,0,23.6,67.4,5.7,5.43,3.8,0.91,1.53,40.6,MB-2.0,-2.35,0.142,0.871,0.258,0.012,-0.166,-1.181,-0.445,-0.707,0.386,0,none,0
S01151,Leuven,KA-100,77,F,former,0,high,0,25.3,80.4,5.57,5.26,6.5,1.51,1.68,30.4,MB-2.0,0.794,0.738,0.309,0.469,1.494,-0.206,-0.646,-0.575,0.473,0.306,0,none,0
S01152,Porto,KB-200,37,M,never,0,moderate,0,24.7,85.8,5.34,5.71,4.4,1.1,1.53,32.3,MB-2.0,-0.817,0.438,-0.534,-3.064,1.336,-0.266,0.737,0.899,0.481,-0.358,0,none,0
S01153,Aarhus,KA-100,47,F,former,0,high,0,23.9,69.9,5.49,4.54,3.9,0.79,1.59,34.9,MB-2.0,2.589,3.359,3.152,2.823,3.128,-2.382,-2.762,-2.785,-0.538,-0.215,0,dietitian,0
S01154,Tartu,KA-100,57,F,current,0,high,0,31.8,92.1,5.19,4.62,2.9,0.59,1.53,35.7,MB-2.0,0.523,1.318,1.473,1.287,1.224,-0.143,-1.238,-0.648,0.081,-0.737,0,none,0
S01155,Porto,KB-200,74,F,never,0,high,0,26.1,83.0,5.34,5.31,4.5,1.06,2.0,26.9,MB-2.0,-1.808,0.426,-0.713,1.24,-0.356,1.108,0.707,1.24,0.194,-0.295,0,diabetes service,1
S01156,Uppsala,KB-200,46,M,current,0,high,0,25.4,80.0,5.33,4.77,2.9,0.61,1.45,26.7,MB-2.0,-0.268,0.411,-0.75,-1.774,-0.859,1.351,1.281,1.955,0.218,-0.326,0,none,0
S01157,Leuven,KA-100,39,F,former,0,high,0,29.2,89.4,5.44,5.43,2.3,0.56,1.62,18.3,MB-2.0,-0.431,0.044,-0.526,-0.322,0.01,1.068,0.431,0.207,-0.243,0.154,0,none,0
S01158,Uppsala,KB-200,56,M,never,0,high,0,22.7,72.7,5.15,4.74,4.3,0.9,1.79,29.8,MB-2.0,-0.445,0.453,0.155,-0.41,-0.208,-0.804,-0.146,0.313,-0.465,0.225,0,none,0
S01159,Leuven,KA-100,75,M,never,0,high,0,23.0,85.5,5.82,4.46,2.8,0.55,1.54,41.1,MB-2.0,1.899,1.144,2.546,1.837,1.753,-1.171,-1.476,-1.258,-0.677,0.103,0,none,0
S01160,Tartu,KA-100,48,F,never,0,high,0,27.7,79.7,5.19,4.7,3.6,0.76,1.8,36.7,MB-2.0,-0.082,1.29,0.591,1.12,1.037,-0.335,-0.371,-0.815,-0.371,0.174,0,none,0
S01161,Aarhus,KA-100,70,F,current,0,high,0,22.7,68.9,5.2,4.54,4.5,0.91,2.0,21.3,MB-2.0,1.441,1.218,1.352,1.523,2.161,-1.526,-2.201,-1.785,-0.065,0.058,0,none,0
S01162,Aarhus,KA-100,67,F,current,1,moderate,0,29.5,82.8,5.77,5.31,,,1.72,27.8,MB-2.0,-0.057,-0.001,-0.675,0.426,0.114,-0.367,-0.144,0.163,0.306,0.694,1,diabetes service,1
S01163,Uppsala,KB-200,72,M,never,0,high,0,23.3,77.8,5.15,4.48,2.0,0.4,1.64,50.6,MB-2.0,-0.747,-0.515,-1.162,-1.942,-0.131,0.45,1.297,0.575,-0.015,0.026,0,none,0
S01164,Aarhus,KA-100,70,F,former,0,high,0,22.0,71.0,5.57,5.15,2.2,0.5,1.81,19.1,MB-2.0,-2.907,-2.208,-2.339,-1.713,-2.498,2.316,1.902,2.349,-0.682,-0.477,1,diabetes service,1
S01165,Porto,KB-200,52,M,former,0,moderate,0,28.5,89.1,5.64,6.23,10.5,2.92,1.49,25.2,MB-2.0,0.492,-0.153,3.377,-1.068,0.805,0.049,-2.951,-3.003,-0.555,-0.223,0,none,0
S01166,Porto,KB-200,44,M,current,0,moderate,0,26.6,86.4,5.2,4.48,5.0,0.99,1.62,35.9,MB-2.0,-0.699,1.434,0.882,0.152,-0.12,-0.612,-1.73,-0.798,-0.948,-0.18,0,none,0
S01167,Porto,KB-200,47,F,never,0,high,0,26.0,85.0,5.58,5.49,,,1.92,34.0,MB-2.0,-0.59,0.634,-0.834,0.23,-0.044,-0.153,0.17,0.377,0.193,-0.044,0,none,0
S01168,Tartu,KA-100,68,M,never,0,moderate,0,30.0,96.7,5.18,5.47,8.6,2.09,1.46,26.8,MB-2.0,-0.574,-0.15,-0.019,0.474,0.143,-0.114,1.036,-0.765,0.62,-0.366,1,none,0
S01169,Leuven,KA-100,45,M,never,0,high,0,22.1,74.2,5.29,4.88,2.7,0.58,1.62,31.1,MB-2.0,2.145,2.444,2.265,1.957,2.062,-2.094,-2.237,-2.859,0.565,-0.569,0,none,0
S01170,Porto,KB-200,53,M,never,0,high,0,25.7,89.1,5.6,4.66,5.4,1.12,1.14,30.2,MB-2.0,0.908,0.878,0.483,-3.904,-0.575,0.013,-0.552,-0.948,0.54,-0.263,0,none,0
S01171,Leuven,KA-100,68,M,current,0,high,0,26.2,89.6,5.26,4.31,6.7,1.29,1.09,37.7,MB-2.0,1.911,1.765,1.602,1.059,1.844,-1.486,-1.192,-1.758,-0.492,-0.202,0,diabetes service,0
S01172,Porto,KB-200,71,F,former,0,moderate,0,22.3,67.4,5.76,5.51,8.5,2.08,1.39,39.9,MB-2.0,-0.333,1.272,-0.635,0.405,-0.863,1.117,0.246,1.274,0.385,0.123,0,none,0
S01173,Tartu,KA-100,60,F,never,0,high,0,26.1,72.1,5.37,4.79,3.2,0.67,2.33,35.4,MB-2.0,1.519,1.485,2.248,1.604,1.94,-1.635,-0.815,-1.445,-0.304,0.279,0,none,0
S01174,Uppsala,KB-200,67,F,former,0,moderate,0,28.5,81.7,5.42,5.07,6.1,1.38,1.76,26.3,MB-2.0,0.665,0.024,0.165,-1.382,0.799,1.42,-0.088,0.286,0.049,0.119,0,none,0
S01175,Aarhus,KA-100,55,M,never,0,high,0,30.9,95.6,5.39,5.16,4.5,1.03,2.08,18.0,MB-2.0,-0.824,-0.436,-1.258,-1.172,-0.426,0.972,0.064,0.483,-0.46,0.405,0,dietitian,0
S01176,Uppsala,KB-200,44,M,former,0,high,0,29.0,96.0,5.98,5.7,11.0,2.79,1.31,31.0,MB-2.0,-1.372,-0.291,-1.062,0.188,-0.802,-0.374,0.096,-0.278,0.27,0.121,0,none,0
S01177,Aarhus,KA-100,45,M,never,0,high,0,30.6,108.9,5.23,4.79,,,1.5,22.9,MB-2.0,-1.195,-1.345,-2.566,-1.426,-1.414,1.175,1.788,0.585,0.515,-0.068,0,none,0
S01178,Uppsala,KB-200,49,M,former,0,high,0,29.1,97.4,5.17,5.1,,,1.76,23.0,MB-2.0,1.666,0.643,1.205,-0.617,-0.215,-0.149,-1.537,-1.461,0.07,-0.258,0,none,0
S01179,Uppsala,KB-200,50,M,current,0,high,0,23.9,72.7,5.35,5.01,3.9,0.86,1.86,23.5,MB-2.0,-0.786,-0.891,1.315,-0.044,-1.459,0.151,-1.344,-0.78,0.397,0.459,0,none,0
S01180,Tartu,KA-100,76,F,never,0,high,0,26.7,73.0,5.25,4.83,3.2,0.69,1.82,14.5,MB-2.0,0.589,0.325,0.301,1.024,-0.076,-1.164,-0.205,-0.15,-0.333,0.05,0,none,0
S01181,Uppsala,KB-200,66,M,never,1,high,0,25.3,98.9,5.29,5.05,2.8,0.63,2.03,34.1,MB-2.0,-1.517,0.367,0.095,-3.021,0.772,0.375,-0.372,-0.115,-0.301,0.108,0,none,0
S01182,Porto,KB-200,60,M,never,1,high,0,21.6,71.9,5.36,5.65,4.2,1.05,1.41,31.8,MB-2.0,0.34,0.594,2.663,-0.84,0.074,0.323,-2.098,-2.41,-0.296,-0.105,1,none,0
S01183,Aarhus,KA-100,61,M,never,1,high,0,30.0,95.4,5.63,5.35,,,1.09,,MB-2.0,-1.118,-1.676,-0.722,-0.786,-0.738,0.226,0.508,0.467,0.111,0.564,0,none,0
S01184,Uppsala,KB-200,55,M,never,0,high,0,31.0,102.0,5.38,5.69,,,1.43,18.1,MB-2.0,-0.079,0.412,1.393,-0.222,-0.487,0.85,-0.821,-1.111,-0.222,-0.06,0,none,0
S01185,Uppsala,KB-200,56,F,never,0,high,0,27.4,79.7,5.2,4.88,2.2,0.47,2.09,30.5,MB-2.0,0.197,0.986,0.94,-1.434,-0.694,-0.882,-0.867,-0.828,1.046,-0.021,0,none,0
S01186,Leuven,KA-100,56,F,former,0,high,0,22.1,65.4,5.2,4.7,8.4,1.76,1.75,31.0,MB-2.0,1.847,1.667,2.131,2.137,1.361,-2.105,-1.429,-0.849,-0.338,-0.395,0,none,0
S01187,Aarhus,KA-100,56,F,never,1,high,0,21.7,73.0,5.27,4.73,10.5,2.2,2.02,25.9,MB-2.0,-1.325,-1.505,-1.463,-1.572,-1.705,1.461,1.544,1.85,0.039,-0.655,0,none,0
S01188,Leuven,KA-100,70,M,never,0,high,0,29.2,97.7,5.35,4.89,6.1,1.32,1.85,31.0,MB-2.0,-0.529,-1.072,-1.159,-1.621,-0.578,2.031,1.184,0.712,0.094,-0.477,0,none,0
S01189,Leuven,KA-100,63,F,former,0,high,0,23.8,70.9,5.44,5.69,9.1,2.3,1.47,34.3,MB-2.0,0.453,0.982,0.983,0.978,1.692,-1.02,-1.15,-0.879,0.738,0.625,0,none,0
S01190,Uppsala,KB-200,49,F,former,0,high,0,25.4,73.1,5.48,4.54,6.9,1.39,1.78,23.1,MB-2.0,-0.891,1.327,2.524,-1.396,-0.38,-0.092,-1.819,-2.266,0.542,0.209,0,none,0
S01191,Porto,KB-200,44,M,former,0,high,0,26.8,85.8,5.99,4.45,7.4,1.47,1.33,34.1,MB-2.0,0.141,0.27,1.212,-1.822,0.393,0.151,-1.696,-0.908,-0.512,-0.227,0,none,0
S01192,Leuven,KA-100,58,M,current,0,high,0,20.1,73.6,5.69,5.36,5.4,1.28,1.86,39.6,MB-2.0,0.489,-0.125,-0.242,-0.868,-0.548,-0.198,0.711,0.163,-0.714,0.369,0,none,0
S01193,Tartu,KA-100,54,M,never,0,low,0,32.5,108.4,5.82,5.12,7.9,1.8,1.32,25.2,MB-2.0,0.554,-0.983,-0.319,0.291,-0.316,-0.283,0.305,-0.155,0.563,0.338,0,none,0
S01194,Leuven,KA-100,53,M,former,0,high,0,23.8,77.8,5.65,4.83,2.9,0.61,1.42,26.6,MB-2.0,1.665,1.185,1.615,1.265,0.916,-1.48,-1.391,-0.877,0.436,0.118,0,none,0
S01195,Tartu,KA-100,45,F,former,0,high,0,24.1,70.9,5.49,5.51,2.1,0.52,2.19,37.4,MB-2.0,0.685,0.227,0.018,1.063,1.257,-0.191,-0.893,-1.39,0.177,-0.11,0,none,0
S01196,Aarhus,KA-100,58,M,former,0,moderate,0,33.2,110.5,5.87,6.33,8.3,2.32,1.49,35.0,MB-2.0,-1.152,-2.144,-0.967,-1.363,-1.21,1.196,1.051,1.929,0.393,0.125,1,diabetes service,1
S01197,Leuven,KA-100,50,M,former,0,high,0,19.3,71.7,5.15,4.52,3.0,0.6,1.56,29.8,MB-2.0,0.27,-0.19,0.364,0.161,1.263,-0.812,-0.112,-0.381,-0.819,0.607,0,none,0
S01198,Leuven,KA-100,54,M,never,0,high,0,27.6,82.7,5.18,4.53,2.9,0.58,1.4,20.1,MB-2.0,1.66,2.238,0.423,1.625,1.342,-1.813,-1.848,-0.595,0.175,0.402,0,none,0
S01199,Aarhus,KA-100,36,M,never,0,high,0,33.8,114.2,5.72,4.6,5.2,1.06,1.46,27.3,MB-2.0,-0.202,-0.036,-0.708,-1.299,-1.238,-0.37,0.505,0.082,-0.245,0.505,0,diabetes service,0
S01200,Aarhus,KA-100,53,F,never,0,moderate,0,21.8,73.8,5.3,5.01,,,1.44,29.1,MB-2.0,2.747,2.119,2.839,1.741,1.858,-2.051,-1.771,-1.659,0.078,0.441,0,none,0
S01201,Tartu,KA-100,65,M,never,1,high,0,27.8,97.3,5.42,5.9,7.5,1.96,2.15,21.8,MB-2.0,2.308,2.337,2.281,2.344,3.247,-2.06,-1.308,-2.647,0.083,-0.009,0,dietitian,0
S01202,Uppsala,KB-200,47,F,former,0,moderate,0,23.4,67.1,5.4,5.47,3.0,0.74,1.28,28.7,MB-2.0,0.504,-0.219,1.849,-2.176,0.541,0.345,-1.409,-1.641,-0.351,0.067,0,none,0
S01203,Aarhus,KA-100,48,F,current,0,moderate,0,26.7,75.2,5.51,5.53,,,1.77,32.8,MB-2.0,0.703,1.207,0.85,1.042,0.795,-0.46,-0.869,0.02,0.323,-0.096,0,none,0
S01204,Uppsala,KB-200,54,M,never,1,high,0,25.6,84.4,5.92,5.0,,,1.59,23.7,MB-2.0,-1.086,0.584,0.131,-0.442,0.836,0.108,0.037,0.553,-0.058,0.125,0,none,0
S01205,Aarhus,KA-100,48,F,never,0,high,0,30.0,97.5,5.43,5.45,4.9,1.2,1.72,31.8,MB-2.0,0.706,0.844,-0.13,0.824,0.592,-1.218,-1.427,0.096,0.629,-1.149,1,none,0
S01206,Porto,KB-200,58,M,former,0,low,0,27.2,86.0,5.48,4.93,,,1.72,,MB-2.0,-0.124,1.355,2.759,1.37,0.675,-1.154,-2.457,-2.086,-0.588,0.281,0,none,0
S01207,Aarhus,KA-100,68,F,former,0,high,0,33.6,97.1,5.44,4.52,4.8,0.97,1.7,29.4,MB-2.0,2.603,2.666,2.241,2.674,2.544,-2.106,-2.109,-2.916,0.283,0.595,0,none,0
S01208,Tartu,KA-100,57,F,former,0,high,0,27.1,77.1,5.34,4.79,2.0,0.43,1.95,22.3,MB-2.0,-0.83,0.522,-0.346,-0.651,-0.193,-0.451,-0.295,0.172,-0.119,-0.525,0,dietitian,0
S01209,Leuven,KA-100,73,M,never,0,high,0,25.6,95.5,5.27,5.6,9.5,2.35,1.68,21.1,MB-2.0,0.349,1.444,0.872,1.226,1.369,-0.963,-1.051,-0.876,-0.238,-0.276,0,none,0
S01210,Tartu,KA-100,63,F,former,0,high,0,33.5,89.8,5.63,5.56,,,1.12,,MB-2.0,0.33,0.49,0.559,0.34,0.076,-0.88,-0.355,-0.525,-0.172,-0.066,0,none,0
S01211,Aarhus,KA-100,58,F,never,0,moderate,0,29.7,82.5,5.43,4.83,2.9,0.62,1.7,34.8,MB-2.0,-1.166,-1.414,-0.992,-1.481,-0.991,1.753,0.843,0.242,-0.414,0.469,0,none,0
S01212,Uppsala,KB-200,64,F,never,0,high,0,24.1,69.9,5.16,4.91,5.0,1.1,1.93,27.2,MB-2.0,-1.025,-0.361,-1.069,-2.943,-0.697,1.635,0.322,0.44,-0.38,-0.485,0,dietitian,0
S01213,Aarhus,KA-100,61,F,never,0,high,1,26.6,83.1,5.34,4.32,2.8,0.54,1.77,37.7,MB-2.0,1.606,1.683,1.783,2.049,1.398,-1.748,-1.63,-1.449,0.207,0.128,0,none,0
S01214,Leuven,KA-100,38,F,never,0,high,0,21.6,69.3,5.55,4.98,9.0,1.99,1.63,25.9,MB-2.0,0.594,0.775,0.534,0.02,-0.17,-0.451,-0.487,-0.333,-0.326,-0.22,0,none,0
S01215,Uppsala,KB-200,65,M,never,0,moderate,0,25.6,92.9,5.55,4.92,3.9,0.85,1.84,40.2,MB-2.0,-1.049,-1.284,-3.176,-1.652,-0.598,0.22,2.851,2.805,0.186,-0.116,0,none,0
S01216,Aarhus,KA-100,42,F,never,0,high,0,27.2,80.0,5.7,5.18,3.4,0.78,1.57,24.5,MB-2.0,0.308,0.259,0.644,0.396,0.848,-0.598,-0.504,-0.738,-0.107,-0.218,0,none,0
S01217,Aarhus,KA-100,54,M,never,0,high,0,23.3,91.5,5.2,5.08,2.8,0.64,1.79,25.4,MB-2.0,1.214,1.624,1.462,1.748,1.797,-0.935,-0.842,-1.126,0.554,0.762,0,none,0
S01218,Tartu,KA-100,48,M,never,0,moderate,0,34.1,119.2,5.64,5.46,12.0,2.91,1.02,14.6,MB-2.0,0.69,0.984,0.087,1.013,1.441,-0.652,-0.902,-1.292,-0.65,0.243,0,none,0
S01219,Uppsala,KB-200,57,F,former,0,high,0,34.9,96.0,5.36,5.49,5.9,1.45,2.14,24.0,MB-2.0,-1.652,-0.834,-1.71,-1.765,-1.143,1.342,1.36,0.345,0.088,-0.27,0,none,0
S01220,Uppsala,KB-200,47,F,never,0,high,0,25.7,77.6,5.41,5.19,3.1,0.71,1.9,29.8,MB-2.0,-1.508,2.027,0.713,-0.352,-0.866,-1.525,-0.955,-0.772,-0.5,-0.13,0,dietitian,0
S01221,Aarhus,KA-100,53,M,never,0,high,1,24.8,81.2,5.36,4.3,4.7,0.89,1.79,17.7,MB-2.0,-1.005,-0.492,-1.185,-1.028,-0.923,0.908,0.096,0.296,-0.254,0.464,0,none,0
S01222,Porto,KB-200,63,F,former,0,moderate,0,25.0,67.8,5.49,5.63,14.0,3.5,1.98,34.0,MB-2.0,0.186,-0.031,-1.157,-0.12,0.471,0.914,1.494,1.343,0.713,0.376,1,diabetes service,1
S01223,Leuven,KA-100,59,M,never,0,moderate,0,29.7,105.9,5.34,4.94,6.0,1.31,1.08,25.3,MB-2.0,1.521,1.632,2.477,2.065,2.054,-1.058,-0.843,-1.691,0.122,0.627,0,none,0
S01224,Aarhus,KA-100,77,F,current,0,moderate,0,32.1,92.5,5.47,5.17,3.7,0.84,1.4,31.4,MB-2.0,-1.873,-1.565,-2.424,-2.256,-1.966,1.764,0.935,1.117,-0.564,0.69,0,none,0
S01225,Tartu,KA-100,62,F,never,1,high,0,20.8,67.8,5.22,4.39,6.2,1.2,1.54,34.1,MB-2.0,-0.829,0.151,-1.531,-0.708,-0.449,1.059,0.903,0.833,-0.1,-0.233,0,dietitian,0
S01226,Porto,KB-200,56,M,never,1,high,0,25.1,90.6,5.29,4.55,,,1.86,38.2,MB-2.0,-0.265,0.271,0.026,-1.011,0.913,0.108,-0.387,-0.695,0.481,0.778,0,none,0
S01227,Leuven,KA-100,65,M,never,0,high,0,20.9,80.6,5.24,4.9,2.7,0.59,1.36,31.0,MB-2.0,4.007,5.128,4.641,4.376,3.603,-4.139,-3.508,-3.922,0.176,0.024,0,none,0
S01228,Leuven,KA-100,71,M,never,0,moderate,0,26.0,83.9,5.89,5.47,,,0.81,27.7,MB-2.0,-2.051,-1.939,-2.286,-1.48,-1.495,2.168,2.183,1.746,0.043,-0.619,1,diabetes service,1
S01229,Leuven,KA-100,56,F,never,0,high,0,27.8,77.0,5.42,4.84,2.0,0.44,2.52,28.6,MB-2.0,2.056,1.999,1.577,2.199,1.449,-2.038,-2.023,-2.212,0.342,-0.281,0,none,0
S01230,Uppsala,KB-200,59,F,former,0,high,0,25.1,78.0,5.24,4.96,,,1.83,28.4,MB-2.0,1.919,-1.795,1.183,-0.885,0.2,0.432,-1.158,0.561,-0.204,-0.41,0,none,0
S01231,Porto,KB-200,46,M,never,0,high,0,26.6,93.8,5.38,5.31,6.3,1.48,1.63,18.7,MB-2.0,1.051,-0.119,0.483,-1.372,-0.966,-0.57,0.462,0.245,0.312,0.099,0,none,0
S01232,Aarhus,KA-100,75,F,never,0,moderate,0,24.7,90.8,5.33,4.38,5.3,1.03,2.35,33.5,MB-2.0,-0.45,-0.672,-0.328,-0.034,-0.365,0.845,0.223,-0.175,0.374,0.316,0,none,0
S01233,Uppsala,KB-200,56,F,current,0,high,0,22.6,70.6,5.15,4.36,2.0,0.39,2.29,22.4,MB-2.0,0.027,-1.261,-0.255,-2.629,-0.365,0.611,0.025,-0.592,-0.088,0.114,0,none,0
S01234,Porto,KB-200,60,M,never,0,high,0,21.2,79.6,5.2,4.75,3.2,0.68,1.38,30.4,MB-2.0,-1.107,1.069,0.082,-0.963,-0.049,-0.447,-0.113,1.107,-0.289,-0.416,0,none,0
S01235,Tartu,KA-100,79,F,never,0,high,0,20.5,67.4,5.15,5.08,2.0,0.45,2.0,36.5,MB-2.0,2.96,2.397,1.897,2.346,2.648,-1.527,-2.61,-1.708,-0.14,-0.341,0,none,0
S01236,Aarhus,KA-100,55,F,former,0,low,0,30.3,84.1,6.01,4.91,4.2,0.92,1.65,26.2,MB-2.0,1.338,1.357,0.014,1.431,0.429,-1.535,-0.792,-1.13,0.273,-0.176,0,none,0
S01237,Uppsala,KB-200,56,M,never,1,moderate,0,20.5,68.1,5.74,5.49,8.4,2.05,1.76,34.5,MB-2.0,-0.182,-1.045,-1.179,-0.898,1.354,-0.313,0.762,0.213,0.012,-0.448,0,none,0
S01238,Porto,KB-200,49,M,former,0,moderate,1,22.6,68.4,5.94,5.31,9.1,2.14,1.55,38.2,MB-2.0,-0.896,-0.068,-0.088,-2.445,-1.492,0.738,0.348,0.533,0.081,0.005,0,none,0
S01239,Uppsala,KB-200,55,F,current,1,high,0,20.9,70.4,5.49,5.46,,,1.94,32.5,MB-2.0,1.185,-0.926,-0.801,-0.997,0.339,1.142,1.821,1.969,-0.462,0.467,1,diabetes service,1
S01240,Leuven,KA-100,60,F,never,0,high,0,31.9,98.9,5.19,4.98,8.5,1.89,1.81,36.0,MB-2.0,-0.245,-0.226,-1.042,-0.5,0.315,0.069,-0.05,0.7,0.292,-0.056,0,dietitian,0
S01241,Aarhus,KA-100,53,F,never,0,moderate,0,36.1,103.5,5.31,5.59,10.9,2.7,1.79,26.9,MB-2.0,-1.705,-1.501,-0.752,-1.139,-1.688,1.335,0.854,1.403,-0.663,0.031,1,diabetes service,1
S01242,Uppsala,KB-200,69,M,never,0,high,0,28.5,101.5,6.08,6.38,12.3,3.47,1.03,,MB-2.0,0.047,-1.538,-1.255,0.673,-0.028,0.893,0.813,0.732,-0.031,-0.232,1,diabetes service,1
S01243,Leuven,KA-100,55,M,current,0,high,0,27.3,97.8,5.37,5.98,6.8,1.8,1.8,26.1,MB-2.0,0.623,1.226,1.166,0.966,0.788,-0.814,0.178,-0.872,0.808,0.301,0,none,0
S01244,Tartu,KA-100,79,M,current,1,moderate,0,34.3,121.2,5.78,5.57,8.4,2.08,1.56,24.5,MB-2.0,-1.139,-1.693,-1.381,-1.694,-1.307,1.527,2.044,1.759,0.447,0.249,1,diabetes service,1
S01245,Aarhus,KA-100,65,F,never,0,high,0,30.3,87.5,5.29,4.53,11.4,2.3,2.04,24.8,MB-2.0,-0.626,-0.646,-0.379,-0.479,-0.379,0.198,0.061,0.159,-0.322,-0.956,0,none,0
S01246,Leuven,KA-100,56,F,current,0,high,0,30.8,90.1,5.44,5.95,9.7,2.56,1.48,18.3,MB-2.0,-0.408,0.524,-0.138,0.085,-0.272,0.139,-0.186,0.105,-0.813,-0.087,0,none,0
S01247,Aarhus,KA-100,60,M,former,0,moderate,0,25.2,93.2,5.25,5.7,7.5,1.9,1.12,30.5,MB-2.0,0.463,0.895,-0.191,-0.076,0.144,-0.306,0.695,-0.732,-0.617,-0.378,0,none,0
S01248,Aarhus,KA-100,64,M,never,0,high,0,22.5,71.6,5.19,4.58,2.5,0.52,1.56,32.1,MB-2.0,-1.716,-1.528,-1.089,-1.193,-1.454,1.657,1.564,0.758,-0.001,-0.185,0,none,0
S01249,Uppsala,KB-200,79,F,never,0,high,0,31.8,85.7,5.46,5.08,2.6,0.6,1.63,40.4,MB-2.0,0.525,0.057,-0.023,-2.021,0.169,-0.086,0.44,0.089,0.261,-0.294,0,none,0
S01250,Aarhus,KA-100,60,F,current,0,high,1,26.7,80.5,5.94,6.0,13.2,3.51,1.98,,MB-2.0,-0.011,-0.946,-0.897,-0.674,-1.15,0.429,0.947,0.03,0.022,-0.211,0,none,0
S01251,Aarhus,KA-100,60,F,never,0,high,1,20.1,69.4,5.23,5.34,3.3,0.79,2.18,28.7,MB-2.0,-0.394,0.723,0.132,-0.212,0.16,-0.575,-0.232,0.009,0.07,-0.396,0,dietitian,0
S01252,Porto,KB-200,54,M,never,0,moderate,0,25.4,84.6,5.3,6.6,3.1,0.9,1.51,35.7,MB-2.0,0.45,-0.743,1.147,-1.737,0.985,-1.046,0.022,-0.413,0.406,0.06,0,none,0
S01253,Leuven,KA-100,79,M,former,1,high,0,25.1,91.6,5.89,5.14,2.8,0.63,1.45,25.8,MB-2.0,0.939,0.538,0.867,1.162,1.2,-0.7,-0.877,-0.454,-0.434,-0.434,0,none,0
S01254,Porto,KB-200,48,M,former,1,high,0,23.1,75.0,5.24,4.78,3.1,0.65,1.5,32.3,MB-2.0,-0.371,0.096,1.706,-1.115,-0.001,-0.521,-0.889,-1.115,0.076,0.307,0,none,0
S01255,Aarhus,KA-100,61,M,never,0,moderate,1,27.4,90.0,5.39,5.16,4.2,0.97,1.33,25.5,MB-2.0,0.019,0.798,0.991,0.514,0.354,-1.301,0.034,-0.321,0.181,-0.499,0,none,0
S01256,Porto,KB-200,59,F,former,0,high,0,22.7,74.1,5.28,4.97,3.2,0.71,2.14,33.8,MB-2.0,-0.569,-1.215,0.072,1.182,-0.588,-0.402,-0.728,-0.241,0.118,0.064,0,none,0
S01257,Aarhus,KA-100,66,M,never,0,moderate,0,22.8,84.8,5.24,5.8,2.9,0.76,1.67,33.9,MB-2.0,1.127,0.613,1.255,1.241,0.335,-1.071,-0.005,-0.706,-0.125,-0.273,0,none,0
S01258,Aarhus,KA-100,47,F,former,0,high,0,29.3,90.5,5.98,5.28,5.7,1.34,1.78,23.3,MB-2.0,-0.193,-0.498,-0.127,-0.303,-0.525,1.223,0.366,0.624,0.394,-0.192,0,none,0
S01259,Leuven,KA-100,55,M,never,0,moderate,0,31.9,104.2,5.16,4.76,4.0,0.84,1.9,30.5,MB-2.0,1.834,1.931,1.438,1.96,1.535,-1.965,-1.825,-1.259,-0.642,0.436,0,none,0
S01260,Leuven,KA-100,50,F,never,0,high,0,21.4,67.4,5.27,4.66,4.3,0.89,1.84,40.9,MB-2.0,-1.032,-1.305,-1.543,-0.999,-1.561,1.208,0.9,0.054,0.545,0.012,0,none,0
S01261,Leuven,KA-100,51,F,never,0,high,0,27.7,80.8,5.17,5.04,8.5,1.9,1.91,21.8,MB-2.0,3.311,3.212,3.288,3.212,3.144,-2.235,-3.066,-2.602,0.822,-0.467,0,none,0
S01262,Uppsala,KB-200,61,F,never,0,high,0,20.6,65.6,6.06,5.42,10.7,2.58,1.89,22.9,MB-2.0,-0.382,-0.375,-1.875,0.06,-0.784,-0.188,0.49,0.067,-0.255,-0.005,0,none,0
S01263,Aarhus,KA-100,64,M,never,0,moderate,0,24.2,91.2,5.35,6.13,,,1.8,32.2,MB-2.0,0.02,1.03,0.657,0.344,0.179,-0.953,-1.108,-0.928,0.228,-0.464,0,none,0
S01264,Leuven,KA-100,61,F,former,0,high,0,30.6,88.0,5.28,4.35,,,1.9,32.0,MB-2.0,1.777,2.377,2.451,2.697,1.468,-1.506,-1.357,-1.471,0.404,0.053,0,none,0
S01265,Uppsala,KB-200,46,M,never,1,low,0,25.4,88.7,5.67,6.27,6.4,1.79,1.55,,MB-2.0,-0.964,-0.602,1.787,-1.339,-0.162,0.302,-0.981,-1.466,0.349,0.808,0,dietitian,1
S01266,Aarhus,KA-100,56,M,never,0,moderate,0,29.6,97.1,5.39,5.77,9.6,2.46,1.48,29.7,MB-2.0,1.76,1.576,1.904,1.244,1.513,-1.23,-1.571,-0.911,0.423,0.065,0,none,0
S01267,Tartu,KA-100,46,M,former,0,high,0,26.2,100.1,5.46,5.04,5.9,1.32,1.54,25.1,MB-2.0,-0.439,-0.298,0.103,-0.232,-0.512,-0.225,0.249,-0.092,-0.032,-0.381,0,dietitian,0
S01268,Aarhus,KA-100,68,M,former,0,high,0,23.5,82.5,5.64,5.59,,,1.37,16.0,MB-2.0,1.001,0.894,0.529,1.244,0.726,-0.385,-0.62,-0.276,-0.233,0.407,0,none,0
S01269,Leuven,KA-100,44,M,never,0,high,0,31.2,91.8,5.16,4.58,,,1.65,18.8,MB-2.0,1.003,0.606,0.463,1.438,0.231,-0.606,-0.818,0.008,-0.039,0.321,0,none,0
S01270,Aarhus,KA-100,55,M,never,0,high,0,23.6,79.9,5.57,6.07,4.2,1.15,1.28,27.9,MB-2.0,0.727,-0.015,0.153,0.711,0.776,-0.706,-0.214,-0.648,0.287,-0.697,0,none,0
S01271,Uppsala,KB-200,58,F,never,0,high,0,33.9,100.8,5.75,5.27,2.6,0.6,1.73,25.8,MB-2.0,-1.62,-0.873,-0.083,0.352,-3.186,1.438,-0.604,-0.149,-0.051,-0.751,0,diabetes service,0
S01272,Tartu,KA-100,64,M,current,0,moderate,0,30.1,99.5,5.41,5.67,3.1,0.78,1.39,18.7,MB-2.0,-1.541,-1.123,-1.881,-1.779,-1.258,1.175,1.939,0.93,0.005,0.225,0,none,0
S01273,Leuven,KA-100,51,M,never,0,high,0,29.5,97.9,5.16,5.0,,,1.75,29.8,MB-2.0,0.38,0.585,0.366,1.306,0.472,-0.937,-0.995,-1.19,0.351,-0.187,0,none,0
S01274,Aarhus,KA-100,64,M,former,1,high,0,30.2,98.9,5.77,5.6,,,1.37,43.1,MB-2.0,1.699,0.79,1.674,1.639,0.99,-0.258,-0.889,-1.116,-0.184,0.298,0,none,0
S01275,Porto,KB-200,61,F,never,1,low,0,23.2,66.1,5.69,6.71,10.0,2.97,1.72,,MB-2.0,0.04,-0.9,1.244,-0.23,0.595,1.215,-1.405,-1.044,0.339,0.368,0,dietitian,0
S01276,Tartu,KA-100,57,M,never,0,high,0,28.6,105.1,5.16,5.11,3.0,0.69,1.46,29.3,MB-2.0,3.956,4.164,3.707,4.026,3.531,-2.775,-3.337,-3.22,-0.682,-0.214,0,none,0
S01277,Porto,KB-200,56,F,former,0,moderate,0,19.0,65.0,5.34,6.91,6.0,1.85,2.48,40.3,MB-2.0,0.042,-0.231,-1.247,0.373,-0.742,1.777,0.809,1.625,-0.461,0.393,0,none,0
S01278,Aarhus,KA-100,65,F,never,0,high,0,29.1,89.2,5.45,4.81,6.6,1.41,1.6,,MB-2.0,0.964,1.911,2.09,1.288,2.605,-1.318,-2.063,-1.532,0.664,-0.107,0,none,0
S01279,Tartu,KA-100,58,F,current,0,high,0,29.2,77.6,5.35,5.21,9.2,2.14,1.74,29.0,MB-2.0,2.527,2.096,2.633,2.046,2.253,-1.746,-2.287,-1.602,-0.494,-0.096,0,none,0
S01280,Uppsala,KB-200,52,M,never,0,high,1,24.3,91.8,5.26,5.23,5.9,1.38,2.0,30.4,MB-2.0,-0.322,0.437,0.294,-0.572,-0.166,1.219,-0.64,0.363,0.187,-0.377,0,none,0
S01281,Aarhus,KA-100,62,M,former,0,high,0,31.0,102.1,5.67,5.82,7.4,1.9,2.16,37.5,MB-2.0,-0.124,-0.486,-0.285,-0.516,-0.653,0.385,0.453,0.282,0.351,-0.28,1,dietitian,1
S01282,Uppsala,KB-200,57,M,never,0,high,0,24.3,84.3,5.61,5.31,3.7,0.87,1.65,21.3,MB-2.0,0.085,0.246,1.091,0.438,0.561,-0.201,-0.92,-0.806,-0.101,0.001,0,none,0
S01283,Tartu,KA-100,55,F,never,0,high,0,28.3,76.9,5.6,5.07,7.1,1.6,1.48,29.0,MB-2.0,1.039,0.006,0.165,0.578,1.002,-0.369,-0.682,-0.225,0.053,-0.235,0,none,0
S01284,Porto,KB-200,49,F,never,0,moderate,0,27.2,95.3,5.44,5.41,3.2,0.76,1.7,33.4,MB-2.0,0.922,1.955,1.101,0.269,-0.852,-0.23,-1.243,-1.15,-0.233,0.038,0,none,0
S01285,Aarhus,KA-100,66,F,former,0,high,0,22.8,73.3,5.33,4.58,,,2.46,26.9,MB-2.0,0.123,-0.3,-0.017,-0.204,0.405,-0.541,0.112,0.053,-0.278,0.247,0,none,0
S01286,Leuven,KA-100,61,M,current,0,high,0,31.2,101.0,5.77,5.67,14.2,3.57,1.53,28.8,MB-2.0,0.106,0.295,-0.831,0.842,-0.14,0.069,-0.45,0.31,0.302,0.804,0,diabetes service,0
S01287,Aarhus,KA-100,50,F,former,0,moderate,0,31.4,89.9,6.08,6.59,7.3,2.13,1.68,19.4,MB-2.0,0.216,0.727,0.474,0.091,-0.528,0.198,-0.022,0.131,0.234,1.139,0,none,0
S01288,Aarhus,KA-100,75,F,former,0,moderate,0,27.0,75.7,5.71,4.43,6.4,1.26,1.15,28.0,MB-2.0,-0.24,0.304,-0.641,0.359,0.069,0.416,-0.073,0.473,0.254,0.131,0,none,0
S01289,Uppsala,KB-200,60,F,never,1,moderate,0,28.1,83.7,5.64,4.93,5.6,1.24,1.96,32.8,MB-2.0,-1.475,0.18,0.707,-3.166,-0.541,0.679,-0.719,-0.967,-0.538,-0.372,1,none,0
S01290,Leuven,KA-100,47,F,never,0,moderate,1,26.2,71.4,5.52,5.19,2.2,0.51,1.49,21.6,MB-2.0,-0.338,0.002,0.479,0.13,0.903,-0.352,-0.259,-0.577,0.503,-0.62,0,none,0
S01291,Leuven,KA-100,53,M,current,0,high,0,26.9,92.4,5.57,5.24,5.1,1.18,1.85,23.5,MB-2.0,1.224,1.079,1.178,1.439,1.446,-1.486,-2.334,-1.348,-0.129,0.488,1,none,0
S01292,Porto,KB-200,37,F,former,0,moderate,0,27.3,79.9,5.63,5.36,7.3,1.74,1.7,33.7,MB-2.0,0.271,1.048,1.23,-2.059,-1.089,1.022,-1.454,-1.793,0.314,0.32,0,none,0
S01293,Aarhus,KA-100,48,F,never,0,moderate,0,20.6,69.6,5.3,5.49,2.9,0.7,2.14,30.9,MB-2.0,0.219,-0.702,-1.088,-0.309,-0.152,-0.08,0.659,0.388,0.573,-0.071,0,none,0
S01294,Uppsala,KB-200,47,F,never,1,moderate,0,27.1,82.0,5.23,6.24,9.6,2.67,1.55,20.8,MB-2.0,-0.433,-0.04,-0.004,-0.505,-1.191,0.19,-0.674,0.244,-0.027,0.259,0,none,0
S01295,Porto,KB-200,50,M,never,0,high,0,28.8,103.5,5.15,4.49,2.3,0.46,1.86,33.0,MB-2.0,1.459,1.162,3.024,0.55,0.151,-0.539,-2.251,-2.113,-0.284,0.668,0,none,0
S01296,Tartu,KA-100,69,M,former,0,high,0,31.6,111.6,5.5,4.47,13.5,2.67,1.58,37.2,MB-2.0,2.263,2.057,2.662,2.333,2.253,-2.664,-2.618,-2.048,0.096,-0.572,0,none,0
S01297,Tartu,KA-100,50,M,former,0,high,0,25.1,80.1,5.28,5.19,2.5,0.57,1.23,35.3,MB-2.0,2.341,3.447,2.843,2.304,2.632,-2.428,-2.045,-2.641,-0.813,0.027,0,none,0
S01298,Leuven,KA-100,45,F,current,0,high,0,29.1,83.3,5.46,4.54,4.2,0.86,1.88,22.4,MB-2.0,0.98,0.102,-0.589,-0.306,1.136,-0.354,0.192,-0.409,-0.542,-0.293,0,none,0
S01299,Aarhus,KA-100,63,M,never,1,low,0,24.5,86.6,5.62,4.72,4.6,0.96,1.53,34.7,MB-2.0,-0.37,0.192,0.553,0.698,-0.247,-0.069,0.504,0.436,0.311,0.113,0,none,0
S01300,Uppsala,KB-200,63,M,never,0,moderate,0,27.8,97.8,5.53,5.31,,,1.35,23.1,MB-2.0,-0.675,-1.179,0.46,0.599,0.281,-0.07,-1.363,-1.008,0.178,-0.528,0,none,0
S01301,Leuven,KA-100,58,F,never,0,high,0,23.3,72.1,5.42,4.51,,,1.28,21.2,MB-2.0,-1.205,-1.26,-1.215,-0.917,-0.982,-0.353,0.932,0.625,0.31,0.614,0,none,0
S01302,Uppsala,KB-200,49,F,never,1,high,0,26.5,76.0,5.94,6.1,6.7,1.8,1.11,26.7,MB-2.0,0.571,0.868,0.1,0.845,0.141,0.991,-0.104,0.898,-0.056,-0.364,0,none,0
S01303,Leuven,KA-100,61,M,current,0,moderate,0,30.2,103.9,5.74,6.1,6.0,1.63,1.68,30.3,MB-2.0,1.617,2.131,1.076,1.644,1.823,-1.887,-2.081,-1.778,0.563,-0.137,0,none,0
S01304,Leuven,KA-100,74,F,never,0,high,0,28.2,95.3,5.48,5.03,2.5,0.55,1.42,31.2,MB-2.0,-0.673,-0.887,-0.806,-0.904,-0.833,0.217,1.964,1.426,0.477,0.774,0,dietitian,0
S01305,Aarhus,KA-100,50,M,former,0,high,0,19.8,75.1,5.19,4.99,3.7,0.82,1.45,31.4,MB-2.0,0.285,0.662,0.635,0.873,0.592,-0.174,-0.088,-0.625,0.685,-0.384,0,none,0
S01306,Porto,KB-200,60,M,never,0,high,0,25.3,84.4,5.21,5.1,4.4,0.99,1.57,34.4,MB-2.0,-0.671,0.211,0.78,0.38,1.028,0.259,-1.418,-1.14,-0.165,-0.045,0,none,0
S01307,Aarhus,KA-100,70,M,former,1,high,0,27.6,95.6,5.29,5.23,7.8,1.8,1.36,33.4,MB-2.0,-0.163,-0.853,-0.447,-1.132,0.075,-0.013,0.003,0.587,0.416,0.036,0,none,0
S01308,Uppsala,KB-200,62,M,never,0,moderate,0,21.8,75.2,5.51,5.22,2.7,0.62,1.67,30.6,MB-2.0,-1.13,0.048,2.459,-0.867,-1.178,0.089,-1.985,-1.614,-0.562,-0.173,0,none,0
S01309,Porto,KB-200,44,F,current,1,high,0,27.5,66.2,5.39,5.37,4.9,1.18,1.69,34.1,MB-2.0,-0.054,0.651,1.244,0.816,0.926,0.337,-1.097,-1.059,0.058,0.846,0,none,0
S01310,Leuven,KA-100,43,M,never,0,moderate,0,24.1,83.2,5.44,4.48,,,1.85,38.0,MB-2.0,0.004,1.084,0.943,0.407,0.647,-0.792,-0.217,-0.933,-0.119,-0.133,0,none,0
S01311,Porto,KB-200,60,F,current,0,moderate,0,22.8,66.8,5.63,4.79,,,1.5,30.0,MB-2.0,-0.447,-0.154,2.175,-1.648,0.438,0.411,-1.172,-2.353,-0.187,-0.355,0,none,0
S01312,Leuven,KA-100,52,F,former,0,high,0,22.6,68.3,5.66,5.42,2.6,0.63,1.62,35.9,MB-2.0,-0.343,-0.704,-0.294,-1.011,-0.873,0.344,1.072,0.231,-0.301,-0.685,0,none,0
S01313,Aarhus,KA-100,50,F,never,0,high,0,23.5,76.7,5.53,6.63,5.8,1.72,1.59,24.6,MB-2.0,1.639,1.549,1.363,1.632,2.115,-1.742,-1.093,-1.474,-0.228,0.302,0,none,0
S01314,Uppsala,KB-200,54,F,never,0,moderate,1,31.6,86.0,5.77,5.43,7.7,1.87,1.43,32.0,MB-2.0,-1.385,-0.154,0.6,-1.947,-1.032,0.391,-0.619,-0.231,0.036,0.261,0,none,0
S01315,Tartu,KA-100,77,M,former,0,high,0,25.6,83.5,5.36,4.77,5.2,1.1,1.71,36.9,MB-2.0,1.445,1.379,0.986,1.485,0.577,-0.514,-1.08,-1.353,0.354,0.177,0,none,0
S01316,Leuven,KA-100,71,M,current,1,high,0,28.9,98.7,5.3,5.13,3.4,0.77,1.5,34.1,MB-2.0,0.642,0.642,1.654,1.112,2.152,-1.854,-0.846,-1.055,0.054,-0.05,0,dietitian,0
S01317,Porto,KB-200,66,M,former,1,high,0,28.6,93.0,5.25,5.56,3.2,0.79,1.72,30.7,MB-2.0,-1.342,-0.272,1.305,0.469,-0.675,-0.254,-0.886,-0.721,-0.323,0.652,0,dietitian,0
S01318,Tartu,KA-100,71,F,never,0,high,0,28.7,70.4,5.48,5.42,2.9,0.71,1.89,30.2,MB-2.0,1.77,0.853,1.352,1.493,1.045,-1.318,-1.07,-0.987,-0.147,-0.399,0,none,0
S01319,Porto,KB-200,66,F,never,0,high,0,24.4,70.9,5.32,4.8,4.5,0.96,1.33,30.5,MB-2.0,1.344,-1.457,1.764,-1.6,0.484,0.168,-2.14,-1.419,0.275,0.644,0,diabetes service,0
S01320,Uppsala,KB-200,42,F,never,0,high,0,27.0,74.9,5.46,5.12,4.5,1.02,2.09,31.3,MB-2.0,0.321,-1.274,0.332,-0.287,-0.581,0.152,0.004,-0.316,0.448,-0.698,0,none,0
S01321,Porto,KB-200,67,M,former,0,high,0,22.9,80.3,5.27,5.35,5.8,1.39,1.76,37.0,MB-2.0,-0.487,-0.136,1.119,-1.413,0.109,-1.48,-1.294,-1.96,0.081,-0.107,0,none,0
S01322,Aarhus,KA-100,55,F,never,0,high,0,29.9,89.6,5.5,5.77,,,1.5,,MB-2.0,2.672,1.447,2.447,1.798,1.423,-1.771,-0.697,-2.287,0.807,0.139,0,none,0
S01323,Aarhus,KA-100,52,F,never,0,high,0,31.1,90.8,5.56,6.57,5.1,1.5,1.82,31.4,MB-2.0,2.193,2.57,1.936,1.053,1.287,-2.57,-2.197,-1.626,-0.14,0.302,0,none,0
S01324,Aarhus,KA-100,64,F,never,1,high,0,25.5,76.2,5.57,5.5,4.3,1.04,1.33,,MB-2.0,1.682,2.042,1.129,1.443,1.286,-0.798,-0.839,-1.99,-0.896,-0.138,0,none,0
S01325,Tartu,KA-100,69,F,former,1,high,0,29.0,88.7,5.8,6.04,6.9,1.86,1.48,23.7,MB-2.0,0.783,0.995,1.143,0.588,0.734,-1.892,-0.622,-0.006,0.379,-0.179,0,none,0
S01326,Porto,KB-200,68,F,never,1,high,0,24.0,70.7,5.56,6.34,3.5,0.98,1.09,23.9,MB-2.0,0.782,-0.135,-0.177,0.96,-0.225,-0.395,0.616,0.117,-0.115,0.455,0,none,0
S01327,Aarhus,KA-100,59,F,never,1,moderate,0,20.1,66.3,6.21,5.31,5.5,1.29,1.56,23.5,MB-2.0,0.882,1.443,0.861,1.026,0.708,-0.819,-0.642,-0.059,0.128,0.089,0,none,0
S01328,Aarhus,KA-100,63,M,former,0,high,0,27.5,96.9,5.15,4.41,8.4,1.65,0.74,29.7,MB-2.0,1.142,1.967,0.712,0.489,1.28,-1.338,-0.959,-0.985,0.549,-0.462,0,none,0
S01329,Porto,KB-200,52,M,never,0,moderate,0,31.1,100.4,5.81,6.29,,,1.06,,MB-2.0,-1.374,-1.38,-2.918,-0.515,-0.809,0.844,1.455,2.069,-0.554,-0.041,1,diabetes service,1
S01330,Leuven,KA-100,54,M,current,1,high,0,27.5,98.6,5.29,5.9,4.1,1.07,1.96,26.7,MB-2.0,2.12,1.511,1.84,2.247,3.18,-2.134,-1.863,-1.663,-0.15,-0.597,0,none,0
S01331,Aarhus,KA-100,53,M,never,0,high,1,22.1,77.4,5.55,5.72,12.9,3.28,1.68,35.1,MB-2.0,-1.606,-1.709,-2.144,-1.175,-1.323,1.726,1.582,1.513,-0.51,0.458,0,dietitian,0
S01332,Aarhus,KA-100,59,F,former,0,high,0,22.7,65.4,5.48,5.11,2.0,0.46,1.73,41.3,MB-2.0,2.088,2.952,1.916,2.054,2.413,-2.237,-1.501,-2.081,0.02,-0.066,0,none,0
S01333,Leuven,KA-100,72,M,never,0,high,1,24.2,86.9,5.28,4.87,2.4,0.52,1.43,32.2,MB-2.0,0.735,0.896,1.232,0.956,1.282,-0.178,-1.351,-0.779,0.203,0.348,0,dietitian,0
S01334,Porto,KB-200,62,F,former,0,moderate,0,27.1,87.2,5.47,5.36,11.1,2.64,1.26,,MB-2.0,-0.575,0.401,-0.401,-0.071,-0.01,2.242,0.461,0.583,0.69,-0.417,0,diabetes service,1
S01335,Porto,KB-200,46,F,never,0,high,0,25.0,65.0,5.16,5.16,,,1.87,31.6,MB-2.0,1.596,0.682,1.836,-1.387,-0.684,-0.041,-1.574,-1.222,-0.434,-0.031,0,none,0
S01336,Tartu,KA-100,57,M,never,0,high,0,24.0,76.7,5.57,5.06,4.8,1.09,1.37,31.7,MB-2.0,-0.187,0.067,0.371,0.61,1.127,-0.572,0.533,-0.071,-0.276,0.127,0,none,0
S01337,Uppsala,KB-200,48,F,never,1,low,0,33.9,98.5,5.72,5.63,10.6,2.64,1.74,,MB-2.0,-2.257,-0.936,-1.445,-1.659,-0.009,0.036,1.411,0.546,-0.059,-0.709,1,diabetes service,1
S01338,Tartu,KA-100,52,M,never,0,high,0,23.8,79.7,5.62,5.01,2.6,0.58,1.79,26.5,MB-2.0,1.412,0.316,1.18,0.789,0.963,-0.276,-1.127,-1.24,-0.353,0.024,0,none,0
S01339,Leuven,KA-100,55,M,former,0,high,0,33.8,119.0,5.78,6.27,7.2,2.01,1.32,31.3,MB-2.0,-0.943,-1.051,-0.234,-0.613,-0.602,0.175,0.344,0.878,1.233,-0.838,0,none,0
S01340,Tartu,KA-100,52,F,former,0,high,0,20.7,65.9,5.28,4.48,4.3,0.86,1.7,35.0,MB-2.0,2.603,2.562,2.879,2.991,2.252,-2.118,-3.007,-2.218,0.203,-0.328,0,none,0
S01341,Aarhus,KA-100,59,M,former,1,low,0,22.5,81.7,5.36,5.07,7.3,1.65,1.41,22.3,MB-2.0,3.494,3.791,3.573,2.444,3.569,-3.056,-2.564,-2.202,-0.152,0.01,0,none,0
S01342,Uppsala,KB-200,47,M,former,0,high,0,29.5,101.8,5.81,5.75,,,1.0,26.9,MB-2.0,-1.077,-1.215,-0.032,-1.227,-1.189,0.04,-0.117,0.401,-0.164,-0.094,1,dietitian,1
S01343,Aarhus,KA-100,54,F,former,0,low,0,22.0,65.7,5.52,5.99,6.5,1.74,1.96,22.2,MB-2.0,0.225,0.671,-0.052,-0.259,0.282,0.668,0.467,-0.16,0.072,-0.036,0,none,0
S01344,Uppsala,KB-200,69,F,never,0,moderate,0,20.0,67.1,5.57,5.03,4.0,0.9,1.62,39.3,MB-2.0,0.035,1.837,2.54,0.873,-0.2,-0.826,-1.926,-1.707,-0.97,0.328,0,none,0
S01345,Porto,KB-200,65,M,never,0,high,1,20.9,72.9,5.38,5.61,3.3,0.82,1.53,39.2,MB-2.0,-0.566,-0.169,0.098,-1.368,0.088,0.286,-0.652,0.345,-0.44,0.466,0,none,0
S01346,Leuven,KA-100,60,F,never,0,high,0,22.6,66.4,5.15,5.68,2.5,0.63,1.9,32.1,MB-2.0,1.426,1.303,0.786,0.409,0.98,-0.641,-2.241,-1.215,0.099,0.349,0,none,0
S01347,Aarhus,KA-100,69,F,current,0,high,1,29.5,76.5,5.39,4.6,3.3,0.67,1.93,32.4,MB-2.0,0.316,-0.361,1.089,0.904,0.144,-0.109,0.087,-0.281,0.553,-0.214,0,none,0
S01348,Aarhus,KA-100,70,F,never,0,moderate,0,27.6,76.4,5.83,5.28,9.5,2.23,2.1,26.2,MB-2.0,-0.711,0.359,-0.152,0.269,0.532,-0.298,0.641,-0.014,-0.301,-0.394,0,none,0
S01349,Leuven,KA-100,37,M,never,1,high,0,23.7,83.9,5.3,5.93,7.0,1.85,1.22,30.0,MB-2.0,0.559,1.346,0.545,0.256,-0.22,0.158,0.196,0.557,0.117,-0.28,0,none,0
S01350,Tartu,KA-100,56,F,never,0,high,0,31.3,90.4,5.6,5.42,2.4,0.58,2.04,12.4,MB-2.0,-0.442,-0.815,-0.978,-0.881,-0.584,1.038,0.892,0.089,0.219,-0.108,0,none,0
S01351,Leuven,KA-100,58,F,former,1,high,0,26.5,73.9,5.5,5.49,2.0,0.5,1.79,28.6,MB-2.0,1.146,1.086,0.264,0.343,1.431,-0.221,-0.928,-0.424,0.13,-0.101,1,dietitian,1
S01352,Aarhus,KA-100,59,F,never,1,moderate,0,29.3,93.0,5.43,4.6,,,1.82,26.6,MB-2.0,-0.833,-0.71,-0.284,-0.732,-0.278,1.108,0.838,1.249,0.626,0.663,0,none,0
S01353,Porto,KB-200,64,F,never,0,high,0,20.7,66.8,5.2,4.66,,,1.25,37.6,MB-2.0,-1.482,0.539,0.8,0.978,0.165,0.461,-0.88,-0.839,0.055,0.067,0,none,0
S01354,Tartu,KA-100,71,F,never,0,high,0,24.4,78.2,5.72,4.52,10.8,2.18,2.17,13.0,MB-2.0,-0.121,-1.031,-0.377,0.292,-1.573,0.698,0.297,1.222,0.103,-0.432,0,none,0
S01355,Leuven,KA-100,51,F,former,1,low,0,29.1,83.6,5.67,6.05,4.5,1.22,2.02,,MB-2.0,0.277,-0.084,-0.158,0.064,0.976,-0.268,0.513,0.03,-0.288,-0.346,0,none,0
S01356,Uppsala,KB-200,47,M,former,0,high,0,23.9,81.0,5.5,4.9,3.2,0.7,1.81,23.7,MB-2.0,0.595,0.882,1.714,0.083,-0.886,-1.293,-1.376,-0.415,0.355,0.476,0,none,0
S01357,Leuven,KA-100,54,F,former,1,moderate,0,27.6,74.9,5.72,6.12,5.7,1.54,1.4,29.1,MB-2.0,2.341,2.815,2.117,2.174,2.78,-2.203,-2.01,-2.121,0.236,-0.156,0,none,0
S01358,Tartu,KA-100,63,F,former,1,high,0,21.7,75.4,5.26,4.71,2.3,0.49,2.73,28.3,MB-2.0,3.8,3.423,3.428,3.794,3.206,-3.431,-3.919,-3.008,0.425,0.268,0,none,0
S01359,Leuven,KA-100,44,M,former,0,moderate,0,32.1,107.3,5.91,5.42,10.7,2.58,1.86,20.8,MB-2.0,-3.324,-3.316,-2.996,-2.951,-2.102,2.488,1.857,2.702,0.705,0.659,0,diabetes service,1
S01360,Aarhus,KA-100,57,M,never,0,high,0,26.8,85.9,5.31,4.39,2.2,0.44,1.91,33.2,MB-2.0,0.021,0.281,0.538,-0.213,0.563,-1.13,0.048,-0.825,-0.068,0.46,0,dietitian,0
S01361,Porto,KB-200,67,M,never,1,moderate,1,20.0,70.0,5.61,5.51,3.9,0.96,1.41,31.8,MB-2.0,-0.578,1.053,-0.656,-3.218,0.048,0.526,0.865,0.952,0.595,0.075,0,none,0
S01362,Tartu,KA-100,48,M,never,0,high,0,28.4,97.1,5.81,5.01,6.5,1.44,1.78,21.0,MB-2.0,2.357,1.021,2.023,1.171,1.089,-1.294,-1.868,-1.129,0.527,0.073,0,none,0
S01363,Uppsala,KB-200,37,M,former,0,high,0,28.5,94.6,5.23,4.88,2.0,0.43,1.45,28.6,MB-2.0,-0.59,0.686,0.348,-0.917,0.288,-0.641,0.09,-0.993,-0.016,-0.057,0,dietitian,0
S01364,Tartu,KA-100,62,F,former,0,high,1,32.5,92.4,5.41,4.98,11.2,2.47,1.06,23.8,MB-2.0,2.437,2.663,2.042,1.536,2.903,-1.527,-2.493,-1.533,-0.612,0.424,0,none,0
S01365,Porto,KB-200,61,M,never,0,high,0,29.8,102.5,5.75,6.12,,,1.22,26.2,MB-2.0,-1.736,-0.522,-0.96,-0.729,-0.904,0.314,0.698,1.258,0.1,-0.116,0,none,0
S01366,Porto,KB-200,78,M,never,1,high,0,24.0,84.4,5.45,5.76,6.9,1.78,1.53,31.6,MB-2.0,-0.392,0.336,0.406,0.194,0.012,0.057,-0.901,0.219,0.103,0.049,0,none,0
S01367,Leuven,KA-100,54,F,never,0,high,0,23.7,66.9,5.38,5.98,5.4,1.42,2.02,27.1,MB-2.0,0.183,0.239,0.216,0.968,0.331,-0.737,-0.454,-0.654,0.467,0.589,0,none,0
S01368,Uppsala,KB-200,60,M,former,0,high,0,25.0,81.1,5.57,6.01,3.3,0.89,1.31,33.9,MB-2.0,0.324,0.252,1.294,-0.683,-0.242,-0.458,-0.989,-0.972,0.079,0.242,0,none,0
S01369,Uppsala,KB-200,67,M,never,0,moderate,0,27.7,88.5,5.72,6.3,11.2,3.13,1.82,35.0,MB-2.0,-0.402,-0.102,1.135,1.853,1.696,-0.979,-0.901,-1.005,0.269,0.578,0,none,0
S01370,Aarhus,KA-100,62,M,current,0,moderate,0,30.0,95.2,5.79,6.09,10.0,2.71,0.83,,MB-2.0,-0.524,-0.691,0.185,-0.182,-0.176,0.431,0.92,-0.148,0.428,0.143,0,none,0
S01371,Aarhus,KA-100,48,F,never,0,high,0,22.6,70.3,5.56,4.9,4.5,0.97,1.76,32.2,MB-2.0,2.829,2.309,2.721,2.046,2.785,-2.692,-3.288,-2.782,-0.013,-0.023,0,none,0
S01372,Aarhus,KA-100,65,F,former,0,high,0,32.8,105.0,5.97,5.42,6.4,1.55,1.97,34.4,MB-2.0,-0.649,-0.88,-1.01,-0.637,-0.477,1.157,1.15,1.343,0.42,0.2,1,diabetes service,1
S01373,Uppsala,KB-200,66,F,former,1,high,0,20.5,70.6,5.17,4.38,2.2,0.43,1.71,30.3,MB-2.0,0.444,-0.359,0.006,0.136,0.173,0.267,1.458,0.378,-0.624,1.098,0,none,0
S01374,Leuven,KA-100,65,F,current,0,high,0,28.3,78.3,5.16,5.61,4.7,1.17,1.65,27.2,MB-2.0,0.066,0.563,0.611,1.283,0.419,-0.082,-0.232,-1.51,-0.02,0.449,0,none,0
S01375,Aarhus,KA-100,66,F,former,0,high,0,28.1,91.4,5.26,4.98,2.2,0.5,1.78,20.9,MB-2.0,1.696,2.598,1.571,1.39,1.958,-1.876,-1.613,-1.117,-0.207,0.151,0,none,0
S01376,Uppsala,KB-200,35,M,never,1,high,0,29.7,93.6,5.37,4.81,4.7,1.01,1.68,26.0,MB-2.0,0.412,-1.174,-1.587,-2.897,-1.761,0.83,1.258,1.123,0.162,0.3,0,none,0
S01377,Leuven,KA-100,48,M,never,0,moderate,1,28.0,93.2,5.59,6.01,2.0,0.54,1.21,22.4,MB-2.0,1.023,0.461,0.537,-0.034,0.578,-1.353,-0.895,-0.253,-0.261,-0.101,1,none,0
S01378,Porto,KB-200,54,F,former,0,high,0,25.2,80.2,5.28,5.09,10.7,2.42,1.64,35.0,MB-2.0,-0.305,-0.656,0.125,-0.03,0.399,-0.259,0.284,0.359,-0.222,0.296,0,none,0
S01379,Tartu,KA-100,62,F,never,0,high,0,24.9,70.0,5.26,4.73,2.5,0.53,2.3,33.5,MB-2.0,0.166,1.379,1.682,1.468,0.594,-1.256,-1.21,-0.134,0.627,0.295,0,none,0
S01380,Leuven,KA-100,55,M,never,0,high,0,23.6,80.1,5.67,4.6,3.3,0.67,2.14,26.8,MB-2.0,0.539,0.028,-0.651,0.624,-0.448,0.462,0.29,0.092,0.308,0.332,0,dietitian,0
S01381,Tartu,KA-100,65,F,never,0,high,0,22.0,65.9,5.25,5.89,2.6,0.69,1.53,38.6,MB-2.0,0.742,-0.017,0.469,0.596,0.652,0.206,0.01,-0.155,-0.418,1.028,0,none,0
S01382,Aarhus,KA-100,46,M,never,0,high,1,28.8,92.4,5.18,5.54,5.0,1.22,1.16,19.9,MB-2.0,-0.178,0.736,0.012,-1.159,0.242,0.895,0.629,-0.344,0.2,-0.8,0,none,0
S01383,Porto,KB-200,66,F,former,0,moderate,0,23.5,67.1,5.47,4.9,13.4,2.91,1.67,26.8,MB-2.0,-0.126,-1.329,-1.74,-2.134,-0.67,0.827,1.028,1.356,0.221,-0.801,0,diabetes service,0
S01384,Aarhus,KA-100,52,F,never,1,high,0,24.8,78.2,5.56,5.53,7.3,1.79,2.05,31.4,MB-2.0,-2.727,-2.935,-2.837,-3.443,-3.024,3.161,3.258,2.265,-0.43,0.203,1,diabetes service,1
S01385,Leuven,KA-100,59,M,never,0,high,0,28.3,90.3,5.16,5.31,,,1.53,19.8,MB-2.0,-1.014,-1.136,-1.108,-1.255,-1.231,1.516,1.769,1.281,-0.142,0.895,0,none,0
S01386,Tartu,KA-100,61,F,former,1,moderate,0,25.8,75.4,5.16,5.66,3.8,0.96,1.75,35.4,MB-2.0,0.67,2.157,1.298,1.538,1.575,-1.344,-1.655,-2.14,0.07,-0.422,0,dietitian,0
S01387,Leuven,KA-100,53,M,never,0,high,0,24.6,83.2,5.28,5.72,,,1.84,34.5,MB-2.0,1.292,1.315,1.694,2.084,1.89,-0.075,-1.349,-0.507,0.436,-0.806,0,none,0
S01388,Uppsala,KB-200,43,M,former,0,moderate,0,19.8,72.5,5.51,4.55,7.6,1.53,1.85,21.9,MB-2.0,-0.578,-0.15,0.005,-1.956,-0.084,1.223,0.066,-0.01,-1.157,0.095,0,none,0
S01389,Leuven,KA-100,73,F,former,0,high,0,22.7,74.8,5.39,6.17,,,1.44,30.3,MB-2.0,-1.026,-0.949,0.349,-0.646,0.356,0.047,0.747,-0.184,0.207,-0.245,0,none,0
S01390,Porto,KB-200,51,F,former,0,high,0,26.9,78.8,5.41,4.52,3.2,0.65,1.43,28.7,MB-2.0,-1.505,-1.988,-1.128,-1.513,0.076,0.965,1.607,1.869,-0.054,-0.373,0,none,0
S01391,Leuven,KA-100,70,M,never,0,high,0,23.0,68.2,5.65,4.34,,,1.57,,MB-2.0,-1.128,-0.629,-0.681,-1.218,-1.556,1.163,0.278,1.301,-0.402,0.057,0,none,0
S01392,Uppsala,KB-200,54,F,former,0,high,1,25.1,69.0,5.68,4.95,6.3,1.39,1.67,36.6,MB-2.0,-0.419,-0.847,-0.135,-2.052,-1.432,1.012,-0.012,-0.27,-0.477,0.273,0,none,0
S01393,Porto,KB-200,61,F,former,0,high,0,20.7,68.8,5.4,4.75,7.8,1.64,1.17,32.1,MB-2.0,-0.067,-0.179,0.773,-0.925,-1.51,1.013,-0.081,-0.441,-0.355,-0.257,0,none,0
S01394,Leuven,KA-100,61,M,never,0,high,0,25.1,84.1,5.53,4.77,5.9,1.26,1.72,30.6,MB-2.0,3.317,3.233,3.1,3.573,2.438,-2.76,-2.836,-2.729,-0.134,0.442,0,dietitian,0
S01395,Porto,KB-200,52,M,never,1,moderate,0,27.4,91.7,6.28,5.48,8.9,2.16,1.27,,MB-2.0,-0.768,0.384,-1.244,-0.792,0.385,2.213,0.776,1.4,-0.603,-0.898,0,none,0
S01396,Porto,KB-200,55,F,former,0,high,0,23.9,74.4,5.36,5.99,5.4,1.43,1.66,35.4,MB-2.0,0.857,0.147,2.177,0.296,0.982,0.086,-2.258,-1.729,0.501,-0.243,0,none,0
S01397,Uppsala,KB-200,61,F,never,0,moderate,0,21.2,73.4,5.57,5.12,,,1.78,30.9,MB-2.0,0.204,-1.244,0.964,0.553,0.481,0.985,0.26,1.142,0.454,0.944,0,none,0
S01398,Tartu,KA-100,48,F,never,0,high,0,28.8,81.3,5.31,5.09,6.8,1.53,1.85,34.4,MB-2.0,0.017,0.333,-0.112,-0.029,0.289,-0.449,0.411,-0.136,0.393,0.442,0,none,0
S01399,Leuven,KA-100,56,M,current,0,high,0,23.3,81.9,5.75,5.85,4.4,1.13,1.61,35.3,MB-2.0,3.224,2.728,3.13,2.84,2.836,-3.382,-3.723,-3.386,0.454,-0.685,0,dietitian,0
S01400,Uppsala,KB-200,79,F,never,0,high,0,29.1,95.9,5.55,5.09,4.8,1.1,1.49,25.9,MB-2.0,0.302,-0.704,2.148,1.1,-0.46,-0.021,-2.27,-1.955,-0.238,-0.382,0,none,0
S01401,Tartu,KA-100,52,M,never,1,high,0,25.9,93.3,5.18,5.47,4.9,1.18,1.55,22.6,MB-2.0,2.727,2.918,2.888,3.027,2.638,-2.339,-3.493,-2.75,-0.222,0.371,0,none,0
S01402,Tartu,KA-100,60,F,current,0,moderate,0,29.0,96.0,5.61,5.98,,,2.16,,MB-2.0,0.999,0.675,1.252,1.614,1.854,-0.998,-0.531,-1.049,-0.086,-0.531,0,none,0
S01403,Aarhus,KA-100,45,M,current,0,high,0,24.9,82.1,5.24,4.7,7.2,1.51,2.06,37.4,MB-2.0,-0.425,0.042,0.204,-0.097,-0.304,-0.711,-0.058,-0.199,-0.708,-0.426,1,none,0
S01404,Leuven,KA-100,56,F,never,0,high,0,29.3,90.5,5.49,4.55,2.0,0.41,1.73,30.0,MB-2.0,1.549,1.947,1.833,1.726,1.522,-1.465,-0.48,-1.366,-0.054,-0.09,0,none,0
S01405,Uppsala,KB-200,45,F,current,0,high,0,21.8,67.1,5.46,5.5,3.6,0.88,1.3,28.3,MB-2.0,-0.789,-0.35,-0.155,0.858,-0.428,0.455,0.077,0.261,-0.42,-0.069,0,none,0
S01406,Leuven,KA-100,57,M,never,0,high,0,25.7,90.1,5.4,4.98,2.1,0.47,1.46,27.6,MB-2.0,1.26,1.484,1.087,1.751,1.478,-1.521,-1.391,-2.031,0.016,-0.199,0,dietitian,0
S01407,Aarhus,KA-100,69,F,never,0,high,0,31.1,82.6,5.41,5.21,4.1,0.96,2.04,21.2,MB-2.0,-0.263,0.391,0.546,-0.262,1.05,-0.77,-0.191,0.01,-0.008,0.434,0,dietitian,0
S01408,Tartu,KA-100,79,M,current,0,moderate,0,27.7,105.0,5.32,4.92,,,1.24,19.7,MB-2.0,1.121,2.174,1.315,1.124,1.259,-1.0,-1.716,-1.463,-0.159,0.105,0,none,0
S01409,Uppsala,KB-200,56,M,never,1,high,0,21.2,73.4,5.16,5.46,5.1,1.24,1.8,36.9,MB-2.0,-1.607,-1.091,0.687,-0.391,-0.227,-1.931,0.025,-1.089,0.542,-0.142,0,none,0
S01410,Leuven,KA-100,58,M,current,0,high,0,28.0,82.9,5.28,5.41,8.1,1.94,1.46,32.7,MB-2.0,0.42,0.727,0.383,0.873,1.088,-0.432,-0.733,-0.46,-0.627,0.647,0,none,0
S01411,Porto,KB-200,44,M,never,1,moderate,0,30.0,105.9,5.61,4.92,2.3,0.5,1.16,,MB-2.0,0.149,0.654,-0.479,0.482,-0.412,0.349,1.628,1.688,-0.174,0.266,0,none,0
S01412,Aarhus,KA-100,58,F,never,0,high,0,28.4,77.0,5.28,4.79,3.8,0.82,2.12,23.1,MB-2.0,2.538,2.061,1.569,1.92,2.325,-2.318,-2.129,-2.641,-0.687,-0.14,1,none,0
S01413,Leuven,KA-100,58,M,former,0,high,0,21.7,75.5,5.39,5.21,,,1.5,28.2,MB-2.0,1.255,0.815,1.191,0.639,1.889,-0.859,-0.166,-0.75,0.076,-0.059,1,diabetes service,1
S01414,Uppsala,KB-200,55,F,former,0,high,0,25.4,76.7,5.34,6.32,3.9,1.1,1.29,16.1,MB-2.0,-0.97,2.106,2.723,-0.484,0.671,0.396,-2.223,-2.275,0.129,-0.402,1,none,0
S01415,Porto,KB-200,53,F,former,1,moderate,0,27.1,72.5,5.68,4.95,5.5,1.22,1.49,24.1,MB-2.0,0.632,0.233,-0.192,-0.271,0.333,0.917,0.817,0.045,0.387,-0.267,0,diabetes service,0
S01416,Leuven,KA-100,55,M,former,0,high,0,24.7,86.3,5.18,4.56,4.4,0.88,1.73,37.6,MB-2.0,-0.161,0.065,-0.033,0.26,-0.192,0.162,-0.191,0.238,0.065,-0.411,0,none,0
S01417,Aarhus,KA-100,61,M,former,0,high,1,30.3,95.3,5.36,4.6,13.8,2.82,1.92,24.3,MB-2.0,1.5,1.159,1.199,0.391,0.977,-0.236,-0.449,-0.342,-0.243,-0.253,0,none,0
S01418,Leuven,KA-100,54,M,former,0,high,0,24.4,83.9,5.15,4.57,5.5,1.12,1.75,18.4,MB-2.0,0.954,0.335,0.379,0.606,0.994,-0.626,-0.546,-1.155,-0.396,0.096,0,diabetes service,0
S01419,Aarhus,KA-100,75,M,former,1,moderate,0,28.5,102.8,5.8,4.66,2.6,0.53,1.72,25.5,MB-2.0,1.018,0.382,0.731,0.416,1.247,0.141,-0.26,-0.136,0.755,0.398,0,none,0
S01420,Uppsala,KB-200,53,M,never,0,high,0,23.9,80.2,5.21,5.35,2.2,0.51,1.51,30.2,MB-2.0,-1.665,0.329,2.087,-1.303,0.547,-0.908,-2.067,-1.79,-0.226,0.013,0,none,0
S01421,Tartu,KA-100,64,F,current,1,high,0,26.1,69.4,5.3,5.3,5.8,1.36,1.75,27.5,MB-2.0,1.171,1.824,0.971,1.285,1.619,-1.717,-1.516,-1.508,0.366,-0.011,0,diabetes service,0
S01422,Porto,KB-200,60,M,current,1,high,0,26.1,87.0,5.44,5.24,8.8,2.06,1.68,30.8,MB-2.0,-1.157,0.198,-0.515,-1.618,0.967,0.759,0.358,0.43,0.177,0.138,0,none,0
S01423,Tartu,KA-100,52,F,never,0,high,0,26.7,89.8,5.43,5.3,4.8,1.13,1.51,18.9,MB-2.0,-1.499,-1.411,-1.683,-0.962,-1.329,1.116,1.116,0.559,-0.495,0.155,0,none,0
S01424,Leuven,KA-100,62,F,former,0,high,0,25.0,81.3,5.19,4.94,6.2,1.36,1.41,30.3,MB-2.0,-1.671,-1.473,-1.797,-1.426,-1.147,1.306,0.97,1.038,-0.461,0.157,1,none,0
S01425,Aarhus,KA-100,54,F,never,0,high,0,29.7,85.8,5.19,4.49,,,2.11,40.0,MB-2.0,1.566,1.423,1.411,1.483,1.01,-1.868,-0.829,-0.908,-0.499,-0.089,0,none,0
S01426,Aarhus,KA-100,72,M,current,0,high,0,22.1,71.0,5.33,4.83,2.1,0.45,1.6,37.7,MB-2.0,0.815,1.529,1.489,0.427,0.189,-0.821,-0.489,-1.238,-0.33,0.299,0,none,0
S01427,Tartu,KA-100,57,M,never,0,high,0,20.3,67.5,5.67,5.41,4.1,0.99,1.75,30.7,MB-2.0,0.292,0.383,-0.023,-0.197,0.109,-0.115,-0.69,-0.207,0.308,0.393,0,none,0
S01428,Aarhus,KA-100,65,M,former,0,high,0,28.1,93.2,5.26,5.18,11.3,2.59,1.39,36.9,MB-2.0,3.738,3.101,3.749,2.996,3.294,-2.624,-2.852,-2.4,-0.185,0.425,0,none,0
S01429,Porto,KB-200,60,M,current,0,high,0,20.1,71.7,5.6,5.88,,,1.83,40.7,MB-2.0,-0.531,-0.353,-0.445,-0.531,-0.605,0.079,0.541,0.86,0.291,0.194,0,none,0
S01430,Aarhus,KA-100,55,M,never,0,moderate,0,23.6,76.8,5.74,6.12,8.5,2.31,1.83,17.2,MB-2.0,-0.213,-0.44,0.024,-0.168,0.045,0.395,0.552,0.357,0.442,-0.591,0,none,0
S01431,Aarhus,KA-100,57,F,never,0,moderate,0,31.8,86.9,5.24,4.93,3.1,0.68,1.27,22.5,MB-2.0,-0.527,-0.566,-1.305,-1.325,-1.145,1.366,1.392,-0.111,-0.502,-0.234,0,none,0
S01432,Uppsala,KB-200,55,F,never,0,high,0,25.5,71.6,5.66,4.48,3.2,0.64,1.64,41.2,MB-2.0,-0.353,1.592,0.539,-0.904,0.721,1.153,-0.867,-0.175,-1.057,-0.257,0,none,0
S01433,Porto,KB-200,45,F,current,0,high,0,23.9,78.4,5.72,5.2,2.9,0.67,1.59,34.7,MB-2.0,-1.308,-1.14,-0.692,-0.389,-0.231,0.534,1.127,0.904,-0.556,0.187,1,diabetes service,1
S01434,Uppsala,KB-200,50,F,never,0,high,1,26.7,72.4,5.78,5.98,10.8,2.88,1.73,25.4,MB-2.0,-2.228,0.555,-0.551,-0.669,-0.008,0.83,0.532,0.515,-0.016,0.392,0,dietitian,0
S01435,Uppsala,KB-200,55,F,former,0,high,0,31.6,96.7,5.82,5.69,8.9,2.25,1.63,28.1,MB-2.0,0.181,-0.577,-0.585,-2.633,-0.026,0.135,-0.19,-0.252,-0.428,0.129,1,diabetes service,1
S01436,Aarhus,KA-100,79,M,current,0,low,0,31.2,95.0,5.26,4.79,9.1,1.93,1.64,22.8,MB-2.0,1.588,2.151,1.959,2.515,1.795,-1.74,-1.511,-1.539,-0.417,-0.389,0,none,0
S01437,Tartu,KA-100,49,F,former,0,moderate,0,21.5,65.4,5.45,5.0,2.3,0.51,1.59,37.1,MB-2.0,3.438,2.603,3.388,3.223,3.211,-2.188,-2.955,-2.25,-0.327,-0.977,0,none,0
S01438,Uppsala,KB-200,67,F,never,0,high,0,29.8,87.5,6.07,6.67,11.5,3.41,1.29,15.1,MB-2.0,1.065,0.865,3.016,-0.095,-0.056,0.421,-3.678,-2.514,0.099,-0.422,0,dietitian,0
S01439,Uppsala,KB-200,64,F,never,0,high,0,29.2,85.8,5.45,6.3,9.3,2.61,1.7,27.6,MB-2.0,-0.663,-0.57,-1.144,-2.157,0.169,1.234,0.917,1.17,0.207,-0.123,1,diabetes service,1
S01440,Uppsala,KB-200,64,F,never,0,high,0,28.8,82.7,5.26,4.73,7.6,1.6,1.57,34.6,MB-2.0,-0.591,-0.077,1.815,-0.716,0.047,1.065,-1.695,-1.919,0.235,-0.144,0,none,0
S01441,Leuven,KA-100,49,F,never,0,high,0,26.2,73.3,5.26,4.95,2.2,0.48,2.27,29.4,MB-2.0,2.553,2.543,1.579,2.706,2.929,-2.954,-3.109,-1.849,-1.11,-0.382,0,none,0
S01442,Aarhus,KA-100,42,M,never,1,moderate,0,32.7,114.1,5.45,5.26,2.9,0.69,1.73,29.5,MB-2.0,0.367,0.621,0.214,1.195,0.268,-0.194,0.096,-0.372,-0.225,-0.145,0,diabetes service,0
S01443,Leuven,KA-100,69,F,former,1,moderate,0,26.2,83.8,5.17,6.26,13.8,3.83,1.37,26.3,MB-2.0,-0.61,0.552,-0.503,-0.212,-0.594,0.037,1.22,0.653,0.284,-0.021,0,none,0
S01444,Uppsala,KB-200,66,F,never,0,low,0,19.7,65.9,5.57,4.58,5.1,1.04,1.99,47.3,MB-2.0,-0.381,-0.232,2.061,0.147,-0.667,0.036,-0.957,-1.637,0.31,0.442,0,dietitian,0
S01445,Uppsala,KB-200,37,M,former,0,low,0,26.2,87.5,5.17,5.26,9.2,2.15,1.45,32.1,MB-2.0,-1.184,0.892,0.396,-0.454,-1.612,-0.745,-0.311,-1.109,0.06,0.343,0,none,0
S01446,Uppsala,KB-200,50,F,former,0,high,0,26.6,72.8,5.44,4.8,4.8,1.03,1.72,31.3,MB-2.0,-0.086,0.253,1.321,-0.795,-0.028,-0.38,-1.725,-2.139,1.043,-0.1,0,none,0
S01447,Aarhus,KA-100,50,M,never,0,low,0,30.7,102.5,5.51,6.74,4.5,1.35,1.46,27.6,MB-2.0,1.124,0.393,-0.111,0.458,1.536,-0.203,-1.265,-0.82,0.025,0.313,1,diabetes service,1
S01448,Tartu,KA-100,49,M,never,0,high,0,26.8,87.0,5.62,4.99,8.2,1.81,1.79,20.1,MB-2.0,1.441,2.23,2.721,2.094,1.734,-1.241,-1.678,-1.682,-0.63,0.174,0,none,0
S01449,Porto,KB-200,70,F,current,0,high,0,23.2,65.2,5.36,5.28,5.6,1.31,2.05,32.9,MB-2.0,-0.879,0.407,1.076,0.621,0.974,0.655,-0.232,-0.228,-0.207,0.237,1,none,0
S01450,Leuven,KA-100,62,F,never,0,moderate,0,23.0,68.4,5.63,5.58,9.3,2.3,1.54,30.5,MB-2.0,1.875,2.693,2.449,2.307,2.807,-1.698,-2.837,-2.572,-0.408,0.283,0,dietitian,0
S01451,Tartu,KA-100,73,F,never,1,low,0,30.5,89.6,5.96,5.28,,,1.82,32.0,MB-2.0,0.614,0.637,0.613,0.447,0.88,0.994,-0.922,-0.304,-0.234,-0.109,0,none,0
S01452,Leuven,KA-100,63,F,never,0,high,0,26.5,79.9,5.84,5.57,8.6,2.12,1.59,24.9,MB-2.0,2.489,2.039,2.452,2.615,2.592,-1.813,-2.571,-1.925,0.437,-0.076,0,none,0
S01453,Leuven,KA-100,53,M,former,1,moderate,0,32.8,112.9,5.64,5.87,5.3,1.38,1.63,19.0,MB-2.0,-1.541,-1.765,-1.883,-1.328,-1.416,1.486,2.757,2.339,0.475,0.08,1,diabetes service,1
S01454,Tartu,KA-100,50,M,former,0,moderate,0,27.8,100.5,5.25,4.78,4.7,1.0,1.63,31.8,MB-2.0,-1.016,-0.908,-1.3,-0.922,-1.005,0.391,1.489,1.344,1.313,0.061,0,none,0
S01455,Porto,KB-200,59,F,former,0,low,0,20.7,66.3,5.19,5.37,2.7,0.66,1.77,33.9,MB-2.0,-2.09,0.005,-0.19,-0.553,-0.633,1.461,0.385,0.592,0.443,0.767,0,none,0
S01456,Aarhus,KA-100,59,M,never,0,high,0,25.9,84.5,5.56,5.51,,,2.03,32.5,MB-2.0,-1.479,-0.915,-0.622,-2.197,-1.237,0.691,1.354,0.814,-0.973,0.047,0,none,0
S01457,Aarhus,KA-100,69,F,never,0,moderate,0,25.5,77.4,5.48,4.69,7.1,1.48,1.89,44.5,MB-2.0,-0.731,-0.482,-0.768,-0.732,-1.187,1.267,1.928,1.795,-0.317,0.275,0,none,0
S01458,Aarhus,KA-100,63,F,former,1,moderate,0,20.5,68.7,5.17,5.49,2.7,0.65,2.11,26.7,MB-2.0,-1.649,-1.242,-1.08,-1.286,-1.21,1.597,0.894,0.315,-0.652,0.428,0,none,0
S01459,Leuven,KA-100,51,M,never,0,high,0,21.6,83.5,5.15,4.38,2.2,0.43,1.9,35.6,MB-2.0,2.856,2.617,2.747,3.961,3.21,-3.349,-3.13,-2.834,0.461,-0.573,0,none,0
S01460,Porto,KB-200,65,F,never,1,high,0,23.5,75.8,5.33,5.17,8.5,1.95,1.67,35.9,MB-2.0,1.431,-0.542,1.886,0.379,1.177,0.227,-1.894,-2.615,-0.534,-0.284,0,none,0
S01461,Tartu,KA-100,55,M,former,1,high,0,27.6,94.9,5.2,5.39,2.3,0.55,1.82,37.5,MB-2.0,0.97,1.402,1.57,1.407,1.3,-0.603,-1.305,-1.347,-0.402,-0.337,0,none,0
S01462,Porto,KB-200,56,M,never,0,high,0,20.1,73.2,5.49,5.39,6.8,1.62,1.57,42.1,MB-2.0,-1.132,0.156,1.958,-1.368,0.691,0.212,-1.447,-1.215,-0.048,-0.262,0,none,0
S01463,Leuven,KA-100,66,F,current,0,moderate,1,26.1,82.6,5.66,4.86,4.4,0.94,1.42,28.1,MB-2.0,-0.125,0.325,-0.194,0.323,-0.276,-0.318,-0.391,-0.475,-0.329,-0.174,0,none,0
S01464,Uppsala,KB-200,57,M,never,1,moderate,0,22.4,81.5,5.73,5.27,2.3,0.53,1.5,40.0,MB-2.0,1.209,1.192,1.373,-1.112,0.664,-0.738,-1.052,-1.267,0.401,0.387,0,none,0
S01465,Leuven,KA-100,67,M,current,0,low,0,25.1,81.6,5.21,4.94,7.9,1.74,1.77,22.8,MB-2.0,1.488,0.964,2.207,1.908,2.051,-1.572,-1.972,-1.529,0.27,-0.209,0,dietitian,0
S01466,Leuven,KA-100,77,F,current,0,moderate,0,29.3,90.3,5.47,6.03,4.8,1.28,1.44,26.7,MB-2.0,2.753,2.963,3.188,2.46,2.451,-3.222,-2.505,-2.441,0.289,0.093,0,diabetes service,0
S01467,Porto,KB-200,56,F,never,1,high,0,27.7,83.2,5.39,5.23,6.0,1.39,1.37,33.9,MB-2.0,-0.956,-0.126,0.477,0.636,-1.235,0.397,0.386,0.007,0.041,0.127,0,none,0
S01468,Aarhus,KA-100,66,F,never,1,high,0,25.2,68.9,5.49,5.65,3.0,0.74,2.27,28.5,MB-2.0,0.314,-0.149,0.359,0.019,0.2,-0.122,0.152,-0.314,-0.071,-0.373,0,none,0
S01469,Uppsala,KB-200,49,F,never,0,high,0,20.4,67.6,5.15,4.46,4.2,0.84,1.79,41.4,MB-2.0,-0.933,1.169,0.277,-2.182,0.296,-0.728,-0.007,0.627,-0.014,0.226,0,none,0
S01470,Aarhus,KA-100,55,F,never,1,moderate,0,27.7,86.0,5.23,4.81,2.8,0.59,1.55,26.3,MB-2.0,1.753,0.581,1.873,1.096,1.115,-1.818,-0.273,-1.507,0.288,0.451,0,none,0
S01471,Leuven,KA-100,58,M,never,1,high,0,26.8,94.8,5.93,6.52,9.3,2.71,1.1,33.4,MB-2.0,0.643,1.399,1.123,2.383,1.849,-1.338,-0.687,-1.902,0.214,-0.487,0,dietitian,0
S01472,Aarhus,KA-100,75,F,former,0,high,0,27.5,90.4,5.34,5.24,,,2.13,17.3,MB-2.0,2.205,1.033,2.063,1.542,1.921,-2.009,-1.319,-1.032,0.467,0.342,0,none,0
S01473,Uppsala,KB-200,49,M,never,0,low,0,28.7,90.5,6.28,6.2,,,1.24,27.6,MB-2.0,-0.391,-0.678,0.111,-0.351,-0.542,-1.328,-0.646,-0.324,-0.065,0.699,0,none,0
S01474,Leuven,KA-100,52,F,former,0,moderate,0,23.4,78.0,5.46,6.85,,,1.64,22.4,MB-2.0,0.186,1.425,0.461,1.324,1.248,-0.552,-1.188,-1.246,0.313,-0.211,0,none,0
S01475,Leuven,KA-100,57,F,never,1,high,0,29.4,79.2,5.31,6.28,2.5,0.69,1.68,35.1,MB-2.0,-0.925,-0.462,0.256,0.198,-0.141,0.127,-0.003,-0.337,0.008,-0.458,0,none,0
S01476,Leuven,KA-100,60,M,former,0,high,0,24.8,78.9,5.31,4.66,6.8,1.41,1.55,38.0,MB-2.0,0.926,0.59,0.427,0.488,0.313,0.227,-0.9,-0.711,0.542,-0.413,0,none,0
S01477,Porto,KB-200,36,M,former,0,low,0,24.5,77.7,5.75,5.44,5.9,1.42,1.71,37.7,MB-2.0,-0.146,0.17,1.14,-2.068,-0.35,-0.887,-0.817,-1.037,0.155,-0.483,0,none,0
S01478,Aarhus,KA-100,51,M,never,0,high,0,29.3,106.7,5.36,5.78,3.6,0.92,1.63,27.2,MB-2.0,2.744,2.947,2.611,2.499,2.204,-2.904,-2.221,-2.737,0.554,0.608,0,diabetes service,0
S01479,Aarhus,KA-100,54,F,never,0,high,0,24.9,74.0,5.21,4.98,6.9,1.52,2.06,34.1,MB-2.0,0.296,-0.196,0.08,-0.295,0.22,0.182,0.042,0.173,-0.014,0.021,0,none,0
S01480,Aarhus,KA-100,60,M,current,0,high,0,24.5,77.9,5.34,4.99,2.5,0.55,1.17,19.4,MB-2.0,2.775,2.834,2.183,2.364,2.193,-2.289,-2.332,-2.265,-0.194,-0.331,0,none,0
S01481,Aarhus,KA-100,64,M,never,0,high,0,28.2,88.8,5.6,5.42,3.9,0.94,1.63,21.5,MB-2.0,0.656,-0.712,-0.353,0.081,-0.24,0.456,-0.231,-0.148,0.007,-0.135,0,none,0
S01482,Tartu,KA-100,61,F,never,0,high,0,33.9,97.6,5.76,5.75,3.8,0.98,2.02,28.0,MB-2.0,1.593,2.637,1.975,2.198,2.236,-0.873,-1.881,-1.567,0.41,-0.208,0,none,0
S01483,Leuven,KA-100,53,F,former,0,high,0,27.7,78.2,5.23,4.68,3.8,0.8,2.3,23.9,MB-2.0,2.082,2.231,2.824,2.165,2.884,-1.28,-2.491,-2.422,0.073,-0.298,0,none,0
S01484,Aarhus,KA-100,73,M,never,0,high,0,27.2,85.5,5.29,5.59,4.0,0.98,1.82,29.4,MB-2.0,0.016,0.845,0.654,-0.727,0.291,-0.139,-1.245,-0.341,0.032,-0.406,0,none,0
S01485,Uppsala,KB-200,50,M,current,0,high,0,25.7,88.8,5.71,5.69,,,0.73,35.3,MB-2.0,-2.101,-1.028,-2.558,-2.03,-0.761,1.445,2.645,3.112,-0.097,0.167,0,dietitian,1
S01486,Tartu,KA-100,47,F,current,1,high,0,31.1,91.7,5.28,5.27,13.2,3.09,1.58,18.2,MB-2.0,0.86,-0.119,0.879,0.712,1.449,-0.729,-0.305,-0.096,-0.556,-0.154,0,none,0
S01487,Uppsala,KB-200,53,F,never,0,high,0,27.9,79.0,5.5,5.46,8.1,1.96,1.42,27.1,MB-2.0,-2.794,-0.311,-1.523,-0.202,-0.589,0.27,1.314,1.555,-0.334,-0.315,0,dietitian,0
S01488,Porto,KB-200,67,M,former,0,high,0,21.9,71.6,5.15,4.41,2.0,0.39,1.79,39.4,MB-2.0,-1.252,-0.022,0.414,-4.046,0.364,0.866,0.199,-0.839,-0.244,-0.126,0,none,0
S01489,Porto,KB-200,50,F,never,0,high,1,23.3,82.4,5.4,4.36,5.3,1.02,1.83,26.5,MB-2.0,-1.538,-0.45,0.627,-0.897,-0.94,-0.387,-0.592,0.024,0.119,-0.986,0,none,0
S01490,Aarhus,KA-100,72,M,former,0,high,1,26.5,89.4,5.54,5.18,8.5,1.97,1.84,21.4,MB-2.0,2.956,2.978,2.444,2.691,2.86,-2.168,-2.179,-1.864,0.188,0.044,0,none,0
S01491,Aarhus,KA-100,47,M,current,0,low,0,26.3,86.4,5.76,4.77,3.5,0.75,0.89,27.1,MB-2.0,0.946,0.459,0.624,0.347,1.142,-1.543,-0.987,-0.353,0.2,-0.488,0,none,0
S01492,Uppsala,KB-200,55,F,never,0,high,0,28.0,84.2,5.56,5.08,5.3,1.2,1.98,37.6,MB-2.0,1.984,0.59,2.944,-0.172,0.275,-1.341,-3.335,-2.896,-0.211,-0.324,0,none,0
S01493,Uppsala,KB-200,49,F,never,0,high,1,26.6,80.0,5.42,5.81,10.5,2.71,1.88,28.1,MB-2.0,-1.496,-0.052,-0.231,-1.522,0.221,1.28,0.973,-0.699,-0.614,-0.474,0,none,0
S01494,Tartu,KA-100,61,F,former,0,moderate,0,21.9,66.8,5.52,5.1,3.8,0.87,2.2,21.6,MB-2.0,0.015,-0.606,-0.241,0.182,-0.498,-0.237,0.504,0.363,0.355,0.438,0,none,0
S01495,Leuven,KA-100,52,M,never,1,moderate,0,26.0,87.3,5.52,4.87,,,1.77,18.2,MB-2.0,2.138,1.709,2.643,1.922,2.237,-2.383,-1.831,-2.095,0.435,0.42,0,none,0
S01496,Uppsala,KB-200,53,M,never,0,high,0,28.6,110.2,5.17,4.5,5.0,0.99,1.74,25.5,MB-2.0,0.56,1.559,1.766,-1.459,0.116,0.195,-0.496,-1.443,0.16,-0.392,0,none,0
S01497,Aarhus,KA-100,58,M,never,0,high,1,21.8,83.0,5.41,4.99,7.9,1.76,1.42,38.6,MB-2.0,-0.768,-1.042,-1.377,-0.888,-0.689,0.855,0.531,1.188,-0.52,0.289,0,dietitian,0
S01498,Aarhus,KA-100,60,M,former,0,high,0,27.1,88.5,5.15,5.09,5.8,1.31,1.79,25.5,MB-2.0,1.864,1.966,1.544,1.93,1.782,-1.191,-1.545,-1.177,0.506,0.197,0,none,0
S01499,Porto,KB-200,36,M,current,0,high,0,23.6,82.7,5.56,5.69,6.4,1.61,1.45,37.2,MB-2.0,-1.713,-0.244,0.169,-0.593,-1.429,-1.335,-0.099,-0.789,0.104,-0.282,0,none,0
S01500,Tartu,KA-100,71,F,former,0,high,0,24.9,67.8,5.56,4.91,5.9,1.29,2.05,25.7,MB-2.0,1.851,1.019,2.18,2.317,1.889,-2.238,-2.277,-2.171,-0.755,0.85,0,none,0
S01501,Aarhus,KA-100,59,F,never,0,high,1,25.7,80.3,5.58,5.24,6.8,1.57,1.8,16.0,MB-2.0,-1.649,-2.31,-1.67,-1.65,-0.698,1.353,1.666,-0.103,-0.455,-0.753,0,none,0
S01502,Aarhus,KA-100,63,F,never,0,moderate,0,33.3,94.1,5.38,5.74,4.6,1.17,2.21,46.2,MB-2.0,-0.334,-0.1,0.162,0.286,0.962,-0.361,-0.757,-0.423,-0.26,-0.197,0,none,0
S01503,Tartu,KA-100,61,F,never,0,high,0,28.8,76.9,5.44,4.92,,,2.32,34.2,MB-2.0,3.253,3.004,3.778,3.152,3.959,-3.181,-2.523,-4.379,0.941,-0.622,0,none,0
S01504,Leuven,KA-100,42,M,current,0,high,0,23.2,82.8,5.29,5.38,8.4,2.02,1.63,25.1,MB-2.0,-0.496,-0.038,-0.83,-0.553,-0.788,0.444,1.237,0.621,-0.573,0.023,0,none,0
S01505,Porto,KB-200,64,M,never,1,moderate,0,27.2,95.8,5.48,5.1,9.8,2.23,1.08,31.2,MB-2.0,0.218,-0.514,0.125,-0.016,-0.444,-0.872,0.036,-0.447,-0.109,0.541,0,none,0
S01506,Tartu,KA-100,65,F,never,0,moderate,0,24.6,76.6,5.31,5.38,5.9,1.4,1.5,18.1,MB-2.0,1.587,2.201,1.666,0.968,0.877,-0.52,-1.281,-1.021,0.266,-0.192,0,none,0
S01507,Leuven,KA-100,60,M,former,0,high,0,27.5,98.0,5.32,5.02,4.1,0.92,1.96,36.5,MB-2.0,0.437,-0.288,0.213,-0.044,-0.257,-0.476,-0.253,-0.044,0.6,-0.346,0,none,0
S01508,Leuven,KA-100,58,M,never,0,high,0,24.0,73.1,5.46,4.69,,,1.25,31.2,MB-2.0,-0.257,0.159,0.907,0.567,0.096,1.09,-0.584,-0.867,0.143,-0.577,0,none,0
S01509,Porto,KB-200,53,M,never,1,low,0,29.6,92.5,6.03,5.79,5.6,1.44,1.34,37.1,MB-2.0,-1.558,2.064,-0.506,-2.679,-0.541,-0.374,-0.081,-0.238,-0.407,0.236,1,diabetes service,1
S01510,Leuven,KA-100,45,F,never,1,high,0,20.6,69.6,5.25,5.18,,,1.81,26.3,MB-2.0,-0.733,-0.403,-0.391,0.422,-0.208,0.482,0.476,0.229,-0.397,0.432,0,none,0
S01511,Uppsala,KB-200,50,M,never,1,moderate,0,26.2,86.3,6.14,5.91,11.6,3.05,1.5,,MB-2.0,0.922,0.711,1.174,-0.348,0.034,-0.789,-1.322,-1.852,-0.305,-0.567,0,none,0
S01512,Tartu,KA-100,53,M,never,1,high,0,23.9,82.3,5.61,5.97,7.1,1.9,1.67,21.8,MB-2.0,0.974,1.019,0.535,0.604,0.408,-0.063,0.215,0.088,0.01,0.853,0,none,0
S01513,Uppsala,KB-200,55,F,never,1,high,0,27.6,76.1,5.46,4.33,6.3,1.21,1.4,28.9,MB-2.0,-0.662,1.683,2.428,-0.501,0.502,0.606,-2.108,-1.4,-0.354,0.366,0,none,0
S01514,Aarhus,KA-100,69,M,former,1,moderate,0,28.9,92.4,5.39,5.87,,,1.42,19.2,MB-2.0,0.736,0.621,0.981,1.204,1.557,-1.307,-1.167,-0.955,-0.069,0.281,0,none,0
S01515,Uppsala,KB-200,55,F,current,0,high,0,21.1,69.3,5.56,5.28,9.2,2.15,1.65,32.3,MB-2.0,-0.239,-0.73,2.088,-0.884,-0.735,0.265,-1.556,-1.788,-0.114,0.176,0,none,0
S01516,Aarhus,KA-100,59,F,former,0,high,0,27.7,88.1,5.65,5.17,11.8,2.71,1.31,24.8,MB-2.0,3.564,4.412,4.112,2.909,4.209,-3.355,-3.573,-3.264,0.373,0.137,0,dietitian,0
S01517,Uppsala,KB-200,68,F,former,0,high,0,27.4,89.1,5.33,5.61,3.2,0.8,2.36,23.0,MB-2.0,0.116,0.72,1.875,-1.698,0.044,-0.886,-1.468,-1.601,-0.256,0.515,0,none,0
S01518,Porto,KB-200,70,F,former,0,high,0,25.3,74.0,5.26,4.89,,,1.98,43.6,MB-2.0,0.977,1.069,1.536,0.594,0.154,-0.168,-0.98,-1.372,-0.574,0.572,0,dietitian,0
S01519,Aarhus,KA-100,63,F,never,0,high,0,25.3,72.7,5.28,6.05,2.2,0.58,1.45,23.6,MB-2.0,1.373,1.833,0.986,1.328,1.485,-0.637,-1.595,-0.881,-0.049,-0.274,0,none,0
S01520,Uppsala,KB-200,75,F,current,0,moderate,0,33.4,92.2,5.33,4.93,,,1.61,18.6,MB-2.0,0.858,-0.334,0.778,-2.464,-1.639,-0.428,-0.899,-0.443,0.874,0.307,1,none,0
S01521,Aarhus,KA-100,53,F,current,0,moderate,0,22.8,68.7,5.41,4.93,4.3,0.93,1.4,31.7,MB-2.0,1.788,1.075,1.391,2.225,1.926,-2.322,-1.766,-1.608,0.06,0.163,0,none,0
S01522,Aarhus,KA-100,63,M,never,0,high,0,30.3,107.5,5.23,4.85,2.9,0.62,1.38,28.9,MB-2.0,-0.81,-1.093,-0.923,-1.355,-0.438,0.827,-0.207,0.976,0.611,0.086,0,none,0
S01523,Leuven,KA-100,65,F,never,0,high,0,28.2,77.7,5.66,6.47,3.2,0.92,1.65,19.4,MB-2.0,1.357,0.369,1.188,0.963,0.682,-0.973,-0.99,-1.436,-0.174,0.332,0,none,0
S01524,Leuven,KA-100,74,F,never,0,high,0,26.0,68.0,5.29,4.4,5.5,1.08,2.14,30.4,MB-2.0,-1.426,-1.222,-1.047,-1.312,-1.799,0.886,1.389,2.068,-0.467,-0.508,0,none,0
S01525,Aarhus,KA-100,64,F,current,0,moderate,0,23.8,72.8,5.24,4.32,3.1,0.59,2.59,26.0,MB-2.0,-1.76,-1.604,-1.476,-1.975,-0.862,0.401,0.36,1.723,0.22,-0.367,0,none,0
S01526,Leuven,KA-100,51,F,current,1,high,0,25.2,77.3,5.42,5.97,3.8,1.01,2.1,23.5,MB-2.0,-1.725,-1.163,-1.713,-1.966,-1.453,1.723,1.41,1.767,0.044,0.431,0,none,0
S01527,Aarhus,KA-100,51,M,former,0,moderate,0,23.4,76.0,5.35,4.79,4.1,0.88,1.71,29.1,MB-2.0,2.496,2.029,2.586,3.12,2.737,-1.711,-2.036,-1.68,-0.5,0.191,1,none,0
S01528,Aarhus,KA-100,50,M,current,1,high,0,34.6,110.1,5.86,5.06,8.7,1.96,1.49,18.9,MB-2.0,-0.671,-0.445,-0.231,-0.423,-0.975,0.471,-0.035,0.434,0.665,0.495,1,diabetes service,1
S01529,Aarhus,KA-100,64,M,former,0,high,0,30.6,94.5,5.5,4.45,6.6,1.3,1.67,23.5,MB-2.0,2.305,2.677,2.413,2.715,2.769,-1.709,-2.19,-2.442,0.307,-0.419,0,none,0
S01530,Leuven,KA-100,61,M,never,0,high,0,20.6,70.6,5.27,4.52,3.4,0.69,1.97,39.6,MB-2.0,-0.926,-1.375,0.086,-0.767,-0.804,0.983,0.717,0.448,0.075,-0.78,0,dietitian,0
S01531,Aarhus,KA-100,63,M,never,1,high,0,28.8,97.1,5.92,6.08,10.4,2.8,0.77,18.4,MB-2.0,0.636,0.429,0.846,1.215,0.345,-1.013,-0.704,-0.731,-0.552,0.367,0,dietitian,1
S01532,Tartu,KA-100,56,M,never,0,high,0,22.1,80.8,5.39,5.53,9.3,2.28,1.53,42.2,MB-2.0,-1.144,-0.617,-1.152,-0.905,-1.382,1.187,1.019,0.95,-0.666,0.7,0,none,0
S01533,Aarhus,KA-100,53,M,never,0,high,0,20.2,68.5,5.15,4.52,3.6,0.72,1.89,19.2,MB-2.0,1.249,1.701,1.18,1.291,1.501,-1.37,-0.935,-1.386,0.551,0.115,0,none,0
S01534,Tartu,KA-100,61,F,never,0,high,0,25.0,67.8,5.23,5.42,2.0,0.48,2.0,41.8,MB-2.0,0.842,0.995,0.892,0.892,1.145,-0.726,-0.196,-0.238,-0.153,-0.01,0,none,0
S01535,Leuven,KA-100,57,M,never,0,moderate,0,20.4,75.2,5.41,5.11,5.6,1.28,2.19,25.0,MB-2.0,0.867,1.212,1.136,1.488,1.402,-1.335,-0.466,-0.999,0.168,0.441,0,dietitian,0
S01536,Leuven,KA-100,60,F,never,0,high,1,27.1,80.4,5.29,4.96,5.7,1.26,1.88,20.0,MB-2.0,-2.463,-1.877,-3.012,-2.122,-2.259,1.064,2.248,2.213,-0.326,0.302,0,none,0
S01537,Leuven,KA-100,66,F,never,0,high,0,32.3,90.5,5.27,6.26,5.1,1.41,1.78,20.5,MB-2.0,-0.155,-1.299,-1.512,-1.166,-0.502,0.206,0.478,0.896,-0.559,0.178,0,none,0
S01538,Aarhus,KA-100,67,F,current,0,moderate,0,27.4,75.9,5.26,4.79,7.0,1.48,1.64,25.3,MB-2.0,-0.877,-0.496,-1.035,-0.689,-0.141,1.585,0.555,0.454,-0.475,0.4,0,none,0
S01539,Aarhus,KA-100,63,M,former,0,high,0,31.3,104.4,5.73,4.73,8.5,1.78,1.47,30.5,MB-2.0,-1.479,-1.47,-2.006,-1.156,-2.055,0.646,1.358,1.83,0.386,0.638,0,none,0
S01540,Uppsala,KB-200,70,M,former,1,high,0,24.2,86.2,5.41,5.08,7.0,1.58,1.29,20.0,MB-2.0,-0.36,-0.466,0.386,0.848,-0.968,0.062,0.007,-0.101,-0.102,0.156,0,none,0
S01541,Porto,KB-200,53,M,current,0,high,0,19.5,72.1,5.37,4.96,5.2,1.15,1.44,28.3,MB-2.0,0.409,-0.463,0.856,-0.237,0.253,-0.014,-0.313,-0.975,0.426,0.631,0,diabetes service,0
S01542,Tartu,KA-100,49,F,never,0,high,0,25.9,69.8,5.26,4.96,,,2.25,27.3,MB-2.0,-1.226,0.124,-0.793,-0.321,-1.098,0.06,1.214,0.902,0.322,0.042,0,none,0
S01543,Porto,KB-200,46,F,former,0,moderate,0,24.5,69.5,5.31,4.39,5.1,1.0,2.47,49.4,MB-2.0,0.127,0.858,1.02,0.152,-0.386,0.566,-1.018,-1.026,0.977,-0.273,0,none,0
S01544,Aarhus,KA-100,65,F,current,0,high,1,27.5,82.9,5.68,5.28,8.6,2.01,1.53,35.6,MB-2.0,-0.098,-0.185,0.23,0.064,-0.699,0.157,0.749,0.035,-0.123,0.215,1,dietitian,1
S01545,Aarhus,KA-100,63,M,never,0,high,0,25.7,83.9,5.39,5.17,2.4,0.55,1.13,26.3,MB-2.0,1.355,1.903,0.629,0.839,0.673,-0.203,-0.546,-0.552,-0.311,-0.547,0,none,0
S01546,Tartu,KA-100,68,M,former,0,high,0,26.2,91.4,5.35,4.76,2.5,0.53,1.18,39.2,MB-2.0,2.903,2.402,2.094,2.817,3.233,-2.484,-2.893,-2.194,-0.292,0.208,0,none,0
S01547,Tartu,KA-100,60,M,current,0,high,0,26.1,86.3,5.6,4.73,3.7,0.77,1.63,14.6,MB-2.0,1.076,2.088,1.328,1.824,1.558,-0.866,-1.682,-1.868,0.161,-0.595,0,none,0
S01548,Aarhus,KA-100,46,M,never,0,moderate,0,30.2,107.1,5.64,5.2,3.4,0.79,1.7,32.2,MB-2.0,-0.258,-0.309,-0.439,-0.274,-0.276,0.217,0.209,-0.403,0.174,0.149,0,none,0
S01549,Aarhus,KA-100,58,F,never,0,high,0,20.1,67.9,5.16,4.73,2.9,0.62,1.73,35.0,MB-2.0,2.49,2.703,2.391,2.315,3.105,-2.425,-2.523,-2.989,0.36,0.021,0,none,0
S01550,Aarhus,KA-100,64,F,never,0,high,0,28.5,83.4,5.15,5.44,10.8,2.62,1.17,23.5,MB-2.0,0.953,0.765,0.907,0.241,0.473,-1.267,-0.747,-0.607,0.386,-0.261,0,none,0
S01551,Aarhus,KA-100,68,M,former,0,moderate,0,27.3,97.5,5.31,4.67,,,1.79,28.5,MB-2.0,2.663,2.685,2.945,2.115,2.867,-2.362,-2.299,-2.037,-0.077,-0.177,0,diabetes service,0
S01552,Uppsala,KB-200,60,F,current,0,moderate,0,20.1,65.2,5.53,5.23,4.0,0.93,1.61,24.6,MB-2.0,-0.122,-0.184,-0.014,0.245,-0.733,0.079,-0.199,-0.446,0.003,0.499,0,none,0
S01553,Uppsala,KB-200,59,F,former,0,high,0,26.6,82.3,5.24,4.52,,,2.72,33.7,MB-2.0,-0.235,-0.82,-0.098,-0.738,-1.594,0.149,0.515,1.024,-0.275,0.287,0,none,0
S01554,Tartu,KA-100,49,M,former,0,moderate,0,24.4,80.7,5.21,5.19,2.7,0.63,1.85,38.4,MB-2.0,4.42,4.291,5.435,4.05,4.237,-3.8,-3.552,-3.367,-0.137,0.229,1,none,0
S01555,Aarhus,KA-100,54,M,never,1,low,0,20.8,78.9,5.74,5.89,6.2,1.63,1.13,28.3,MB-2.0,2.768,2.669,2.617,2.13,2.173,-2.462,-2.343,-2.122,0.517,0.332,0,dietitian,0
S01556,Leuven,KA-100,73,M,former,0,low,0,35.8,115.1,6.13,6.67,,,1.29,29.2,MB-2.0,-2.17,-2.931,-2.107,-2.85,-2.275,1.94,1.806,2.173,0.337,-0.164,1,diabetes service,1
S01557,Aarhus,KA-100,56,M,former,0,high,0,24.8,80.8,5.15,4.36,11.0,2.14,1.86,45.7,MB-2.0,-0.573,-0.132,-0.567,-0.918,-0.142,1.767,0.715,1.435,0.525,0.496,0,none,0
S01558,Tartu,KA-100,64,M,never,0,high,0,23.7,84.8,5.51,4.33,2.9,0.55,1.75,32.9,MB-2.0,-1.582,-1.353,-1.501,-0.786,-0.343,1.321,0.95,0.322,-0.477,0.238,0,dietitian,0
S01559,Aarhus,KA-100,49,F,never,1,moderate,0,24.2,65.3,5.43,5.22,5.3,1.24,1.53,21.7,MB-2.0,0.704,1.54,1.424,1.813,0.961,-1.219,-0.833,-1.195,0.043,0.817,1,dietitian,0
S01560,Tartu,KA-100,64,M,never,0,moderate,0,28.4,93.2,5.49,6.11,13.5,3.67,1.91,21.3,MB-2.0,0.158,0.05,-0.091,-0.001,0.547,-0.203,-0.592,-0.557,0.181,-0.578,0,none,0
S01561,Uppsala,KB-200,45,F,current,1,moderate,1,27.9,81.2,5.73,4.93,5.6,1.23,1.02,32.9,MB-2.0,-0.509,-1.398,-1.615,-2.558,0.289,0.581,0.94,1.348,0.002,0.208,0,none,0
S01562,Leuven,KA-100,55,F,current,1,moderate,1,33.5,96.8,5.9,5.46,2.0,0.49,1.8,33.0,MB-2.0,0.463,0.378,0.538,0.791,0.926,-1.061,-0.771,-0.999,-0.241,0.213,0,diabetes service,1
S01563,Uppsala,KB-200,65,M,former,0,moderate,1,23.5,83.3,5.55,5.5,5.3,1.3,1.29,19.6,MB-2.0,-0.416,-1.754,1.535,-0.586,-0.332,0.32,-0.312,-1.606,0.226,0.404,1,dietitian,0
S01564,Leuven,KA-100,64,F,never,0,high,0,30.3,91.5,5.99,4.68,2.3,0.48,1.37,16.7,MB-2.0,2.642,2.708,2.806,1.805,2.601,-1.637,-2.166,-1.683,-0.225,-0.889,0,none,0
S01565,Aarhus,KA-100,67,M,never,0,high,0,23.9,68.1,5.38,4.49,3.7,0.74,1.93,29.7,MB-2.0,1.28,1.021,1.557,1.773,2.303,-0.539,-1.083,-0.405,-0.008,0.672,0,dietitian,0
S01566,Aarhus,KA-100,53,M,former,0,high,1,33.1,109.3,5.19,5.18,3.0,0.7,1.69,25.2,MB-2.0,-1.921,-1.143,-1.985,-1.797,-2.536,1.242,1.967,1.695,0.347,0.448,0,none,0
S01567,Porto,KB-200,46,M,never,0,moderate,1,23.9,84.0,5.69,4.93,,,1.67,32.3,MB-2.0,-1.615,0.234,-0.221,-2.577,-0.905,0.912,-0.38,0.785,0.161,0.409,1,none,0
S01568,Aarhus,KA-100,79,M,never,0,high,0,27.6,91.6,5.77,5.46,3.0,0.73,1.77,21.8,MB-2.0,1.895,2.357,1.321,1.52,1.217,-1.314,-1.06,-0.816,-0.359,0.146,0,none,0
S01569,Uppsala,KB-200,63,M,current,0,high,0,24.2,82.7,5.73,5.25,3.8,0.89,1.28,18.8,MB-2.0,-0.61,-0.298,0.37,0.603,-0.716,0.898,-0.65,-0.995,0.086,0.037,0,none,0
S01570,Aarhus,KA-100,70,F,never,0,high,0,28.6,85.7,5.25,5.39,5.6,1.33,1.74,31.4,MB-2.0,0.534,0.668,1.611,1.152,1.355,-0.59,-0.749,-0.404,-0.294,-0.019,1,none,0
S01571,Tartu,KA-100,63,M,former,0,high,0,25.0,79.5,5.21,5.7,2.7,0.68,1.83,32.5,MB-2.0,-1.224,-1.488,-1.794,-0.953,-0.941,0.738,2.088,1.782,-0.144,-0.232,0,diabetes service,1
S01572,Leuven,KA-100,66,M,current,0,moderate,1,27.6,83.4,5.43,5.7,7.9,1.99,1.72,25.5,MB-2.0,-0.738,0.206,0.393,0.14,-0.444,0.073,-0.707,0.228,-0.31,0.13,0,none,0
S01573,Aarhus,KA-100,49,M,never,0,moderate,0,25.1,86.8,5.58,6.39,7.4,2.09,1.33,37.5,MB-2.0,0.18,-1.379,0.398,-0.388,-0.021,0.627,0.963,0.315,0.114,-0.155,0,none,0
S01574,Uppsala,KB-200,46,F,never,0,high,0,27.7,84.2,5.45,5.6,5.6,1.4,2.03,33.2,MB-2.0,-0.367,0.974,1.391,0.531,-0.321,0.701,-1.34,-1.519,-0.116,-0.178,0,none,0
S01575,Aarhus,KA-100,58,F,former,0,high,0,29.2,83.3,5.4,5.6,4.1,1.01,2.02,38.3,MB-2.0,-1.099,-0.048,-1.064,-0.407,-0.949,0.856,2.152,1.259,0.366,0.583,0,none,0
S01576,Leuven,KA-100,53,M,former,0,low,0,27.3,91.1,5.98,5.36,6.3,1.5,1.39,22.6,MB-2.0,0.54,0.914,-0.211,-0.31,-0.393,-0.114,-0.726,-1.072,-0.166,-0.43,0,diabetes service,0
S01577,Leuven,KA-100,63,M,current,0,high,0,27.7,87.9,5.54,4.75,,,1.55,26.3,MB-2.0,0.381,0.368,0.616,1.337,0.838,0.159,-0.23,-0.373,-1.143,-0.416,0,diabetes service,0
S01578,Uppsala,KB-200,35,M,former,0,moderate,0,27.8,100.3,5.23,5.54,12.3,3.03,1.16,31.6,MB-2.0,-1.428,0.917,0.572,-2.965,-0.442,-0.044,-1.05,-0.723,0.585,0.623,1,dietitian,1
S01579,Aarhus,KA-100,69,M,current,0,moderate,0,23.8,78.2,5.36,4.6,12.0,2.46,1.14,18.6,MB-2.0,1.936,2.127,1.87,1.925,1.528,-1.319,-1.061,-1.986,-0.051,0.217,0,none,0
S01580,Leuven,KA-100,49,M,never,0,moderate,1,23.7,82.0,5.45,5.02,6.1,1.36,1.36,27.2,MB-2.0,-1.952,-2.037,-1.378,-2.924,-1.397,1.833,2.41,2.256,-0.423,0.129,0,none,0
S01581,Aarhus,KA-100,52,M,never,1,moderate,0,32.3,106.0,5.88,6.44,7.9,2.26,1.22,22.9,MB-2.0,1.423,1.074,1.642,2.084,1.177,-1.648,-1.193,-0.789,-0.45,-0.125,0,dietitian,0
S01582,Tartu,KA-100,62,M,never,0,high,0,23.4,85.4,5.54,4.53,2.0,0.41,1.8,34.3,MB-2.0,0.289,0.465,1.437,0.503,1.244,0.101,-0.822,-0.005,-0.415,0.982,0,none,0
S01583,Porto,KB-200,46,M,former,0,high,0,22.9,82.2,5.73,4.89,4.4,0.95,1.32,34.5,MB-2.0,0.198,-0.639,1.164,0.855,-1.232,1.231,-1.15,-2.21,-0.097,-0.371,0,none,0
S01584,Porto,KB-200,63,F,never,0,high,0,23.3,74.2,5.67,5.24,5.2,1.21,1.94,33.9,MB-2.0,0.06,-0.701,1.851,-3.09,0.699,-0.55,-1.549,-1.487,-0.362,-0.856,0,none,0
S01585,Aarhus,KA-100,69,F,never,1,high,0,21.0,71.5,5.69,5.59,3.7,0.92,1.99,23.9,MB-2.0,0.069,-0.739,0.219,-0.536,0.074,-0.027,0.111,0.679,-0.047,0.191,0,dietitian,0
S01586,Uppsala,KB-200,59,M,never,0,high,0,26.1,86.9,5.41,5.55,8.7,2.14,1.74,45.4,MB-2.0,-1.402,0.973,0.411,-2.017,-0.89,1.195,-1.02,-0.204,-0.626,-0.084,0,none,0
S01587,Aarhus,KA-100,68,F,current,1,moderate,1,28.9,84.3,5.46,5.1,5.5,1.24,1.97,27.1,MB-2.0,-2.053,-2.54,-2.187,-2.349,-1.674,2.179,2.375,1.881,-0.072,0.998,0,none,0
S01588,Leuven,KA-100,50,M,former,0,high,0,28.4,90.0,5.52,5.49,3.8,0.92,1.95,27.8,MB-2.0,-1.604,-1.304,-1.327,-1.487,-1.599,1.922,2.623,1.663,0.251,0.865,0,none,0
S01589,Leuven,KA-100,64,M,current,0,high,0,31.3,105.5,5.62,4.37,2.4,0.46,1.71,24.6,MB-2.0,1.142,0.983,-0.49,1.35,0.956,-0.744,-0.79,-0.461,0.794,0.194,0,diabetes service,0
S01590,Porto,KB-200,57,M,former,0,high,0,31.2,110.7,5.59,5.72,8.4,2.13,1.86,41.4,MB-2.0,0.507,-0.892,-0.079,-0.658,1.172,2.101,0.477,0.345,0.406,0.628,0,none,0
S01591,Tartu,KA-100,63,F,former,0,high,0,27.6,82.1,5.3,4.75,3.5,0.74,2.33,16.5,MB-2.0,0.917,0.169,1.218,1.372,0.774,-1.34,-1.155,-0.901,0.093,0.561,1,dietitian,0
S01592,Uppsala,KB-200,58,M,never,0,low,0,30.9,108.8,5.91,5.29,,,0.99,38.2,MB-2.0,-0.248,0.134,0.978,2.352,1.437,0.388,-1.043,-1.333,-0.114,0.048,0,dietitian,0
S01593,Porto,KB-200,49,M,former,0,high,0,24.7,90.4,5.3,4.79,,,1.51,28.2,MB-2.0,0.071,0.762,1.354,-1.834,-0.01,0.463,-0.988,-1.007,-0.479,-0.048,0,none,0
S01594,Aarhus,KA-100,55,F,never,0,high,0,26.3,70.6,5.42,4.57,2.9,0.59,2.21,28.7,MB-2.0,0.705,0.607,0.957,1.079,0.379,-1.587,-0.691,-0.355,0.17,-0.754,0,none,0
S01595,Aarhus,KA-100,71,M,former,0,high,0,19.0,83.0,5.18,4.95,4.7,1.04,2.17,37.7,MB-2.0,0.08,0.366,1.178,-0.861,0.666,-0.073,-0.657,0.071,-0.13,-0.314,0,none,0
S01596,Aarhus,KA-100,62,F,former,0,high,1,23.0,68.8,5.79,5.11,5.3,1.21,1.6,25.9,MB-2.0,2.271,2.504,2.383,2.47,2.469,-1.98,-2.356,-2.175,-0.471,0.391,1,none,0
S01597,Aarhus,KA-100,50,F,former,1,high,0,30.5,80.4,5.46,5.4,3.7,0.9,1.93,14.7,MB-2.0,0.449,0.525,0.867,0.126,0.154,-0.145,-0.554,-1.013,-0.472,0.053,0,none,0
S01598,Aarhus,KA-100,50,M,current,0,moderate,0,29.2,96.8,5.31,5.89,10.0,2.63,1.49,28.3,MB-2.0,0.645,1.122,0.981,0.512,-0.091,-1.231,-0.654,-0.361,-0.385,0.082,0,none,0
S01599,Uppsala,KB-200,62,M,current,0,moderate,0,21.8,79.3,5.58,5.45,11.0,2.65,1.43,31.6,MB-2.0,-0.017,-0.099,0.975,-1.078,0.825,-0.308,0.004,-0.429,0.19,-0.31,0,none,0
S01600,Leuven,KA-100,64,M,never,0,high,0,24.0,90.8,5.2,5.39,3.7,0.89,1.93,34.9,MB-2.0,1.44,1.501,1.98,1.126,1.392,-1.239,-1.795,-1.711,0.248,1.225,0,none,0
S01601,Uppsala,KB-200,53,F,never,0,high,0,23.4,70.9,5.46,5.65,3.8,0.96,2.07,26.8,MB-2.0,-1.758,0.697,-0.656,-1.418,0.333,-0.061,1.273,1.622,-0.287,-0.926,0,none,0
S01602,Aarhus,KA-100,65,M,former,0,high,0,26.1,87.2,5.43,4.93,6.3,1.38,1.53,36.4,MB-2.0,1.616,1.261,1.735,1.298,1.529,-2.339,-1.842,-0.946,-0.609,-1.032,0,none,0
S01603,Tartu,KA-100,50,F,never,0,high,1,21.6,73.3,5.81,5.37,8.3,1.98,1.51,23.8,MB-2.0,1.209,0.909,1.536,1.309,0.929,-1.193,-0.914,-0.759,-0.31,-0.053,0,none,0
S01604,Leuven,KA-100,71,F,never,0,high,0,24.9,68.7,5.7,5.5,8.1,1.98,1.47,22.5,MB-2.0,1.181,1.532,0.453,1.76,0.902,-1.11,-1.039,-1.524,0.314,-0.315,0,none,0
S01605,Porto,KB-200,58,M,never,0,high,0,29.0,99.3,5.46,5.09,7.8,1.76,1.52,41.3,MB-2.0,0.264,0.81,0.982,-1.766,0.152,-1.032,-0.449,-0.643,0.723,-0.284,0,none,0
S01606,Leuven,KA-100,56,M,former,0,high,0,23.4,84.0,5.21,4.32,3.6,0.69,1.75,34.9,MB-2.0,0.88,2.186,1.481,1.265,2.357,-2.263,-1.029,-1.42,-0.332,0.454,0,none,0
S01607,Aarhus,KA-100,66,M,never,0,high,0,28.4,95.0,5.83,5.45,,,1.41,38.5,MB-2.0,-0.694,-0.299,-0.51,0.379,-0.065,0.293,0.325,0.032,-0.138,-0.588,0,diabetes service,0
S01608,Aarhus,KA-100,59,F,current,0,moderate,0,28.6,87.2,5.23,5.66,4.8,1.22,2.19,28.4,MB-2.0,0.843,-0.378,0.317,0.087,0.705,0.484,0.37,-0.715,0.556,0.479,0,none,0
S01609,Tartu,KA-100,71,M,never,1,moderate,0,30.7,100.0,5.53,5.46,5.9,1.44,0.98,24.4,MB-2.0,-1.476,-1.49,-1.996,-1.183,-1.54,1.29,0.788,1.198,-0.04,0.385,0,none,0
S01610,Tartu,KA-100,49,F,current,0,high,0,31.1,87.6,5.66,5.52,5.8,1.43,2.08,31.3,MB-2.0,0.994,0.237,1.42,1.085,0.151,-0.926,-0.081,-1.449,-0.747,-0.113,0,none,0
S01611,Porto,KB-200,62,M,never,0,high,1,27.6,95.2,5.7,4.93,2.2,0.49,1.95,29.0,MB-2.0,-1.544,-0.099,-0.618,-1.476,-2.024,0.276,0.763,0.966,-0.631,-0.264,0,none,0
S01612,Uppsala,KB-200,65,M,never,1,high,0,30.2,98.4,5.4,4.6,6.1,1.25,1.74,32.5,MB-2.0,0.595,1.02,0.824,-0.577,0.756,0.592,-0.288,-0.824,-0.933,0.628,1,none,0
S01613,Leuven,KA-100,57,F,former,0,high,0,32.6,92.3,5.8,6.5,3.6,1.03,1.96,16.0,MB-2.0,-0.773,-0.611,-1.083,-1.043,-0.177,1.038,0.267,0.479,0.147,-0.367,0,none,0
S01614,Porto,KB-200,74,M,former,1,high,0,24.2,74.4,5.19,5.01,3.0,0.66,1.4,34.3,MB-2.0,-0.367,-0.203,1.969,0.807,0.652,-0.207,-1.119,-1.606,-0.473,0.389,0,dietitian,0
S01615,Porto,KB-200,47,M,never,1,high,0,23.5,78.7,5.24,5.24,,,1.43,30.5,MB-2.0,-1.099,-0.461,2.779,-1.152,-1.05,-1.268,-2.185,-2.316,-0.069,-0.014,0,none,0
S01616,Aarhus,KA-100,79,M,never,0,high,0,25.4,82.8,5.33,5.15,3.7,0.85,1.56,27.1,MB-2.0,0.9,1.217,0.872,0.336,0.708,-1.488,-1.643,0.074,0.561,-0.039,0,none,0
S01617,Aarhus,KA-100,79,M,never,0,high,0,20.6,69.2,5.3,6.29,5.2,1.46,0.82,30.2,MB-2.0,1.38,1.341,0.93,2.362,1.536,-1.899,-1.843,-2.144,-0.158,0.114,0,dietitian,0
S01618,Leuven,KA-100,58,M,never,0,moderate,0,34.2,112.0,5.26,4.49,6.8,1.35,1.12,17.1,MB-2.0,0.63,-0.05,0.372,-0.462,0.501,-0.78,-0.58,-0.123,0.368,-0.095,0,none,0
S01619,Aarhus,KA-100,63,M,never,0,moderate,0,29.0,94.3,5.43,5.43,8.7,2.11,1.53,14.6,MB-2.0,0.62,0.68,1.238,0.657,0.907,-0.812,-0.873,-1.128,-0.641,-0.335,0,none,0
S01620,Uppsala,KB-200,46,F,former,0,high,1,20.4,67.7,5.19,5.53,7.6,1.86,1.91,35.9,MB-2.0,-1.313,-2.183,0.038,-1.822,-1.812,-0.034,0.181,-0.128,0.529,0.201,0,none,0
S01621,Aarhus,KA-100,66,F,never,0,high,0,24.5,68.4,5.19,4.37,5.2,1.0,1.93,35.9,MB-2.0,-0.205,0.284,-1.099,-0.396,-0.848,1.015,0.481,-0.729,0.073,-0.062,0,none,0
S01622,Porto,KB-200,52,F,former,0,high,0,26.8,75.3,5.41,5.25,2.8,0.66,2.14,31.7,MB-2.0,1.747,1.324,0.096,-2.317,0.206,0.566,-0.026,-0.389,-0.729,-0.318,0,none,0
S01623,Tartu,KA-100,41,F,former,0,moderate,0,27.1,80.4,5.37,5.12,6.4,1.45,2.2,31.7,MB-2.0,1.434,1.507,1.382,0.331,1.818,-1.675,-1.401,-1.386,0.718,-0.439,0,none,0
S01624,Porto,KB-200,57,F,former,0,high,0,23.6,80.5,5.58,5.35,3.1,0.74,2.14,43.7,MB-2.0,-0.564,-0.028,0.153,-1.327,0.475,-0.307,0.4,0.871,-0.07,0.265,0,none,0
S01625,Tartu,KA-100,62,F,never,0,low,0,29.2,70.7,6.09,6.39,12.3,3.48,1.27,23.6,MB-2.0,-0.766,-0.822,-0.867,0.18,-0.444,1.054,0.423,-0.108,-0.462,0.158,0,diabetes service,1
S01626,Leuven,KA-100,52,F,current,0,high,0,32.8,97.8,5.84,5.25,8.7,2.04,1.46,27.0,MB-2.0,-1.612,-1.668,-0.737,-1.157,-1.262,1.083,1.088,1.089,-0.321,-0.235,0,none,0
S01627,Uppsala,KB-200,64,F,former,0,high,0,30.8,90.5,6.09,5.27,6.4,1.5,1.14,25.6,MB-2.0,-0.442,1.055,0.923,0.798,0.292,0.611,-0.352,-1.449,0.449,0.277,0,dietitian,0
S01628,Aarhus,KA-100,60,F,never,0,high,0,23.0,74.5,5.51,4.89,6.7,1.45,2.31,19.5,MB-2.0,0.107,-0.238,-0.457,-0.635,-0.094,0.272,0.713,0.245,0.013,-0.093,0,none,0
S01629,Uppsala,KB-200,37,F,current,0,high,0,36.7,109.1,5.46,4.42,3.1,0.6,1.59,29.6,MB-2.0,-0.423,0.365,0.417,-0.796,0.842,0.052,0.182,0.245,0.095,0.041,0,none,0
S01630,Tartu,KA-100,58,F,former,0,moderate,0,24.7,71.0,5.38,6.06,,,1.59,28.5,MB-2.0,3.04,1.777,3.201,2.069,2.145,-1.767,-2.187,-1.733,-0.628,0.024,0,none,0
S01631,Leuven,KA-100,69,F,former,0,moderate,0,28.1,82.2,5.29,5.45,2.2,0.54,1.22,35.6,MB-2.0,2.269,3.175,2.548,3.029,2.901,-2.52,-2.097,-2.103,-0.185,-0.257,0,none,0
S01632,Tartu,KA-100,64,M,never,0,high,0,26.8,88.6,5.57,4.81,4.7,1.0,1.47,29.9,MB-2.0,1.026,1.388,0.192,1.142,0.702,-0.362,-0.485,-0.288,0.182,0.103,1,diabetes service,1
S01633,Tartu,KA-100,55,F,current,0,high,0,19.9,73.7,5.4,4.68,6.0,1.24,1.98,32.9,MB-2.0,1.485,2.138,2.259,2.706,2.176,-1.296,-1.192,-1.162,-0.462,0.172,0,dietitian,0
S01634,Tartu,KA-100,59,F,former,0,high,0,33.0,89.5,5.8,5.54,4.0,0.98,1.71,15.1,MB-2.0,1.712,1.537,1.77,1.325,2.032,-1.456,-1.58,-1.508,-0.255,-0.496,0,none,0
S01635,Tartu,KA-100,55,M,current,0,high,0,25.5,73.6,5.52,5.79,5.3,1.36,0.88,21.3,MB-2.0,1.05,1.264,0.663,1.384,2.665,-1.558,-2.176,-1.385,0.208,-0.345,0,none,0
S01636,Tartu,KA-100,50,F,current,0,high,0,30.7,85.4,5.24,5.04,2.9,0.65,1.89,25.8,MB-2.0,0.228,0.673,0.711,0.49,0.589,-0.599,-0.777,-0.153,0.508,0.69,0,none,0
S01637,Porto,KB-200,50,M,never,0,high,0,22.9,83.7,5.42,4.75,4.1,0.88,1.23,40.9,MB-2.0,0.618,-0.452,-0.669,-1.231,-0.994,-0.887,-0.045,0.69,-0.867,-0.492,0,none,0
S01638,Uppsala,KB-200,55,M,never,0,high,0,22.3,77.8,5.47,4.37,5.7,1.11,1.99,31.4,MB-2.0,0.196,0.847,2.532,-0.066,-0.109,-0.021,-1.704,-1.751,0.198,-0.649,0,none,0
S01639,Porto,KB-200,58,F,never,1,high,0,26.3,73.9,5.18,5.09,4.6,1.03,2.01,39.5,MB-2.0,0.527,0.41,1.786,-0.35,0.308,0.87,-1.198,-1.943,0.171,0.834,0,none,0
S01640,Tartu,KA-100,64,M,current,0,high,0,28.3,95.9,5.26,4.87,3.1,0.68,1.91,38.5,MB-2.0,1.992,1.948,0.819,1.154,2.034,-0.783,-1.323,-1.675,-0.543,0.119,0,none,0
S01641,Tartu,KA-100,55,M,current,0,high,1,20.2,74.3,5.65,5.44,6.8,1.65,1.58,38.9,MB-2.0,-1.939,-1.44,-2.193,-1.015,-1.627,2.0,0.985,1.15,0.401,0.441,1,dietitian,1
S01642,Aarhus,KA-100,57,M,former,0,low,0,36.2,114.6,5.72,5.7,5.4,1.36,1.7,,MB-2.0,2.376,2.098,2.748,1.182,2.395,-1.36,-2.235,-2.408,-0.408,-0.048,0,none,0
S01643,Uppsala,KB-200,55,M,never,1,high,0,31.3,112.1,5.82,5.61,2.1,0.53,1.32,23.8,MB-2.0,0.025,-0.463,-1.217,-1.276,0.172,1.174,0.631,1.074,-0.331,0.184,0,diabetes service,0
S01644,Aarhus,KA-100,79,M,never,0,moderate,0,29.2,101.7,5.54,4.49,4.9,0.97,1.89,29.2,MB-2.0,0.041,0.003,0.215,0.146,0.676,0.688,0.511,0.134,0.499,0.396,0,none,0
S01645,Porto,KB-200,72,F,never,0,high,0,23.6,69.7,5.58,4.68,2.9,0.61,2.04,36.9,MB-2.0,1.771,0.508,4.112,1.087,0.643,-1.512,-3.899,-3.56,-0.595,-0.015,0,none,0
S01646,Uppsala,KB-200,70,F,current,0,moderate,0,29.2,84.8,5.43,5.31,,,2.38,25.1,MB-2.0,-0.808,-1.294,1.137,-0.963,-0.955,1.27,-1.582,-0.647,0.384,-0.779,0,none,0
S01647,Uppsala,KB-200,55,M,never,0,moderate,0,29.0,94.2,5.8,4.96,7.7,1.7,1.32,24.9,MB-2.0,-0.293,-1.542,-1.431,-2.037,-0.663,0.782,1.277,0.929,0.115,0.235,0,none,0
S01648,Tartu,KA-100,68,M,never,0,high,0,25.6,84.8,5.34,4.5,6.2,1.24,1.8,33.7,MB-2.0,0.814,0.672,1.794,1.451,1.239,-0.661,-0.85,-1.42,0.079,-0.983,0,none,0
S01649,Porto,KB-200,70,M,never,0,high,0,28.5,99.5,5.43,5.0,2.4,0.54,2.12,38.4,MB-2.0,0.118,1.205,-0.061,-1.373,-0.172,0.154,-1.008,-0.9,-0.121,0.238,0,none,0
S01650,Leuven,KA-100,63,M,never,1,moderate,0,21.1,73.3,5.52,5.53,8.2,2.01,1.59,28.2,MB-2.0,-1.501,-1.32,-1.245,-1.426,-1.068,1.01,1.23,1.456,-0.155,0.05,1,diabetes service,1
S01651,Uppsala,KB-200,47,F,former,0,moderate,0,36.3,115.3,5.72,6.44,4.4,1.25,1.83,23.0,MB-2.0,-0.488,0.988,1.905,0.738,-0.346,-1.111,-2.465,-2.519,0.23,-0.349,0,none,0
S01652,Leuven,KA-100,64,F,never,0,moderate,0,26.0,81.2,5.45,5.53,8.1,1.98,1.61,31.6,MB-2.0,1.713,0.953,-0.009,1.119,1.305,-0.948,-1.157,-0.171,0.11,-0.339,0,dietitian,0
S01653,Leuven,KA-100,58,M,never,0,high,0,22.1,80.5,5.63,5.16,10.3,2.36,0.83,26.7,MB-2.0,2.917,2.284,2.888,2.501,2.966,-1.997,-2.464,-1.824,0.017,0.633,0,none,0
S01654,Uppsala,KB-200,69,M,former,1,moderate,0,20.3,74.4,5.34,5.73,5.4,1.37,1.7,30.2,MB-2.0,0.652,1.32,0.118,-1.045,-0.453,0.936,0.014,-1.056,-0.052,-0.045,0,none,0
S01655,Aarhus,KA-100,63,M,never,0,high,0,23.8,84.3,5.35,5.51,,,1.81,20.5,MB-2.0,1.271,-0.404,-0.097,0.971,0.518,0.122,-0.726,-0.088,-0.306,-0.029,0,none,0
S01656,Porto,KB-200,54,M,former,0,high,1,26.4,90.8,5.56,5.12,6.9,1.57,0.84,33.1,MB-2.0,-1.391,0.506,4.282,-0.343,1.148,0.879,-3.711,-3.059,-0.439,-0.109,0,none,0
S01657,Porto,KB-200,53,M,former,0,moderate,0,25.3,74.5,5.34,4.61,8.6,1.76,1.48,31.6,MB-2.0,0.483,1.059,1.503,-1.51,-1.396,-0.868,-0.909,-1.478,-0.086,0.063,0,none,0
S01658,Aarhus,KA-100,55,F,former,1,high,0,25.8,67.2,6.04,5.66,2.2,0.55,1.66,20.9,MB-2.0,1.725,1.453,1.42,1.185,1.219,-1.855,-0.353,-1.512,-0.551,0.158,0,dietitian,0
S01659,Porto,KB-200,52,F,former,1,moderate,0,25.5,74.3,5.65,5.08,,,1.32,26.7,MB-2.0,-1.059,0.824,-0.979,0.039,-0.543,1.416,1.75,1.592,-0.203,-0.35,0,none,0
S01660,Tartu,KA-100,59,F,former,0,high,1,29.5,90.8,5.73,5.62,,,1.83,31.6,MB-2.0,1.529,1.665,1.335,1.493,1.445,-1.171,-1.794,-1.785,-0.159,-0.26,0,none,0
S01661,Porto,KB-200,66,F,never,0,high,0,25.6,75.9,5.21,4.79,2.6,0.56,1.91,41.7,MB-2.0,0.736,0.857,3.714,0.138,0.95,0.135,-2.677,-3.338,-0.165,0.382,0,none,0
S01662,Aarhus,KA-100,48,M,former,0,high,0,24.8,80.5,5.21,4.53,5.8,1.17,1.77,34.8,MB-2.0,0.373,0.544,0.443,0.43,1.361,-0.864,0.441,-0.287,-0.587,-0.208,0,none,0
S01663,Leuven,KA-100,65,M,never,0,high,0,25.4,78.8,5.42,4.76,5.1,1.08,1.81,26.4,MB-2.0,0.228,1.013,-0.008,-0.622,0.178,0.441,-0.592,-0.2,0.18,-0.247,0,none,0
S01664,Porto,KB-200,68,M,never,0,high,0,23.2,74.6,5.17,5.0,,,1.28,27.3,MB-2.0,0.566,0.731,2.455,-1.405,1.968,-1.511,-1.6,-3.033,0.209,0.812,0,none,0
S01665,Leuven,KA-100,48,F,never,0,high,0,26.3,70.3,5.45,4.4,3.5,0.69,1.68,30.0,MB-2.0,-2.181,-1.688,-2.455,-1.535,-1.506,1.586,2.337,1.688,-0.234,0.117,0,none,0
S01666,Leuven,KA-100,64,F,never,0,high,0,24.5,77.8,5.27,4.65,5.0,1.03,2.06,29.0,MB-2.0,1.624,1.696,1.885,1.968,1.447,-0.706,-1.582,-1.525,0.219,-0.276,0,none,0
S01667,Porto,KB-200,65,F,never,0,moderate,0,28.0,90.3,5.41,4.7,7.9,1.65,1.43,32.5,MB-2.0,1.234,-0.061,0.954,-0.777,0.242,-0.208,-1.433,-1.441,-0.395,0.089,0,none,0
S01668,Aarhus,KA-100,50,M,former,0,high,0,29.5,107.6,5.33,5.14,5.6,1.29,1.68,41.7,MB-2.0,0.12,-1.168,-1.467,0.65,-0.199,0.897,0.526,-0.282,0.598,0.995,1,diabetes service,1
S01669,Uppsala,KB-200,57,M,never,0,high,0,25.3,83.7,5.37,5.03,,,1.55,30.6,MB-2.0,-1.913,0.928,-0.589,-1.803,0.138,0.705,0.906,0.846,-0.364,0.2,0,none,0
S01670,Tartu,KA-100,69,F,never,0,high,0,30.0,84.4,5.82,4.51,,,1.69,20.6,MB-2.0,1.109,0.227,0.304,0.465,0.468,0.109,-0.219,-0.224,0.186,0.147,0,none,0
S01671,Tartu,KA-100,59,M,never,0,high,0,28.5,101.9,5.2,4.53,7.8,1.57,1.39,30.9,MB-2.0,0.667,1.754,1.118,0.44,1.126,-1.358,-0.03,-0.596,-0.046,0.057,1,diabetes service,1
S01672,Leuven,KA-100,63,F,former,0,high,1,22.0,70.4,5.33,5.01,5.3,1.19,1.81,33.2,MB-2.0,-0.101,-0.293,-0.395,0.605,-0.535,0.891,0.419,0.258,-0.873,0.389,0,none,0
S01673,Tartu,KA-100,57,F,never,0,high,1,25.5,72.1,5.2,4.93,6.2,1.36,1.82,23.4,MB-2.0,-2.896,-3.531,-3.564,-4.213,-2.662,2.881,2.351,2.695,0.042,0.426,0,none,0
S01674,Porto,KB-200,57,F,current,0,moderate,0,20.9,69.4,5.53,4.75,8.1,1.71,1.21,30.0,MB-2.0,-1.349,0.732,-1.654,0.979,-1.981,0.899,1.233,0.787,-0.21,-0.015,0,none,0
S01675,Uppsala,KB-200,57,F,never,0,high,0,23.2,72.9,5.15,4.72,2.1,0.43,2.36,32.9,MB-2.0,0.671,1.414,1.247,0.51,0.593,0.134,-1.386,-0.981,0.095,0.041,0,none,0
S01676,Leuven,KA-100,67,M,former,1,moderate,0,33.6,112.7,5.92,5.93,14.7,3.88,0.93,26.6,MB-2.0,0.102,-0.094,-0.373,-0.052,-0.959,0.425,-0.265,0.733,0.088,0.003,0,none,0
S01677,Aarhus,KA-100,73,M,former,0,high,0,36.5,120.6,5.33,5.7,3.6,0.91,1.38,32.0,MB-2.0,-0.815,-0.831,-0.729,-1.217,-1.004,1.178,1.253,0.273,0.183,-0.143,0,none,0
S01678,Uppsala,KB-200,45,F,never,0,high,0,28.5,78.0,5.25,5.36,3.5,0.83,1.84,35.4,MB-2.0,-0.287,-1.019,-1.43,-2.28,-0.17,1.244,1.699,1.775,0.122,-0.188,0,none,0
S01679,Porto,KB-200,52,M,never,0,high,0,23.9,78.7,5.26,4.6,3.9,0.81,1.31,36.7,MB-2.0,-0.455,-0.01,-0.672,-0.962,-0.42,-0.704,0.185,-0.473,0.674,0.794,0,none,0
S01680,Leuven,KA-100,57,M,never,0,high,1,25.4,89.6,5.35,4.77,5.3,1.13,1.38,32.6,MB-2.0,0.631,-0.501,0.518,0.57,-0.502,0.605,0.386,-0.409,-0.294,0.189,0,none,0
S01681,Leuven,KA-100,74,F,never,0,moderate,0,29.2,88.7,5.47,5.02,3.3,0.73,1.25,,MB-2.0,-0.008,-1.36,-0.307,-0.68,0.181,0.116,0.19,0.785,0.215,-0.16,0,none,0
S01682,Uppsala,KB-200,59,M,never,0,moderate,0,23.9,83.2,5.65,5.11,6.8,1.54,1.83,25.2,MB-2.0,0.419,0.121,-0.962,-0.523,0.203,0.916,1.175,-0.298,-0.477,-0.11,0,none,0
S01683,Porto,KB-200,67,M,current,0,high,0,23.5,84.3,5.42,5.39,3.8,0.9,1.67,41.8,MB-2.0,0.014,-0.142,-0.83,-2.257,-0.14,0.867,0.902,0.386,0.417,-0.359,0,none,0
S01684,Leuven,KA-100,62,F,current,1,moderate,0,31.2,95.8,5.62,5.43,2.6,0.62,2.1,37.8,MB-2.0,-0.46,-0.272,0.464,0.126,-0.649,0.437,0.109,0.609,0.002,0.031,0,none,0
S01685,Tartu,KA-100,61,M,never,0,high,0,25.5,89.7,5.21,4.59,3.0,0.6,1.92,35.6,MB-2.0,2.009,2.413,3.386,1.88,1.824,-2.762,-1.665,-1.967,-0.829,0.259,0,none,0
S01686,Uppsala,KB-200,60,F,former,1,high,0,24.8,85.1,5.4,6.16,7.4,2.03,1.68,22.7,MB-2.0,-0.649,-1.271,-0.496,-0.7,0.532,-1.131,-0.561,-0.014,0.85,0.348,0,none,0
S01687,Uppsala,KB-200,45,M,current,0,high,0,23.3,84.3,5.3,5.44,5.6,1.36,1.99,35.9,MB-2.0,-1.887,0.231,1.687,-0.063,-0.126,-1.039,-0.902,-0.96,0.188,0.377,0,none,0
S01688,Leuven,KA-100,53,F,never,1,high,0,26.7,71.5,5.36,5.34,,,1.6,27.7,MB-2.0,0.399,0.535,0.494,0.16,0.712,-0.402,-0.796,-0.71,-0.199,-0.421,0,none,0
S01689,Aarhus,KA-100,70,F,current,0,high,0,25.0,68.4,5.63,4.57,6.3,1.28,1.63,20.4,MB-2.0,-1.611,-0.408,-1.456,-0.384,-1.647,1.212,0.805,1.371,-0.017,0.858,1,dietitian,1
S01690,Uppsala,KB-200,73,F,never,0,high,0,29.3,94.4,5.51,5.63,14.7,3.68,1.58,25.4,MB-2.0,0.403,1.493,1.904,1.065,1.056,1.061,-1.153,-1.584,0.117,0.064,0,none,0
S01691,Aarhus,KA-100,51,F,former,0,high,1,29.4,87.1,5.16,4.59,2.3,0.47,1.57,29.6,MB-2.0,-2.098,-2.087,-2.097,-1.524,-2.479,1.539,1.6,1.172,0.17,0.554,0,none,0
S01692,Tartu,KA-100,56,F,never,0,moderate,1,20.7,70.2,5.42,5.09,,,1.99,29.9,MB-2.0,0.148,1.912,0.303,0.887,-0.14,-0.411,-0.564,-0.631,0.008,0.147,0,none,0
S01693,Tartu,KA-100,58,M,never,0,high,0,25.8,83.4,5.3,5.31,4.0,0.95,1.73,24.2,MB-2.0,0.11,0.014,-0.015,-0.24,0.523,0.408,-0.32,-0.079,0.262,0.392,0,none,0
S01694,Leuven,KA-100,61,F,former,1,high,0,25.2,69.0,5.74,4.78,6.2,1.31,1.66,35.9,MB-2.0,1.531,1.629,1.339,1.909,1.593,-0.611,-1.017,-1.953,-0.823,0.122,0,diabetes service,0
S01695,Uppsala,KB-200,58,M,never,1,moderate,0,34.9,118.1,5.51,5.38,,,1.2,22.4,MB-2.0,-1.215,-0.957,-0.682,-0.763,0.399,0.517,0.809,-0.262,0.407,0.128,1,dietitian,1
S01696,Porto,KB-200,50,M,never,0,moderate,0,30.4,103.8,5.25,6.5,3.0,0.88,1.57,23.3,MB-2.0,0.968,-1.083,1.512,-1.429,1.021,-0.44,-1.97,-2.324,-0.135,-0.011,0,none,0
S01697,Uppsala,KB-200,56,M,never,0,low,0,31.4,98.9,5.82,4.78,3.0,0.63,1.4,24.0,MB-2.0,-0.936,0.001,1.279,-2.592,-0.156,0.53,-1.268,-1.09,-0.498,-0.491,0,none,0
S01698,Uppsala,KB-200,61,F,never,0,moderate,0,26.1,75.2,5.24,4.7,7.0,1.46,1.89,32.3,MB-2.0,-0.749,0.599,1.17,-1.346,-0.014,0.088,-0.141,-0.806,-0.362,0.123,1,none,0
S01699,Aarhus,KA-100,49,M,never,0,high,0,29.4,105.1,5.24,5.07,,,1.97,33.9,MB-2.0,-1.103,-1.201,-0.978,-0.853,-1.4,1.262,1.336,0.461,-0.278,0.01,0,dietitian,0
S01700,Porto,KB-200,37,F,never,0,high,0,27.9,76.5,5.29,5.4,,,1.64,31.8,MB-2.0,-0.567,1.884,0.625,-1.57,1.454,0.666,-0.247,-0.516,-0.36,0.017,0,none,0
S01701,Leuven,KA-100,65,F,never,0,high,0,22.9,73.7,5.82,5.46,4.0,0.98,1.57,27.5,MB-2.0,0.235,0.275,-0.163,-0.001,0.4,0.211,-0.537,1.184,-1.034,0.536,1,none,0
S01702,Aarhus,KA-100,67,F,former,1,high,0,31.7,94.0,5.69,5.6,13.0,3.23,1.88,20.5,MB-2.0,0.209,0.481,0.826,0.776,0.529,-0.109,-0.503,-0.02,-0.223,0.123,0,dietitian,0
S01703,Leuven,KA-100,68,M,current,0,high,0,21.9,70.3,5.17,4.36,2.8,0.54,2.26,22.9,MB-2.0,1.604,1.359,1.318,1.5,2.016,-1.483,-1.358,-1.412,0.05,-0.075,0,none,0
S01704,Leuven,KA-100,55,M,never,0,high,0,22.8,78.3,5.31,5.2,5.6,1.28,1.41,18.7,MB-2.0,2.062,1.824,1.718,2.048,1.781,-1.111,-1.372,-1.533,0.211,-0.331,0,none,0
S01705,Porto,KB-200,53,M,former,0,high,0,27.2,97.2,5.16,4.84,3.8,0.82,1.98,29.0,MB-2.0,0.516,-0.22,0.066,-0.118,0.098,1.343,-0.109,0.392,1.183,0.315,0,none,0
S01706,Uppsala,KB-200,69,M,former,0,high,0,33.7,108.8,5.48,6.57,4.6,1.34,1.25,22.9,MB-2.0,-1.46,-0.44,0.966,0.178,-0.565,-0.338,-0.404,-0.942,0.715,0.124,1,diabetes service,1
S01707,Aarhus,KA-100,51,F,former,0,high,0,26.0,75.8,5.66,5.0,3.5,0.78,2.11,25.4,MB-2.0,1.737,2.448,2.352,1.144,1.403,-1.329,-1.391,-1.32,0.617,0.295,0,none,0
S01708,Tartu,KA-100,50,M,current,0,high,0,28.1,95.8,5.27,4.33,,,1.62,15.0,MB-2.0,-1.019,-0.531,-0.936,-0.549,-0.42,0.332,0.792,0.482,-0.099,0.539,0,none,0
S01709,Aarhus,KA-100,54,M,never,0,high,0,26.1,83.7,5.3,6.75,3.2,0.95,1.71,25.3,MB-2.0,1.615,1.359,1.535,1.281,1.703,-1.097,-0.599,-0.767,0.815,-0.153,1,none,0
S01710,Aarhus,KA-100,69,F,never,0,high,0,28.1,88.5,5.45,5.85,,,1.81,33.4,MB-2.0,1.504,1.005,1.159,0.722,1.155,-1.075,-1.107,-1.399,0.163,0.125,0,none,0
S01711,Tartu,KA-100,51,M,never,0,high,1,26.1,93.8,5.17,6.07,5.1,1.37,1.82,32.1,MB-2.0,0.841,-0.178,0.789,-0.303,-0.51,0.4,-0.027,0.092,-0.05,-0.257,0,none,0
S01712,Leuven,KA-100,70,F,former,0,high,0,30.3,89.5,5.27,5.49,10.6,2.58,1.23,25.0,MB-2.0,0.836,1.05,1.861,1.516,1.56,-0.494,-0.955,-1.333,0.696,-0.49,0,none,0
S01713,Leuven,KA-100,64,F,never,1,moderate,0,29.9,81.3,5.83,5.97,,,1.55,,MB-2.0,0.185,1.146,0.695,1.271,0.438,-0.818,-1.146,-0.066,0.267,-0.206,0,none,0
S01714,Leuven,KA-100,73,M,current,0,high,0,22.5,85.6,5.21,5.97,2.9,0.76,1.48,28.5,MB-2.0,-0.02,0.162,-0.336,-0.523,-0.722,-0.347,0.339,0.35,0.296,-0.063,0,none,0
S01715,Leuven,KA-100,65,F,never,0,high,0,33.0,91.7,5.82,5.29,6.7,1.57,1.42,35.6,MB-2.0,-1.004,-0.704,-0.147,0.014,-0.032,0.568,0.722,0.041,-0.073,-0.51,0,none,0
S01716,Porto,KB-200,61,M,never,0,high,0,19.8,65.1,5.58,5.89,14.0,3.67,1.55,24.4,MB-2.0,-0.246,0.198,0.072,-3.896,-0.706,-0.38,0.633,0.569,-0.617,0.114,0,none,0
S01717,Aarhus,KA-100,55,F,never,0,high,0,21.8,68.5,5.21,4.73,2.4,0.51,1.71,37.8,MB-2.0,1.304,1.256,2.385,1.531,2.481,-1.43,-1.184,-1.952,-0.706,0.565,0,none,0
S01718,Aarhus,KA-100,72,F,former,0,moderate,0,30.4,86.5,5.22,4.82,3.2,0.68,1.82,26.0,MB-2.0,0.65,0.122,0.225,-0.211,-0.334,-0.165,-0.252,0.27,-0.287,0.322,0,none,0
S01719,Tartu,KA-100,60,F,never,0,moderate,1,28.8,80.5,5.64,5.78,3.3,0.85,1.84,21.7,MB-2.0,3.811,3.224,3.964,3.154,3.678,-1.974,-3.249,-3.011,-0.077,-0.126,0,none,0
S01720,Aarhus,KA-100,61,F,never,0,high,0,25.3,74.7,5.5,5.29,2.4,0.56,1.61,31.6,MB-2.0,-1.404,-1.921,-2.402,-2.597,-2.743,1.918,1.865,1.996,-0.242,-0.532,0,none,0
S01721,Aarhus,KA-100,37,M,never,0,high,0,38.6,125.6,5.37,5.38,2.4,0.58,1.35,36.8,MB-2.0,0.596,0.172,0.073,0.185,-0.256,0.136,-0.775,-0.178,0.718,0.069,1,none,0
S01722,Tartu,KA-100,52,F,former,0,high,0,19.0,65.0,5.16,5.55,2.2,0.55,1.73,33.4,MB-2.0,-0.222,0.129,0.225,-0.686,0.02,1.002,0.444,0.351,0.024,-0.068,0,none,0
S01723,Aarhus,KA-100,59,M,never,1,high,0,32.6,107.2,5.5,5.56,,,1.82,24.2,MB-2.0,-0.178,0.215,0.293,0.015,-0.073,0.394,0.116,-0.067,0.493,-0.263,0,none,0
S01724,Porto,KB-200,64,F,never,0,low,0,26.8,88.1,5.38,4.85,5.7,1.22,2.29,,MB-2.0,-1.605,0.053,-2.357,0.261,-1.405,0.752,2.988,2.03,0.145,-0.062,0,none,0
S01725,Tartu,KA-100,48,F,current,1,moderate,0,28.1,83.4,6.43,6.09,16.3,4.42,1.06,,MB-2.0,0.333,0.197,1.069,1.167,1.166,-0.695,-1.083,-1.207,0.22,0.647,0,none,0
S01726,Leuven,KA-100,54,M,never,0,high,0,26.4,80.1,5.83,5.55,6.2,1.53,1.38,21.8,MB-2.0,0.868,0.326,0.044,0.785,0.041,-0.286,-0.206,0.013,-0.37,-0.307,0,none,0
S01727,Tartu,KA-100,74,F,former,0,high,0,25.5,77.5,5.44,5.67,10.5,2.64,1.64,22.5,MB-2.0,0.421,1.101,1.619,0.962,0.977,-1.272,-1.183,-0.539,-0.1,0.321,0,dietitian,0
S01728,Porto,KB-200,64,M,current,0,high,1,29.2,97.2,5.27,5.97,4.1,1.08,1.1,15.9,MB-2.0,-2.342,0.798,-0.321,-1.58,-0.559,0.063,-0.342,0.267,0.236,-0.059,0,none,0
S01729,Aarhus,KA-100,49,F,former,0,high,0,24.1,76.8,5.37,5.59,2.3,0.58,1.74,32.2,MB-2.0,1.352,1.351,1.451,1.227,1.154,-1.391,-0.432,-1.51,-0.231,-0.483,0,none,0
S01730,Tartu,KA-100,67,M,never,0,high,0,20.8,65.8,5.15,5.15,3.3,0.75,1.76,24.6,MB-2.0,2.711,3.698,3.626,3.657,3.688,-3.475,-3.315,-2.913,-0.122,-0.376,0,none,0
S01731,Tartu,KA-100,52,M,never,0,high,0,19.2,65.2,5.31,5.02,,,1.32,23.8,MB-2.0,-0.579,-0.544,-0.041,-0.718,-0.035,-0.332,-0.436,0.342,0.623,-0.071,0,none,0
S01732,Uppsala,KB-200,50,F,current,0,high,0,23.5,71.1,5.27,4.7,5.5,1.15,1.74,30.1,MB-2.0,-0.907,0.435,1.803,-0.347,0.12,-0.241,-0.803,-0.877,0.118,-0.34,0,none,0
S01733,Leuven,KA-100,67,F,never,1,moderate,0,30.2,86.9,5.31,4.89,4.0,0.86,1.53,18.8,MB-2.0,0.062,0.054,0.25,0.092,0.387,-0.916,0.381,-0.223,0.316,-0.233,0,none,0
S01734,Tartu,KA-100,59,M,former,0,high,1,29.1,101.0,5.16,5.96,3.1,0.82,1.85,29.0,MB-2.0,-2.98,-2.501,-2.382,-2.762,-2.913,2.459,2.727,2.355,-0.37,0.199,0,diabetes service,0
S01735,Porto,KB-200,45,M,former,1,low,0,26.4,86.7,5.48,5.33,8.4,1.99,1.28,32.7,MB-2.0,-1.562,-0.303,-1.13,-2.753,-0.396,0.559,1.736,0.697,0.161,0.381,1,diabetes service,1
S01736,Uppsala,KB-200,48,F,never,0,moderate,0,30.5,85.3,5.17,5.3,2.8,0.66,1.78,23.7,MB-2.0,0.797,0.721,1.45,0.554,0.422,0.154,-1.75,-1.39,0.599,0.412,0,none,0
S01737,Uppsala,KB-200,55,F,current,0,high,0,22.3,66.3,5.6,5.4,8.6,2.06,1.68,29.1,MB-2.0,0.215,-0.065,0.194,-0.224,0.0,-0.042,-0.079,0.121,-0.332,-0.178,0,none,0
S01738,Aarhus,KA-100,39,M,never,0,high,0,24.2,90.9,5.35,4.97,9.1,2.01,1.34,27.2,MB-2.0,0.233,0.247,0.304,0.967,0.565,0.01,-0.544,0.333,0.21,0.566,0,none,0
S01739,Uppsala,KB-200,59,M,former,0,high,0,29.4,98.6,5.33,5.3,4.3,1.01,1.78,28.3,MB-2.0,-0.44,2.091,1.417,-2.831,1.058,0.743,-0.724,-0.327,-0.67,-0.066,0,none,0
S01740,Tartu,KA-100,59,F,former,0,high,0,25.1,65.9,5.66,4.36,2.5,0.49,2.21,35.8,MB-2.0,0.539,0.099,0.544,0.259,0.167,0.005,-0.081,0.719,-0.511,-0.0,0,none,0
S01741,Leuven,KA-100,59,F,former,0,low,0,24.7,78.1,5.27,5.58,6.6,1.63,1.45,28.4,MB-2.0,1.508,1.126,0.916,0.613,0.166,-0.705,-0.854,0.18,-0.779,0.121,0,none,0
S01742,Uppsala,KB-200,66,F,never,1,moderate,0,24.2,75.4,5.98,5.04,8.7,1.95,1.36,29.6,MB-2.0,-0.563,-1.331,-1.904,-0.837,-1.7,-0.182,1.882,0.364,0.259,0.095,1,diabetes service,1
S01743,Aarhus,KA-100,45,F,former,0,high,0,27.0,78.5,5.59,6.23,6.1,1.68,2.12,26.1,MB-2.0,0.953,0.856,0.566,0.034,0.912,-0.638,-0.014,0.087,0.583,-0.251,0,none,0
S01744,Tartu,KA-100,68,M,former,0,high,0,29.8,99.2,5.42,5.07,,,1.21,24.9,MB-2.0,3.494,3.386,2.567,2.907,3.084,-2.359,-2.268,-2.918,0.26,-0.89,0,none,0
S01745,Tartu,KA-100,57,M,former,0,high,0,28.4,95.7,5.16,5.09,4.6,1.05,1.48,29.2,MB-2.0,-0.355,-0.014,0.21,0.013,-0.426,-0.069,0.152,0.321,0.687,0.225,1,diabetes service,1
S01746,Aarhus,KA-100,45,F,current,0,high,0,27.4,90.1,5.56,5.48,2.2,0.53,1.91,41.7,MB-2.0,1.055,1.508,0.649,0.626,1.614,-0.891,-0.41,-0.086,0.432,1.1,0,none,0
S01747,Leuven,KA-100,42,M,current,0,high,0,36.5,118.9,5.47,5.46,10.2,2.48,1.41,21.9,MB-2.0,-0.043,0.543,0.134,0.659,0.382,-0.536,0.213,0.48,0.054,0.18,0,none,0
S01748,Tartu,KA-100,66,M,never,0,high,0,27.6,97.0,5.85,5.18,3.7,0.85,1.67,26.9,MB-2.0,2.186,1.982,2.741,2.695,2.702,-2.734,-1.976,-2.167,-0.073,1.065,0,none,0
S01749,Aarhus,KA-100,69,F,former,0,high,0,24.7,77.6,5.37,6.23,16.7,4.62,1.36,25.1,MB-2.0,2.402,3.071,2.417,2.055,2.656,-2.489,-1.936,-2.17,0.629,0.391,0,none,0
S01750,Tartu,KA-100,58,F,never,1,high,0,20.2,65.2,5.21,4.81,8.1,1.74,1.8,20.1,MB-2.0,2.674,1.955,2.003,1.931,2.448,-1.592,-2.113,-2.101,0.527,0.228,0,none,0
S01751,Tartu,KA-100,43,M,current,1,moderate,0,32.4,101.9,5.71,6.23,5.3,1.47,1.13,26.6,MB-2.0,1.442,1.526,1.44,1.342,0.979,-0.649,-0.965,-0.254,0.414,0.032,0,none,0
S01752,Aarhus,KA-100,54,M,former,0,high,0,28.4,103.1,5.25,4.89,3.2,0.68,1.8,32.1,MB-2.0,-1.137,-1.729,-1.519,-1.199,-1.133,0.925,0.439,0.96,-0.706,-0.253,1,none,0
S01753,Tartu,KA-100,79,F,current,0,low,0,32.5,97.8,5.43,5.93,,,1.59,28.9,MB-2.0,1.549,-0.248,1.341,0.931,0.825,-0.711,-0.808,-0.819,0.13,-0.686,0,none,0
S01754,Tartu,KA-100,56,F,current,0,high,0,28.1,85.4,5.22,5.02,3.4,0.75,2.16,22.2,MB-2.0,-0.171,-0.493,-0.215,0.634,-0.368,0.043,0.31,-0.315,-0.034,0.201,0,diabetes service,0
S01755,Uppsala,KB-200,67,M,former,0,high,0,26.0,90.6,5.25,4.72,3.9,0.82,0.99,20.5,MB-2.0,-0.876,-0.918,1.651,-0.673,0.152,-0.328,-1.284,-1.197,0.028,-0.697,0,none,0
S01756,Uppsala,KB-200,44,M,never,0,moderate,0,23.2,76.7,5.74,5.29,8.6,2.03,1.22,27.4,MB-2.0,0.012,-0.531,-0.879,-0.348,-0.61,0.825,0.58,0.808,-0.594,-0.207,0,none,0
S01757,Leuven,KA-100,59,M,former,0,high,0,22.3,81.2,5.44,5.26,5.8,1.36,1.62,34.5,MB-2.0,-0.086,0.464,-0.595,0.283,0.326,0.197,0.027,0.274,0.206,0.419,0,none,0
S01758,Leuven,KA-100,53,M,never,0,high,0,27.3,95.3,5.43,5.12,3.6,0.83,1.21,18.5,MB-2.0,1.299,0.945,0.893,0.303,1.18,0.081,-0.131,-0.964,-0.286,0.394,0,dietitian,0
S01759,Uppsala,KB-200,54,F,former,1,high,0,26.4,73.3,5.38,4.85,2.8,0.6,1.86,27.5,MB-2.0,0.275,-1.195,-0.959,-1.704,-1.612,1.142,0.525,1.519,-0.696,-0.419,0,none,0
S01760,Uppsala,KB-200,50,M,former,0,high,0,31.3,106.3,5.34,4.48,2.9,0.58,1.64,24.6,MB-2.0,-0.454,0.517,0.114,-1.848,-0.235,0.342,-0.434,-1.249,-0.217,0.928,0,none,0
S01761,Aarhus,KA-100,69,F,former,1,high,0,22.1,66.6,5.23,5.62,2.1,0.53,2.48,32.6,MB-2.0,1.491,1.937,2.03,1.677,1.742,-1.779,-0.653,-1.563,0.011,-0.063,0,none,0
S01762,Tartu,KA-100,50,M,never,0,high,0,28.5,95.0,5.7,5.05,5.9,1.33,1.51,20.9,MB-2.0,1.191,0.895,0.982,0.75,1.107,-1.74,-0.948,-0.419,-0.442,0.361,0,none,0
S01763,Aarhus,KA-100,53,M,former,0,moderate,0,28.5,91.9,5.17,5.37,3.4,0.8,1.83,31.6,MB-2.0,3.023,2.476,2.782,3.24,3.06,-2.423,-2.014,-2.457,0.057,0.364,0,dietitian,0
S01764,Leuven,KA-100,50,F,current,0,high,0,22.0,75.2,5.29,5.08,2.3,0.51,1.75,29.5,MB-2.0,1.238,1.251,1.391,1.049,1.344,-1.196,-1.797,-1.671,-0.529,-0.226,0,none,0
S01765,Leuven,KA-100,53,F,former,0,high,0,30.7,102.6,5.35,5.86,,,1.66,35.9,MB-2.0,-0.33,-0.05,0.563,0.06,-0.49,-0.439,-0.376,-0.2,-0.187,0.364,0,none,0
S01766,Leuven,KA-100,71,M,never,0,moderate,0,26.7,91.9,5.86,6.13,9.0,2.45,0.95,16.5,MB-2.0,-0.241,-0.58,-0.319,-0.295,-0.559,-0.13,0.184,0.332,0.251,-0.004,0,none,0
S01767,Leuven,KA-100,39,M,current,0,high,0,20.7,82.9,5.47,4.97,3.9,0.85,1.62,33.5,MB-2.0,0.964,1.882,1.754,1.587,1.945,-1.676,-1.77,-1.661,0.007,0.389,0,none,0
S01768,Aarhus,KA-100,64,M,never,1,high,0,20.2,72.1,5.68,5.86,9.2,2.4,1.75,29.2,MB-2.0,0.358,0.54,1.147,0.511,0.393,-0.908,-0.447,-1.188,0.48,0.265,0,none,0
S01769,Leuven,KA-100,55,M,former,0,high,0,24.3,81.2,5.55,4.51,5.6,1.12,1.29,33.2,MB-2.0,-0.113,-0.7,0.385,-1.166,-1.001,-0.092,1.087,0.379,0.219,1.381,0,none,0
S01770,Porto,KB-200,69,M,never,0,moderate,0,23.4,74.3,5.44,5.62,,,1.09,31.4,MB-2.0,-0.55,-0.494,0.144,0.412,-0.033,1.459,-0.084,0.135,0.615,-0.335,0,none,0
S01771,Uppsala,KB-200,45,F,never,0,low,0,29.0,80.4,5.47,6.19,12.2,3.36,1.39,,MB-2.0,1.502,0.97,2.509,-0.724,0.382,-0.517,-2.004,-1.574,0.812,-0.161,0,none,0
S01772,Uppsala,KB-200,79,F,never,0,high,0,24.8,73.9,5.53,6.68,3.8,1.12,1.66,28.1,MB-2.0,0.504,0.162,1.12,-0.161,-0.334,0.227,-0.985,-0.697,-0.133,0.568,0,dietitian,0
S01773,Leuven,KA-100,70,M,former,0,high,0,30.5,99.5,5.31,5.49,,,2.03,35.4,MB-2.0,2.353,1.624,2.027,1.437,1.919,-1.32,-2.24,-1.354,-0.01,0.21,1,none,0
S01774,Aarhus,KA-100,56,M,never,0,high,0,21.7,69.1,5.57,5.25,5.7,1.32,1.33,27.8,MB-2.0,2.051,1.396,1.494,1.337,2.127,-1.382,-0.944,-1.234,0.281,-0.716,0,none,0
S01775,Leuven,KA-100,40,F,former,0,moderate,0,25.4,78.9,5.85,5.82,10.7,2.76,1.66,23.3,MB-2.0,-0.242,0.385,-0.221,0.498,-0.249,0.035,-0.189,-0.071,0.211,-0.237,0,none,0
S01776,Uppsala,KB-200,64,M,former,1,high,0,26.7,93.0,5.18,5.37,6.8,1.63,1.35,29.2,MB-2.0,1.046,-0.864,1.155,-0.155,0.708,-0.746,-1.026,-0.598,-0.243,0.108,1,diabetes service,1
S01777,Porto,KB-200,52,F,never,0,high,0,24.9,72.7,5.31,4.69,2.9,0.6,2.41,34.4,MB-2.0,1.761,1.329,4.46,0.224,1.26,-0.754,-3.691,-4.281,-0.141,0.767,0,none,0
S01778,Aarhus,KA-100,63,F,never,0,high,0,22.3,67.3,5.79,5.17,3.2,0.74,1.64,23.1,MB-2.0,3.355,2.943,2.972,3.154,2.9,-2.63,-2.07,-2.922,0.138,0.469,0,none,0
S01779,Tartu,KA-100,60,F,current,0,high,0,26.3,81.9,5.46,5.28,2.1,0.49,1.87,14.7,MB-2.0,1.283,0.807,1.093,0.936,1.597,-1.081,-0.712,-1.086,1.441,1.141,0,none,0
S01780,Aarhus,KA-100,71,M,former,1,high,0,30.4,105.3,5.31,5.44,7.2,1.74,1.54,22.8,MB-2.0,-0.574,-0.557,-0.353,-1.704,-0.741,0.518,0.767,0.085,-0.218,0.127,0,none,0
S01781,Aarhus,KA-100,78,M,former,0,high,0,27.9,94.0,5.2,4.79,7.5,1.6,1.39,26.8,MB-2.0,1.676,1.108,0.256,0.408,1.378,-1.01,-1.596,-1.867,-0.122,-0.057,0,none,0
S01782,Uppsala,KB-200,53,F,former,1,high,0,27.0,76.2,5.33,5.74,,,1.5,25.4,MB-2.0,-1.069,1.191,-0.836,-0.206,-0.623,0.113,0.707,1.044,-0.234,-0.155,0,none,0
S01783,Tartu,KA-100,64,F,never,0,high,0,26.6,83.0,5.23,4.86,3.4,0.74,2.07,34.2,MB-2.0,0.869,1.315,0.516,1.28,1.332,0.298,-1.036,0.27,0.011,0.004,0,none,0
S01784,Porto,KB-200,46,F,former,1,high,0,27.7,88.0,5.4,4.49,5.0,1.0,1.8,22.7,MB-2.0,-0.327,0.046,-0.445,0.857,-0.276,0.55,0.701,0.945,0.442,-0.173,0,none,0
S01785,Tartu,KA-100,61,M,never,0,high,0,24.3,82.1,5.29,5.36,,,1.75,26.9,MB-2.0,-1.569,-2.149,-1.216,-0.994,-1.804,1.503,1.582,1.232,-0.251,-0.422,0,none,0
S01786,Uppsala,KB-200,66,M,never,0,high,0,24.3,87.4,5.35,4.75,2.9,0.62,1.22,26.6,MB-2.0,-0.282,-0.649,-0.104,-2.023,-1.737,-0.201,-1.047,-0.752,-0.127,-0.049,0,none,0
S01787,Tartu,KA-100,58,M,never,0,moderate,0,28.2,88.7,5.42,5.69,5.1,1.29,1.47,25.3,MB-2.0,-0.187,-0.627,0.743,-0.564,-0.632,0.309,0.098,0.719,-0.361,0.362,0,none,0
S01788,Aarhus,KA-100,35,F,former,1,high,1,30.3,87.9,6.13,6.78,10.7,3.23,1.68,22.2,MB-2.0,0.352,1.023,1.567,1.098,0.841,-0.108,-1.095,-0.124,0.319,-0.472,0,none,0
S01789,Aarhus,KA-100,62,M,never,0,moderate,0,27.3,98.2,5.47,4.33,3.6,0.7,1.93,30.2,MB-2.0,0.469,0.396,0.93,1.078,0.641,-0.757,-1.293,-0.661,0.197,-0.202,0,dietitian,0
S01790,Leuven,KA-100,52,M,current,0,high,0,21.9,77.7,5.42,4.93,7.8,1.71,1.73,32.1,MB-2.0,1.502,0.881,0.682,0.794,0.842,-1.178,-0.841,-0.66,-0.128,-0.632,0,none,0
S01791,Porto,KB-200,46,M,former,0,high,0,25.7,85.0,5.5,5.3,4.2,0.99,1.46,,MB-2.0,1.089,0.329,-0.719,-2.812,-0.252,0.268,-0.141,0.105,-0.126,0.155,0,none,0
S01792,Leuven,KA-100,60,F,never,0,high,0,23.8,77.4,5.33,5.16,7.7,1.76,1.57,20.8,MB-2.0,-1.479,-1.073,-1.154,-0.352,-0.421,1.304,1.106,0.767,-0.504,-0.479,0,none,0
S01793,Porto,KB-200,35,M,never,0,high,0,20.5,77.3,5.6,5.68,,,2.24,40.1,MB-2.0,1.186,0.269,3.143,-1.654,0.619,-0.125,-2.865,-2.945,-0.482,-0.069,0,none,0
S01794,Leuven,KA-100,79,F,current,1,high,0,26.3,75.4,5.36,5.78,5.4,1.38,2.11,27.2,MB-2.0,1.538,1.614,1.582,1.822,1.678,-0.876,-2.304,-1.668,0.068,0.467,0,none,0
S01795,Uppsala,KB-200,40,M,former,1,high,0,26.9,94.5,5.9,4.62,14.1,2.9,1.74,20.0,MB-2.0,0.157,-0.902,0.328,-0.96,-0.079,0.547,-0.454,-0.854,0.093,-0.336,0,none,0
S01796,Leuven,KA-100,65,M,former,0,moderate,0,26.1,93.0,5.23,4.34,5.2,0.99,1.46,26.2,MB-2.0,0.793,1.068,1.547,1.678,1.259,-1.925,-0.637,-1.194,0.218,0.564,0,none,0
S01797,Aarhus,KA-100,61,F,former,0,moderate,1,28.1,85.9,5.85,4.98,,,1.7,20.3,MB-2.0,1.027,1.423,1.372,1.402,1.119,-1.434,-1.648,-1.327,-0.016,0.165,0,none,0
S01798,Leuven,KA-100,52,M,former,0,high,0,20.3,70.5,5.59,4.51,3.3,0.67,1.57,25.0,MB-2.0,-1.038,-0.802,-0.955,-1.087,-1.005,1.614,1.155,0.348,0.123,-0.329,0,dietitian,0
S01799,Uppsala,KB-200,59,M,never,0,moderate,0,22.4,74.1,5.16,4.71,7.1,1.49,1.6,40.7,MB-2.0,-1.403,-0.8,-1.172,-1.56,-0.277,-0.084,1.023,0.563,-0.67,-0.49,0,none,0
S01800,Leuven,KA-100,51,M,former,1,high,0,32.7,105.5,5.17,5.91,2.9,0.76,1.18,22.6,MB-2.0,0.929,-0.035,0.35,-0.222,-0.383,0.302,-0.142,-0.385,-0.191,-0.29,0,none,0
S01801,Tartu,KA-100,64,M,never,1,high,0,25.4,86.3,5.15,6.26,,,1.76,34.3,MB-2.0,2.036,0.948,1.809,1.924,2.041,-1.488,-1.885,-1.747,0.073,0.204,0,none,0
S01802,Leuven,KA-100,78,F,never,0,high,1,23.1,70.0,5.27,6.51,6.1,1.76,2.0,17.0,MB-2.0,-1.295,-0.669,-1.093,-0.684,-0.921,1.083,1.295,1.096,0.177,-0.92,0,none,0
S01803,Leuven,KA-100,42,M,never,1,moderate,0,29.4,95.1,5.27,5.09,4.3,0.98,1.41,24.9,MB-2.0,1.265,1.594,0.946,1.465,1.987,-0.833,-1.188,-1.544,0.58,0.048,0,none,0
S01804,Tartu,KA-100,54,F,former,0,high,0,23.8,69.8,5.17,4.96,2.6,0.58,2.2,34.4,MB-2.0,2.543,2.728,3.54,2.706,2.748,-2.553,-2.968,-2.162,-0.185,0.787,0,dietitian,0
S01805,Leuven,KA-100,54,M,never,0,moderate,0,21.4,78.9,5.35,5.39,4.6,1.09,1.18,20.1,MB-2.0,1.734,1.492,2.497,1.716,1.604,-1.829,-0.509,-1.549,-0.65,0.15,0,dietitian,0
S01806,Porto,KB-200,48,M,never,1,high,0,26.1,79.6,5.39,4.9,,,1.08,39.5,MB-2.0,-0.468,-0.822,-0.924,-0.184,0.617,0.506,-0.086,-0.059,0.783,-0.228,0,none,0
S01807,Porto,KB-200,55,F,never,0,high,0,24.8,69.9,5.36,4.37,2.3,0.45,1.86,38.0,MB-2.0,-0.263,0.286,1.958,1.001,-0.529,-0.35,-1.909,-1.722,-0.031,-0.167,0,none,0
S01808,Uppsala,KB-200,45,F,never,0,high,0,24.4,72.6,5.17,4.75,6.4,1.36,2.07,30.0,MB-2.0,-0.207,0.71,3.152,0.629,0.388,0.301,-2.542,-1.492,-0.035,-0.451,0,none,0
S01809,Aarhus,KA-100,54,M,never,1,high,0,23.6,87.7,5.35,4.91,6.7,1.46,1.84,32.9,MB-2.0,0.922,0.293,0.611,1.046,0.079,0.623,-0.921,0.365,0.453,0.512,0,none,0
S01810,Aarhus,KA-100,70,F,former,0,high,0,28.0,84.6,5.16,5.94,,,1.93,37.8,MB-2.0,-0.286,-0.038,0.097,-0.422,-0.325,-0.288,-0.963,0.12,0.022,-0.116,0,diabetes service,0
S01811,Leuven,KA-100,59,M,never,0,low,0,23.8,88.8,5.37,5.1,4.3,0.97,1.19,31.7,MB-2.0,-2.327,-1.247,-2.547,-1.457,-1.525,1.488,1.989,0.971,-0.598,0.491,0,none,0
S01812,Leuven,KA-100,73,F,current,1,high,0,31.5,96.3,5.83,5.3,2.3,0.55,1.0,23.6,MB-2.0,-0.127,0.614,0.314,0.381,-0.488,0.256,-0.156,-0.765,0.097,-0.196,0,none,0
S01813,Aarhus,KA-100,65,F,never,0,high,0,28.4,95.7,5.41,5.15,10.0,2.29,1.66,34.5,MB-2.0,0.423,0.364,0.893,-0.393,-0.226,0.278,0.174,0.123,-0.092,0.157,0,none,0
S01814,Porto,KB-200,55,M,never,0,high,0,26.1,89.2,5.19,5.26,4.0,0.94,1.34,24.8,MB-2.0,-1.168,0.173,1.717,1.637,-0.838,0.056,-1.483,-1.499,-0.932,0.055,0,none,0
S01815,Porto,KB-200,58,F,never,0,high,0,24.7,71.0,6.29,5.99,13.9,3.7,1.42,,MB-2.0,1.1,1.262,0.504,-1.692,-0.109,0.713,-0.133,0.305,-0.025,-0.565,0,diabetes service,1
S01816,Leuven,KA-100,68,M,never,0,high,0,28.7,96.0,5.17,5.63,6.4,1.61,1.34,12.4,MB-2.0,0.165,-0.255,-0.231,0.308,0.154,-1.275,0.14,0.673,-0.055,-0.264,0,none,0
S01817,Porto,KB-200,58,M,former,0,moderate,0,28.9,84.9,5.18,5.36,,,1.2,33.0,MB-2.0,-0.288,-0.1,1.781,0.274,-1.831,-1.208,-1.252,-0.766,0.107,0.203,0,dietitian,0
S01818,Uppsala,KB-200,57,M,never,0,high,0,26.1,84.3,5.45,5.1,3.5,0.8,1.82,40.2,MB-2.0,1.174,-0.034,0.521,-1.448,-0.116,1.366,0.1,-0.223,0.507,0.21,1,none,0
S01819,Aarhus,KA-100,51,F,never,0,moderate,0,24.0,65.2,5.41,4.45,13.5,2.67,1.85,21.8,MB-2.0,-1.017,0.5,0.415,0.566,-0.405,0.483,0.78,0.239,0.081,-0.194,0,none,0
S01820,Porto,KB-200,63,F,former,0,high,0,27.4,77.8,5.77,5.9,3.9,1.01,1.63,32.6,MB-2.0,0.551,0.54,1.717,0.661,-1.042,-0.544,-2.385,-1.851,-0.264,1.14,0,none,0
S01821,Aarhus,KA-100,50,F,never,0,moderate,0,30.5,88.1,5.35,5.19,8.3,1.92,1.52,17.8,MB-2.0,1.452,1.024,0.689,0.369,0.803,-0.983,-1.252,-0.458,0.072,0.304,0,none,0
S01822,Porto,KB-200,44,M,former,0,high,0,24.5,76.8,5.64,5.06,,,1.42,36.1,MB-2.0,-0.57,1.234,0.728,-0.624,0.144,-1.285,0.544,-0.161,0.296,-0.322,0,none,0
S01823,Porto,KB-200,73,M,current,0,low,0,30.8,105.3,6.16,6.02,5.6,1.5,1.56,,MB-2.0,-1.648,-0.778,-0.174,-1.618,0.85,-1.302,-0.113,0.162,0.44,-0.221,1,diabetes service,1
S01824,Uppsala,KB-200,58,F,former,0,high,0,28.2,75.5,5.56,4.36,4.8,0.93,1.83,28.4,MB-2.0,1.326,0.882,1.957,-0.286,0.199,-0.146,-1.633,-2.094,0.032,0.186,0,none,0
S01825,Aarhus,KA-100,64,M,never,0,moderate,0,29.9,96.0,5.45,5.34,10.4,2.47,1.39,31.2,MB-2.0,0.219,-0.487,0.011,-0.517,-0.455,-0.119,0.536,0.199,-0.083,0.367,0,none,0
S01826,Aarhus,KA-100,71,M,never,0,high,0,21.2,77.6,5.3,4.47,2.2,0.44,1.59,23.6,MB-2.0,1.309,2.103,1.226,1.942,1.795,-1.679,-1.215,-1.879,-0.242,0.313,0,none,0
S01827,Uppsala,KB-200,69,F,never,1,moderate,0,21.9,65.3,5.25,5.67,7.1,1.8,1.33,23.5,MB-2.0,-0.266,1.194,1.308,-1.396,0.611,0.2,-0.836,-0.877,0.164,0.456,0,none,0
S01828,Uppsala,KB-200,67,M,current,1,high,0,29.9,92.2,5.2,5.62,4.1,1.02,1.92,19.0,MB-2.0,-1.368,-1.121,-2.591,-1.006,-0.541,0.467,1.126,1.62,-0.488,0.977,0,diabetes service,0
S01829,Tartu,KA-100,61,M,never,0,moderate,0,23.3,84.6,5.49,4.39,4.5,0.88,1.14,35.5,MB-2.0,-0.981,-0.766,-1.568,-0.479,-0.091,0.44,0.856,0.689,-0.341,-0.048,0,dietitian,0
S01830,Uppsala,KB-200,40,M,never,0,moderate,1,25.1,82.6,5.57,5.02,13.1,2.92,1.86,33.1,MB-2.0,-0.899,0.225,1.481,-2.635,-0.385,-1.284,-1.088,-1.129,-0.223,-0.399,0,none,0
S01831,Aarhus,KA-100,56,F,current,0,high,0,32.3,105.4,5.7,6.24,3.7,1.03,1.79,29.8,MB-2.0,-1.096,-1.589,-1.932,-1.196,-1.045,1.957,0.4,1.026,0.861,-0.1,0,none,0
S01832,Uppsala,KB-200,58,F,never,1,high,1,19.7,65.7,5.18,4.77,3.5,0.75,2.07,39.7,MB-2.0,0.151,1.018,3.07,0.067,-0.671,0.018,-3.09,-2.829,0.62,0.105,0,none,0
S01833,Tartu,KA-100,59,M,former,1,high,0,24.3,81.7,5.37,5.68,6.2,1.56,1.64,35.3,MB-2.0,0.379,1.473,1.075,0.561,0.84,-1.559,-0.689,-1.025,0.629,0.005,0,none,0
S01834,Aarhus,KA-100,65,F,never,0,high,0,23.8,66.8,5.72,5.41,2.5,0.61,1.86,27.6,MB-2.0,0.004,0.361,0.265,-0.205,0.413,-0.183,-1.246,-0.577,0.42,-0.216,0,none,0
S01835,Tartu,KA-100,52,M,former,0,high,0,25.4,78.3,5.45,5.53,5.6,1.37,1.52,26.8,MB-2.0,1.449,0.815,0.989,1.0,-0.006,-0.283,-1.275,-0.724,0.344,0.022,0,none,0
S01836,Tartu,KA-100,71,F,never,0,moderate,0,26.0,75.8,5.22,5.05,6.8,1.52,1.47,34.2,MB-2.0,-0.918,-1.395,-0.667,-0.891,-0.881,1.154,1.241,0.189,-0.169,-0.186,0,none,0
S01837,Leuven,KA-100,52,F,former,1,moderate,0,27.5,74.0,5.37,5.13,5.8,1.33,2.09,12.2,MB-2.0,0.285,0.304,-0.212,-0.586,0.044,-0.131,0.183,-0.683,0.597,0.555,0,none,0
S01838,Uppsala,KB-200,56,M,former,0,moderate,0,21.2,78.0,5.15,5.15,,,1.55,30.3,MB-2.0,-0.374,-1.075,1.585,-2.05,0.003,-0.141,0.063,-1.019,-0.534,0.107,0,none,0
S01839,Leuven,KA-100,51,F,former,0,high,0,21.0,65.9,5.21,5.08,6.6,1.48,2.69,24.1,MB-2.0,1.868,1.241,1.466,1.792,0.96,-0.476,-1.355,-1.523,0.357,0.425,0,none,0
S01840,Aarhus,KA-100,60,M,never,0,high,0,25.4,89.9,5.29,4.85,5.7,1.23,1.34,22.8,MB-2.0,-0.926,-0.141,-1.181,-0.624,-0.95,0.112,0.024,-0.181,0.501,-0.317,0,none,0
S01841,Uppsala,KB-200,48,M,never,0,high,0,28.7,94.9,5.46,5.36,8.5,2.03,1.09,30.4,MB-2.0,-1.748,1.032,1.52,-2.257,-0.59,0.099,-1.264,-0.732,0.53,-0.288,0,none,0
S01842,Leuven,KA-100,60,M,former,0,high,0,24.5,91.7,5.3,4.7,2.5,0.51,1.92,28.8,MB-2.0,-1.417,-0.805,-1.713,-1.746,-2.376,1.494,1.615,0.393,0.267,0.287,0,none,0
S01843,Uppsala,KB-200,67,M,former,1,high,0,28.4,96.2,5.57,5.5,7.2,1.76,1.75,20.6,MB-2.0,-0.243,1.746,0.346,-2.893,-0.829,0.406,0.205,-0.251,-0.045,0.128,0,none,0
S01844,Leuven,KA-100,51,F,current,0,high,0,25.4,72.7,5.3,5.36,,,2.21,35.6,MB-2.0,0.642,1.201,0.527,0.728,0.878,-0.12,-0.586,-0.952,-0.086,-0.913,0,none,0
S01845,Uppsala,KB-200,52,F,former,1,moderate,0,34.4,92.5,5.64,6.32,10.8,3.03,1.2,29.2,MB-2.0,-0.475,1.006,1.162,0.076,-0.69,-0.334,-0.928,-0.764,0.395,-0.045,0,none,0
S01846,Tartu,KA-100,66,F,never,0,high,0,25.5,68.6,5.33,4.98,5.9,1.32,1.34,25.7,MB-2.0,1.175,0.492,0.713,1.29,0.274,-0.156,-0.829,-1.244,-0.266,0.003,0,none,0
S01847,Aarhus,KA-100,56,F,never,0,moderate,0,33.0,104.3,5.83,5.61,6.5,1.63,1.59,29.9,MB-2.0,0.53,0.663,1.023,0.623,0.864,-0.289,-0.715,-0.775,-0.071,-0.51,0,none,0
S01848,Leuven,KA-100,69,M,never,0,high,0,27.5,95.5,5.3,4.52,2.2,0.44,1.61,37.6,MB-2.0,1.281,0.487,1.325,0.525,1.356,-1.563,-1.408,-0.363,-0.226,0.423,1,none,0
S01849,Leuven,KA-100,66,M,never,0,high,0,28.5,98.6,5.18,4.79,,,2.06,39.0,MB-2.0,0.792,1.739,0.545,0.738,0.855,0.116,-0.501,-0.521,0.186,-0.626,0,none,0
S01850,Leuven,KA-100,50,F,former,0,moderate,0,25.6,68.4,5.22,5.27,15.4,3.61,1.92,22.8,MB-2.0,0.995,1.106,0.886,1.192,1.261,-1.337,-0.958,-2.187,0.181,0.222,0,dietitian,0
S01851,Tartu,KA-100,65,M,never,0,high,0,24.5,90.5,5.6,5.77,6.9,1.77,1.33,20.2,MB-2.0,-0.374,-0.382,-0.716,0.036,0.333,0.331,-0.11,0.489,0.003,0.335,0,none,0
S01852,Leuven,KA-100,56,F,never,0,high,0,25.8,76.4,5.18,5.35,,,1.9,37.8,MB-2.0,0.874,2.101,0.884,1.724,0.118,-1.883,-1.119,-0.51,-0.116,0.229,0,none,0
S01853,Aarhus,KA-100,79,M,former,0,moderate,0,32.0,95.6,5.55,5.62,5.8,1.44,1.47,28.6,MB-2.0,2.187,1.317,1.928,1.613,2.372,-2.192,-1.369,-1.844,1.139,0.636,0,none,0
S01854,Leuven,KA-100,50,F,never,0,high,0,25.9,68.3,5.43,6.03,9.7,2.59,1.97,24.4,MB-2.0,2.225,2.203,1.711,2.403,2.286,-2.394,-2.508,-1.525,0.241,-0.624,0,none,0
S01855,Tartu,KA-100,69,F,former,0,high,0,26.5,77.6,5.39,5.21,4.9,1.12,1.96,21.4,MB-2.0,0.938,1.768,0.894,0.285,0.736,-0.908,-1.268,-1.379,-0.38,0.405,0,none,0
S01856,Tartu,KA-100,67,M,current,0,high,0,29.4,97.2,5.71,6.19,2.8,0.77,1.2,11.5,MB-2.0,-0.13,-0.172,-0.29,-0.034,0.018,0.331,0.071,0.5,-0.729,-0.268,1,diabetes service,1
S01857,Uppsala,KB-200,47,F,never,0,high,0,26.9,85.1,5.47,5.09,3.9,0.89,1.71,39.2,MB-2.0,0.8,1.19,0.851,0.315,-0.745,0.641,-0.399,-0.155,0.039,0.196,1,diabetes service,1
S01858,Uppsala,KB-200,68,M,never,0,high,0,26.2,98.1,5.19,5.06,2.2,0.5,1.69,24.9,MB-2.0,-0.228,0.02,0.105,-1.71,-0.676,-0.599,0.097,0.088,0.913,-0.292,0,none,0
S01859,Aarhus,KA-100,60,M,never,0,high,0,30.0,93.4,5.71,6.39,5.7,1.61,1.42,22.6,MB-2.0,0.436,0.828,0.163,1.54,0.821,-0.544,-0.693,0.348,-0.207,-0.045,0,none,0
S01860,Aarhus,KA-100,46,F,never,0,high,0,31.9,88.9,5.44,4.97,3.3,0.73,2.07,31.6,MB-2.0,1.493,1.302,1.663,1.98,1.923,-1.23,-1.052,-1.049,-0.261,-0.549,0,none,0
S01861,Uppsala,KB-200,69,M,never,0,high,0,29.9,95.0,5.68,5.35,3.5,0.82,1.81,23.3,MB-2.0,-0.719,1.535,-1.983,-0.694,-0.023,-0.186,1.326,1.016,0.657,0.011,0,none,0
S01862,Porto,KB-200,42,M,current,0,high,0,22.7,76.5,5.16,6.09,3.0,0.81,1.92,28.3,MB-2.0,-0.776,0.765,0.574,-1.62,-0.524,0.16,-1.133,-1.044,0.908,-0.139,0,none,0
S01863,Leuven,KA-100,56,F,never,0,low,0,28.7,88.9,5.57,4.51,4.4,0.87,1.99,25.3,MB-2.0,1.708,1.788,1.238,0.47,1.136,-1.374,-1.48,-1.527,-0.158,0.725,0,none,0
S01864,Tartu,KA-100,68,F,never,0,high,0,24.3,76.2,5.34,5.13,10.6,2.42,1.85,24.9,MB-2.0,1.861,0.432,0.879,1.451,1.139,-0.52,-0.295,-0.859,0.687,0.081,0,none,0
S01865,Aarhus,KA-100,55,M,current,0,high,0,26.4,88.1,5.44,4.42,,,1.77,35.2,MB-2.0,3.564,4.143,3.318,4.422,3.601,-3.105,-3.773,-2.846,-0.13,0.476,0,none,0
S01866,Uppsala,KB-200,64,F,never,0,high,0,26.7,78.8,5.66,5.9,5.6,1.48,1.79,28.4,MB-2.0,-1.431,0.005,-1.045,-1.315,-0.157,0.674,1.155,1.483,-0.304,-0.191,0,none,0
S01867,Uppsala,KB-200,54,F,never,0,high,0,22.3,66.5,5.41,4.66,4.0,0.82,2.34,28.9,MB-2.0,0.196,0.365,-0.214,-0.924,-1.927,0.555,0.444,0.205,-0.033,0.152,0,none,0
S01868,Tartu,KA-100,53,M,former,0,moderate,0,28.8,93.8,5.52,5.24,,,1.43,20.2,MB-2.0,-0.718,-1.128,-0.346,-0.506,-0.386,0.486,0.98,0.338,0.273,0.336,0,dietitian,0
S01869,Leuven,KA-100,61,F,former,0,moderate,0,32.7,92.7,5.6,5.36,5.1,1.21,1.57,11.3,MB-2.0,-0.077,-0.671,-0.153,0.823,-0.44,0.349,0.665,-0.037,-0.276,0.303,0,none,0
S01870,Aarhus,KA-100,55,M,current,0,high,0,28.2,93.9,5.44,5.11,6.2,1.4,1.86,32.3,MB-2.0,2.488,1.872,2.32,1.924,2.246,-2.376,-2.661,-1.592,-0.167,-0.121,0,none,0
S01871,Leuven,KA-100,56,M,current,0,high,0,28.6,95.3,5.29,4.95,6.3,1.39,1.55,25.6,MB-2.0,1.515,1.306,0.959,1.061,1.733,-0.627,-0.961,-1.184,0.477,0.036,0,none,0
S01872,Porto,KB-200,57,F,former,0,high,0,26.4,72.2,5.73,5.78,6.0,1.54,1.33,38.5,MB-2.0,1.031,-0.2,-1.431,-0.477,-0.046,2.376,0.885,1.434,0.626,-0.047,0,none,0
S01873,Aarhus,KA-100,53,F,current,1,high,0,27.0,83.4,5.87,4.87,3.4,0.74,1.88,33.9,MB-2.0,3.991,3.793,4.759,4.161,4.08,-3.391,-4.23,-3.438,-0.605,0.009,0,none,0
S01874,Porto,KB-200,58,M,former,0,high,0,25.3,82.5,5.36,4.38,4.6,0.9,1.76,25.9,MB-2.0,-0.551,-0.907,-1.332,-1.93,-1.192,-0.386,1.271,0.797,0.487,0.572,0,none,0
S01875,Tartu,KA-100,67,F,current,0,high,0,24.4,76.6,5.32,5.14,2.6,0.6,1.11,24.3,MB-2.0,-0.833,-1.334,-1.406,-0.91,-1.28,1.159,1.624,0.658,-0.253,-0.446,0,none,0
S01876,Tartu,KA-100,65,M,never,0,moderate,0,24.4,94.6,5.21,5.43,5.1,1.23,1.26,14.5,MB-2.0,-0.081,-0.95,-1.039,-1.033,-1.062,0.232,-0.137,-0.801,0.197,0.254,0,none,0
S01877,Tartu,KA-100,56,M,current,0,high,0,30.6,105.0,5.45,5.63,5.6,1.39,1.32,22.9,MB-2.0,1.523,1.07,1.65,1.714,0.884,-1.018,-0.908,-0.66,-0.157,0.879,0,none,0
S01878,Tartu,KA-100,62,F,never,0,high,0,25.7,65.0,5.33,5.26,4.0,0.93,1.32,26.4,MB-2.0,-1.367,-1.001,-1.352,-0.262,-1.243,0.48,0.603,1.012,-0.528,0.28,0,none,0
S01879,Aarhus,KA-100,63,F,former,0,high,0,22.3,70.6,5.44,4.89,2.7,0.58,1.85,31.5,MB-2.0,0.121,0.721,0.506,0.245,-0.142,-0.541,-0.632,-0.563,0.165,-0.219,0,none,0
S01880,Tartu,KA-100,54,F,current,0,high,0,29.3,86.7,5.84,5.19,7.5,1.73,1.67,28.6,MB-2.0,0.434,0.228,0.096,0.628,0.454,-0.812,-0.832,-0.367,0.652,-0.213,0,diabetes service,0
S01881,Porto,KB-200,46,F,never,0,high,0,19.8,68.5,5.38,6.1,,,1.73,34.8,MB-2.0,0.581,1.322,1.168,1.285,-0.519,-0.952,-0.566,-0.727,0.747,0.46,0,none,0
S01882,Tartu,KA-100,59,M,former,0,high,0,27.1,95.0,5.88,4.94,2.5,0.54,1.68,30.0,MB-2.0,-1.328,-0.254,-0.839,-0.956,-1.141,0.995,0.195,1.219,0.655,0.088,0,none,0
S01883,Porto,KB-200,50,M,never,1,moderate,0,25.8,92.5,5.16,5.25,6.5,1.52,2.11,39.1,MB-2.0,-0.578,0.093,2.218,-0.52,1.413,-0.719,-1.552,-0.971,0.099,-0.159,0,none,0
S01884,Porto,KB-200,57,F,never,0,moderate,0,22.4,67.2,5.54,4.42,8.8,1.72,1.91,20.8,MB-2.0,-1.39,0.569,0.908,0.087,-1.644,0.479,-0.845,-0.612,-0.221,-0.424,0,none,0
S01885,Aarhus,KA-100,54,F,never,1,high,0,31.5,86.9,5.16,4.61,3.6,0.73,1.68,33.5,MB-2.0,1.081,1.409,2.388,1.814,1.89,-1.397,-1.228,-1.887,-1.252,-0.348,1,diabetes service,0
S01886,Leuven,KA-100,42,M,former,1,high,1,31.8,107.3,5.73,4.96,9.4,2.07,1.54,36.2,MB-2.0,-0.507,-1.153,-0.91,-0.351,-0.017,0.505,0.638,0.934,-0.111,-0.331,0,dietitian,0
S01887,Aarhus,KA-100,35,M,former,0,high,0,28.0,91.7,5.21,4.59,,,1.42,29.0,MB-2.0,2.288,1.528,0.494,1.76,1.697,-1.405,-0.347,-1.388,-0.007,-0.046,0,none,0
S01888,Uppsala,KB-200,57,M,never,0,high,0,22.3,74.8,5.2,5.07,,,2.29,26.4,MB-2.0,-0.163,0.017,-0.512,-2.767,-0.369,0.966,0.455,0.348,0.149,-0.889,0,dietitian,0
S01889,Aarhus,KA-100,61,F,never,0,high,0,26.4,73.1,5.24,4.51,9.3,1.87,2.07,30.4,MB-2.0,2.879,3.641,3.112,3.775,2.88,-2.526,-2.68,-2.219,0.229,0.301,0,none,0
S01890,Porto,KB-200,61,F,never,0,high,0,22.4,69.3,5.24,4.55,3.0,0.6,2.12,39.6,MB-2.0,1.066,1.01,2.017,-1.122,-0.375,0.306,-1.763,-1.904,0.004,0.696,0,none,0
S01891,Porto,KB-200,43,F,never,0,high,0,24.3,71.4,5.63,5.43,6.5,1.57,1.79,36.0,MB-2.0,2.268,0.372,2.952,-0.604,0.331,0.809,-2.163,-2.101,0.453,0.401,0,none,0
S01892,Leuven,KA-100,56,M,former,0,high,0,25.3,89.0,5.82,4.55,4.2,0.85,1.69,28.3,MB-2.0,0.704,0.317,0.762,0.762,-0.011,-0.309,0.062,-0.378,-0.504,0.335,0,diabetes service,0
S01893,Porto,KB-200,45,M,never,0,high,0,24.8,82.1,5.28,4.35,2.1,0.41,1.69,32.6,MB-2.0,1.419,-0.405,2.68,-2.268,0.317,-0.896,-1.874,-2.208,-0.085,-0.326,0,none,0
S01894,Tartu,KA-100,63,M,never,0,high,0,22.5,68.0,5.28,5.14,4.2,0.95,2.05,30.5,MB-2.0,-0.278,-0.575,-0.333,-0.52,-0.316,1.445,0.549,1.016,-0.141,0.487,0,none,0
S01895,Aarhus,KA-100,63,M,current,0,high,0,31.9,103.8,5.51,5.79,,,1.56,,MB-2.0,-0.775,-1.274,-1.537,-0.34,-1.232,1.227,0.088,1.485,0.259,-0.325,0,none,0
S01896,Aarhus,KA-100,53,F,never,0,high,1,26.0,91.9,5.45,5.72,5.8,1.46,1.91,40.6,MB-2.0,1.416,1.598,0.515,1.781,2.299,-0.879,-1.485,-1.373,0.66,-0.239,0,none,0
S01897,Aarhus,KA-100,68,M,never,0,high,0,27.2,94.0,5.19,4.81,3.9,0.83,1.75,30.7,MB-2.0,1.062,1.559,1.983,1.832,2.162,-1.513,-1.869,-1.44,0.053,-0.168,0,dietitian,0
S01898,Aarhus,KA-100,57,F,former,0,high,0,22.1,72.0,5.31,4.5,,,1.62,40.9,MB-2.0,1.157,1.162,0.585,1.202,1.205,-1.422,-1.165,-0.049,0.295,0.324,1,none,0
S01899,Leuven,KA-100,65,F,never,0,high,0,20.1,67.9,5.49,5.33,11.4,2.71,2.29,20.1,MB-2.0,1.052,0.316,1.31,1.113,1.095,-0.391,-0.926,-1.488,0.847,0.168,0,none,0
S01900,Leuven,KA-100,60,F,never,0,high,1,28.1,83.0,5.2,4.98,5.3,1.17,1.66,22.6,MB-2.0,1.733,1.383,1.385,1.06,0.581,-1.6,-0.58,-0.353,0.212,0.541,0,none,0
S01901,Aarhus,KA-100,56,M,never,0,high,0,24.5,78.2,5.88,5.27,13.5,3.16,1.32,38.7,MB-2.0,0.715,0.962,0.479,0.66,0.652,-1.103,-0.364,-0.558,0.153,-0.598,0,diabetes service,0
S01902,Porto,KB-200,58,M,never,1,high,0,24.3,78.3,5.78,5.92,7.8,2.06,1.42,23.8,MB-2.0,1.198,0.832,1.538,-1.414,-0.689,-1.231,-1.415,-0.467,-0.26,0.596,0,none,0
S01903,Tartu,KA-100,66,M,never,0,moderate,0,30.8,100.1,6.12,5.46,5.7,1.38,1.31,21.9,MB-2.0,1.18,1.41,1.754,1.588,1.362,-1.622,-0.899,-1.56,-0.735,-0.001,0,none,0
S01904,Leuven,KA-100,48,F,current,0,high,0,21.6,71.1,5.33,5.83,,,1.43,27.9,MB-2.0,2.854,3.542,2.911,3.666,3.357,-2.952,-3.322,-3.432,-0.251,-0.099,0,none,0
S01905,Porto,KB-200,61,M,never,1,high,0,26.0,84.2,5.69,6.1,12.4,3.37,0.89,24.9,MB-2.0,-0.749,0.717,-0.456,-1.519,-0.357,-0.889,0.872,1.035,-0.053,-0.216,0,none,0
S01906,Aarhus,KA-100,62,M,never,0,high,0,25.8,85.3,5.26,4.94,3.0,0.66,1.63,27.3,MB-2.0,-0.063,-0.479,-0.421,0.339,0.131,-0.452,0.066,0.462,-0.487,0.29,0,dietitian,0
S01907,Aarhus,KA-100,79,M,never,0,high,0,20.1,73.4,5.54,5.62,2.4,0.6,1.29,35.3,MB-2.0,1.552,1.909,1.111,1.169,1.53,-1.966,-1.272,-1.068,0.166,-0.061,0,none,0
S01908,Leuven,KA-100,57,M,never,0,high,0,25.0,81.6,5.39,4.41,7.1,1.39,1.73,29.6,MB-2.0,2.066,2.289,1.92,1.752,1.541,-1.262,-1.532,-1.084,-0.464,0.002,0,none,0
S01909,Leuven,KA-100,64,F,never,0,moderate,0,25.4,68.9,5.72,5.73,3.5,0.89,1.68,23.1,MB-2.0,0.377,-0.817,0.389,0.006,0.434,0.111,0.28,-0.314,0.282,0.226,0,none,0
S01910,Uppsala,KB-200,68,M,former,0,high,0,31.3,99.4,5.74,5.89,7.7,2.01,1.24,22.9,MB-2.0,-0.062,0.318,0.327,2.445,0.863,-0.228,-0.886,-1.301,-0.387,-0.36,0,diabetes service,0
S01911,Leuven,KA-100,67,M,never,0,moderate,0,31.9,101.2,5.46,5.8,5.1,1.3,1.1,30.1,MB-2.0,-1.22,-0.953,-0.7,-0.289,-0.917,0.851,0.325,0.184,-0.341,0.309,0,none,0
S01912,Aarhus,KA-100,67,F,never,0,moderate,1,32.7,105.6,5.21,5.55,8.0,1.97,1.82,30.5,MB-2.0,2.282,2.082,1.832,2.114,2.803,-2.786,-2.006,-1.581,-0.253,0.343,0,none,0
S01913,Aarhus,KA-100,66,M,never,1,high,0,29.5,103.0,5.18,4.93,3.8,0.83,1.84,21.9,MB-2.0,2.208,1.755,1.339,1.957,2.302,-1.402,-1.747,-1.479,0.732,0.223,0,none,0
S01914,Porto,KB-200,64,M,never,1,high,0,20.6,78.4,5.33,4.97,,,1.74,36.9,MB-2.0,-0.2,1.861,1.243,-1.102,0.373,-2.335,-1.856,-0.852,-0.42,0.284,0,none,0
S01915,Aarhus,KA-100,61,M,former,0,high,0,29.3,88.9,6.01,6.3,9.1,2.55,1.45,24.0,MB-2.0,0.093,-0.372,0.796,0.246,-0.789,0.567,-0.069,-0.394,-0.391,-0.288,1,none,0
S01916,Aarhus,KA-100,57,M,current,1,moderate,0,31.3,97.6,5.43,5.27,,,1.77,32.9,MB-2.0,2.111,2.124,2.387,3.049,2.416,-2.401,-2.473,-2.888,0.254,0.256,0,none,0
S01917,Leuven,KA-100,59,M,never,1,low,0,28.0,97.8,5.61,5.43,6.4,1.55,1.52,29.6,MB-2.0,2.194,2.256,1.441,1.161,1.178,-0.999,-1.599,-1.976,0.852,-0.414,0,none,0
S01918,Leuven,KA-100,57,F,never,0,high,0,22.9,67.0,5.65,5.18,4.8,1.1,1.47,25.6,MB-2.0,2.108,2.4,2.383,2.45,2.31,-1.838,-1.658,-1.365,-0.177,0.455,1,none,0
S01919,Tartu,KA-100,47,M,former,0,high,1,28.4,95.6,5.37,5.4,,,1.36,28.6,MB-2.0,0.95,0.208,-0.048,0.269,0.82,-0.382,0.452,0.432,-1.012,0.517,0,none,0
S01920,Tartu,KA-100,55,F,former,0,moderate,0,25.3,75.6,5.8,5.27,4.2,0.99,1.56,19.6,MB-2.0,2.166,0.913,1.314,0.887,1.45,-1.093,-1.322,-0.954,-0.524,-0.487,0,diabetes service,0
S01921,Leuven,KA-100,50,M,former,0,high,0,31.2,102.3,5.38,4.73,6.3,1.32,1.52,34.0,MB-2.0,-2.669,-2.512,-1.696,-1.891,-2.456,2.528,2.703,2.516,-0.692,-0.001,0,dietitian,0
S01922,Tartu,KA-100,63,F,never,0,low,0,20.7,71.3,6.08,5.27,,,2.2,20.1,MB-2.0,0.788,1.396,1.348,1.392,1.63,-0.965,-1.36,-1.185,0.351,-0.073,0,none,0
S01923,Tartu,KA-100,56,F,never,0,high,1,23.9,70.9,5.44,5.45,7.3,1.76,1.85,23.4,MB-2.0,-0.684,-0.133,-1.581,-0.577,-1.009,-0.162,0.985,0.958,-0.068,0.343,0,none,0
S01924,Aarhus,KA-100,70,F,former,0,high,0,27.3,84.4,5.48,5.08,4.0,0.91,2.22,41.1,MB-2.0,3.137,2.828,2.42,3.453,2.663,-1.684,-2.893,-2.925,0.064,0.112,0,none,0
S01925,Leuven,KA-100,62,M,former,0,high,0,25.0,87.0,5.5,5.37,10.7,2.55,1.54,35.9,MB-2.0,3.902,4.415,3.59,3.459,3.835,-3.54,-3.173,-3.869,0.328,-0.425,0,none,0
S01926,Leuven,KA-100,54,M,former,0,high,0,28.9,96.1,5.59,4.99,4.7,1.05,1.71,34.2,MB-2.0,-0.321,-0.534,-0.253,0.293,-0.096,0.585,0.285,-0.075,1.01,0.323,0,none,0
S01927,Aarhus,KA-100,59,M,former,0,high,0,30.8,96.7,5.65,5.58,,,1.73,37.1,MB-2.0,-0.182,1.457,1.668,0.572,1.806,-0.817,-0.777,-0.444,-0.731,0.274,0,none,0
S01928,Tartu,KA-100,62,M,former,0,high,0,33.0,114.8,5.9,5.94,7.8,2.06,1.52,31.4,MB-2.0,1.307,1.208,1.596,2.018,1.675,-1.844,-1.39,-0.915,0.163,-0.264,0,dietitian,0
S01929,Aarhus,KA-100,64,F,never,0,high,0,22.0,68.3,5.5,5.57,4.0,0.98,1.79,32.6,MB-2.0,-0.191,-0.026,-0.361,-0.133,-0.76,0.47,0.669,0.64,0.028,-1.265,0,none,0
S01930,Uppsala,KB-200,69,F,never,0,high,0,27.2,79.6,5.86,6.03,6.3,1.68,2.05,31.5,MB-2.0,-1.996,0.031,-0.221,-1.524,0.613,1.316,0.64,0.557,-0.54,0.111,1,diabetes service,1
S01931,Aarhus,KA-100,72,F,never,0,high,0,28.6,81.7,5.52,4.77,4.2,0.89,1.98,33.5,MB-2.0,0.708,0.664,0.246,-0.043,-0.018,-0.757,-0.968,-0.284,-0.517,-0.065,0,none,0
S01932,Tartu,KA-100,62,M,never,0,high,0,27.9,94.7,5.38,5.16,5.1,1.16,1.16,27.3,MB-2.0,-1.057,-0.66,-0.402,-0.333,-0.113,1.041,1.371,0.45,-0.101,-0.236,0,none,0
S01933,Tartu,KA-100,65,F,never,0,moderate,0,26.6,74.2,5.62,5.1,3.4,0.77,1.74,25.4,MB-2.0,0.735,1.014,1.432,1.203,1.557,-1.007,-1.159,-0.699,0.434,0.817,0,none,0
S01934,Leuven,KA-100,64,F,former,0,moderate,0,25.9,83.3,5.43,4.99,,,1.13,42.3,MB-2.0,0.17,0.086,-0.304,0.571,0.412,-0.665,0.348,-0.141,-0.284,0.657,0,none,0
S01935,Uppsala,KB-200,43,F,current,0,high,0,25.3,78.3,5.2,4.5,3.9,0.79,2.57,37.3,MB-2.0,-0.095,0.422,1.427,-2.056,1.524,0.297,-1.166,-1.129,-0.139,0.237,0,none,0
S01936,Porto,KB-200,53,F,former,1,moderate,0,27.2,78.0,5.49,5.66,2.5,0.62,1.63,36.8,MB-2.0,-1.225,0.274,-0.658,-0.48,-0.551,0.144,0.323,-0.468,0.699,0.14,0,none,0
S01937,Tartu,KA-100,54,M,former,0,high,0,23.1,86.7,5.31,4.69,,,2.08,39.1,MB-2.0,0.166,-0.136,1.413,0.339,0.388,-1.195,0.301,0.208,0.04,0.07,0,dietitian,0
S01938,Aarhus,KA-100,57,M,former,1,high,0,21.0,85.4,5.16,4.31,,,1.77,28.6,MB-2.0,3.113,2.93,2.418,2.211,2.731,-2.23,-2.099,-2.495,0.212,0.105,0,none,0
S01939,Leuven,KA-100,53,M,never,0,high,0,24.0,85.5,5.94,5.09,3.0,0.69,1.64,33.9,MB-2.0,2.672,2.865,2.666,2.294,3.665,-2.166,-2.471,-2.868,0.048,0.29,0,none,0
S01940,Tartu,KA-100,69,M,former,0,high,0,26.5,82.7,5.2,4.54,4.7,0.94,1.92,30.6,MB-2.0,3.936,3.586,3.286,3.41,3.864,-3.29,-2.423,-3.366,0.212,0.325,0,none,0
S01941,Uppsala,KB-200,62,F,former,1,moderate,0,33.5,101.7,5.85,6.32,12.9,3.63,1.74,19.5,MB-2.0,-0.112,0.509,0.577,-2.1,-1.502,-0.588,-0.359,-0.39,0.203,-0.816,0,none,0
S01942,Leuven,KA-100,67,M,never,0,moderate,0,22.3,82.2,5.61,5.62,2.6,0.65,1.79,33.9,MB-2.0,1.487,1.818,1.643,1.801,1.212,-1.236,-1.858,-0.717,0.386,-0.378,0,none,0
S01943,Aarhus,KA-100,60,M,never,1,high,0,32.5,105.1,6.25,6.39,11.0,3.11,1.61,23.2,MB-2.0,0.128,-0.06,0.18,0.634,0.464,0.024,-0.225,0.221,-0.266,0.311,0,none,0
S01944,Leuven,KA-100,49,F,former,1,high,0,29.4,86.2,5.23,4.88,6.5,1.41,2.21,29.2,MB-2.0,0.203,0.394,-0.674,-0.365,0.359,-0.007,0.15,-0.383,-0.369,0.97,0,none,0
S01945,Leuven,KA-100,62,M,never,1,high,0,29.8,96.6,5.31,4.58,10.2,2.07,1.8,25.0,MB-2.0,0.252,0.647,0.335,1.349,1.311,-0.625,-1.159,-1.002,-0.253,0.234,0,none,0
S01946,Tartu,KA-100,55,F,current,0,high,1,25.8,68.4,5.74,5.43,4.8,1.17,1.51,26.9,MB-2.0,1.337,1.755,1.986,1.983,2.364,-2.028,-2.041,-1.698,-0.505,0.255,0,none,0
S01947,Porto,KB-200,64,F,former,0,high,0,27.2,73.6,5.62,4.57,2.4,0.49,1.62,34.7,MB-2.0,0.384,-0.961,-0.361,-1.403,-0.489,1.418,0.693,-0.173,0.193,-0.158,0,none,0
S01948,Porto,KB-200,46,M,never,1,moderate,0,22.3,86.4,5.57,5.57,9.4,2.33,1.25,43.0,MB-2.0,-0.663,-0.146,-0.785,-0.737,-1.51,1.27,1.056,0.901,0.056,0.008,0,none,0
S01949,Uppsala,KB-200,65,F,never,0,high,0,31.2,93.2,5.22,5.76,9.2,2.36,1.73,27.3,MB-2.0,1.063,-0.503,0.655,0.818,-0.708,-0.04,-0.72,-0.027,-0.898,0.319,0,none,0
S01950,Tartu,KA-100,50,F,never,0,moderate,0,34.7,101.6,5.53,5.53,2.9,0.72,1.47,23.4,MB-2.0,0.622,0.533,-0.011,0.473,1.523,-0.645,0.3,-0.46,-0.155,0.019,1,dietitian,1
S01951,Leuven,KA-100,61,M,never,0,moderate,0,27.5,97.7,5.75,5.02,4.2,0.94,1.09,,MB-2.0,-1.799,-1.573,-1.48,-1.144,-1.367,1.606,1.24,1.496,-0.337,0.633,0,dietitian,0
S01952,Leuven,KA-100,59,M,former,0,high,0,24.7,79.2,5.51,4.39,2.3,0.45,2.05,28.6,MB-2.0,0.706,1.575,1.202,1.734,0.636,-0.313,-1.046,-0.789,0.793,0.168,0,none,0
S01953,Porto,KB-200,47,M,current,0,moderate,0,30.5,104.2,6.03,4.55,4.7,0.94,1.55,34.6,MB-2.0,-0.306,-0.845,0.498,-1.88,1.591,-1.537,-0.834,-0.729,-0.76,0.439,0,none,0
S01954,Aarhus,KA-100,66,M,former,0,high,0,22.8,85.1,5.28,5.2,2.5,0.57,2.07,37.5,MB-2.0,1.505,1.533,0.918,1.203,0.425,-1.36,-1.411,-1.344,0.472,-0.282,0,none,0
S01955,Porto,KB-200,60,F,never,0,high,0,29.2,82.0,5.91,5.27,7.4,1.73,1.46,26.5,MB-2.0,-0.588,0.774,-0.963,-1.555,-1.234,0.663,1.449,1.181,-0.67,-0.119,0,none,0
S01956,Leuven,KA-100,63,F,never,0,moderate,0,31.4,105.0,5.43,5.77,4.9,1.25,1.61,27.1,MB-2.0,1.443,1.699,2.458,2.025,1.677,-1.321,-1.517,-2.105,0.177,1.08,0,none,0
S01957,Aarhus,KA-100,56,F,current,0,high,0,26.2,76.6,5.16,4.79,5.5,1.16,2.26,30.2,MB-2.0,2.119,2.708,2.214,2.431,2.726,-2.08,-2.772,-2.422,-0.244,0.31,0,dietitian,0
S01958,Aarhus,KA-100,52,M,former,0,high,0,22.7,83.2,5.26,4.76,2.5,0.54,1.6,28.8,MB-2.0,2.161,2.407,1.705,2.097,1.544,-1.373,-2.033,-1.696,0.096,-1.323,1,dietitian,0
S01959,Tartu,KA-100,54,F,former,0,high,0,26.3,75.0,5.34,4.44,,,1.8,13.3,MB-2.0,1.669,1.925,2.242,1.645,1.592,-1.519,-1.841,-2.377,0.617,0.315,0,none,0
S01960,Porto,KB-200,50,M,never,0,moderate,0,30.0,90.8,5.87,5.92,8.2,2.15,1.58,45.6,MB-2.0,0.006,0.35,1.035,0.826,0.691,0.294,-0.579,-0.726,0.166,-0.277,0,dietitian,0
S01961,Uppsala,KB-200,59,M,current,0,high,0,23.8,88.5,5.32,4.56,2.1,0.42,1.24,27.7,MB-2.0,0.307,0.191,0.159,-1.173,0.145,1.585,1.112,0.268,0.628,-0.459,0,none,0
S01962,Leuven,KA-100,63,F,never,0,high,1,29.1,82.9,5.51,4.84,10.8,2.32,1.44,28.5,MB-2.0,-0.688,-1.663,-0.508,-0.344,-0.826,-0.105,-0.096,0.397,-0.592,-0.098,0,none,0
S01963,Aarhus,KA-100,58,F,never,0,high,0,24.4,67.4,5.21,5.04,4.7,1.06,2.22,39.0,MB-2.0,2.741,2.515,1.878,2.323,2.325,-2.156,-1.903,-2.474,0.283,0.407,0,none,0
S01964,Tartu,KA-100,62,M,never,1,high,0,26.7,88.8,5.27,5.32,,,1.94,15.7,MB-2.0,-0.045,-0.092,-0.436,-0.845,-0.936,0.575,1.662,0.86,0.193,-0.621,1,diabetes service,1
S01965,Leuven,KA-100,75,M,never,1,moderate,0,24.6,89.6,5.22,4.4,4.2,0.83,1.73,18.9,MB-2.0,1.827,1.368,2.62,2.264,2.55,-1.943,-2.147,-2.307,-0.226,0.147,0,none,0
S01966,Uppsala,KB-200,48,F,never,1,high,0,22.3,67.5,5.32,5.47,3.1,0.76,1.99,39.2,MB-2.0,-1.869,0.348,1.739,-0.817,0.025,0.882,-1.387,-0.761,-0.448,0.046,0,none,0
S01967,Tartu,KA-100,48,F,former,1,high,0,26.0,77.2,5.59,4.38,3.2,0.63,1.72,41.9,MB-2.0,0.642,1.115,0.921,1.145,0.968,-0.456,-0.922,-0.883,0.394,0.218,0,none,0
S01968,Tartu,KA-100,41,F,never,0,high,0,31.3,92.5,5.18,4.79,,,1.46,24.7,MB-2.0,2.421,3.206,2.126,2.299,3.309,-1.928,-2.022,-1.967,0.177,-0.123,0,none,0
S01969,Porto,KB-200,60,M,never,0,moderate,0,23.9,91.6,5.23,4.7,5.3,1.11,1.79,36.9,MB-2.0,0.024,1.076,1.007,0.301,0.016,1.467,-1.292,-0.653,0.657,0.216,0,none,0
S01970,Aarhus,KA-100,60,M,current,0,high,0,34.6,121.4,5.16,4.63,8.2,1.69,1.76,28.3,MB-2.0,0.813,0.285,0.351,0.672,0.72,-0.296,-0.356,-0.607,-0.332,0.472,0,none,0
S01971,Aarhus,KA-100,69,F,never,0,low,0,26.4,73.0,5.34,6.27,11.7,3.26,1.74,13.8,MB-2.0,-0.281,0.164,0.184,0.727,-0.046,-0.579,-0.685,-0.625,0.091,0.018,0,none,0
S01972,Uppsala,KB-200,54,F,never,0,high,0,24.8,70.6,5.71,6.31,3.9,1.11,1.43,34.0,MB-2.0,-0.335,-0.392,-1.039,-0.877,0.459,0.582,1.964,1.138,-0.738,0.35,0,diabetes service,1
S01973,Aarhus,KA-100,58,F,former,0,moderate,0,26.5,69.1,5.17,5.69,,,1.4,27.9,MB-2.0,-0.397,-0.962,-0.657,-0.616,-0.537,1.471,0.912,1.33,0.297,0.586,1,diabetes service,1
S01974,Leuven,KA-100,55,F,never,0,high,0,24.5,67.1,5.24,5.25,6.9,1.6,2.0,38.2,MB-2.0,0.724,0.809,0.909,0.783,0.52,-1.433,-0.509,-0.964,-0.058,-0.572,0,none,0
S01975,Uppsala,KB-200,72,F,former,0,high,0,30.9,80.5,5.42,5.69,7.7,1.94,1.58,18.8,MB-2.0,-0.105,1.132,0.286,0.031,-0.181,0.328,0.39,0.1,-0.268,-0.148,0,dietitian,0
S01976,Tartu,KA-100,45,M,never,1,high,0,33.2,110.4,5.43,5.5,2.6,0.64,1.23,29.6,MB-2.0,1.676,1.195,1.551,1.466,1.805,-1.562,-1.28,-1.878,0.342,0.939,0,none,0
S01977,Porto,KB-200,57,M,never,0,high,0,20.9,73.9,5.68,4.87,6.5,1.41,1.56,30.6,MB-2.0,-0.785,-0.098,-0.044,-2.643,-0.409,0.129,0.45,0.386,0.029,0.491,0,none,0
S01978,Aarhus,KA-100,46,M,never,0,high,0,30.3,103.9,5.41,4.92,5.0,1.09,1.47,29.8,MB-2.0,-0.039,-0.332,-0.247,0.966,-0.253,0.588,0.531,0.212,0.757,-0.62,0,diabetes service,0
S01979,Aarhus,KA-100,53,F,never,0,low,0,20.8,65.3,5.31,6.19,4.2,1.17,1.72,37.3,MB-2.0,-0.469,-1.354,-0.017,-0.688,0.331,1.175,0.477,0.504,0.459,0.144,0,none,0
S01980,Aarhus,KA-100,58,M,never,0,high,0,27.9,86.4,5.24,4.69,5.6,1.16,1.11,29.8,MB-2.0,0.625,0.472,0.56,0.569,0.605,-0.272,-0.376,-1.517,-0.308,0.467,0,none,0
S01981,Tartu,KA-100,69,M,never,0,high,0,32.5,117.4,5.21,5.39,4.4,1.06,2.0,36.9,MB-2.0,0.48,0.781,0.679,0.74,1.133,-1.012,-1.471,-0.049,0.568,0.181,0,none,0
S01982,Uppsala,KB-200,60,F,never,0,high,0,21.4,67.0,5.52,5.0,2.8,0.62,1.81,24.0,MB-2.0,-0.407,0.488,1.597,-2.368,-0.929,2.379,-1.01,-0.464,0.242,-0.057,0,none,0
S01983,Leuven,KA-100,56,M,never,0,moderate,0,25.6,86.5,5.51,4.65,3.7,0.76,1.32,23.0,MB-2.0,1.02,0.938,0.637,0.335,-0.071,-0.336,-0.189,-1.164,-0.538,-0.136,0,none,0
S01984,Leuven,KA-100,55,M,never,0,moderate,0,29.1,92.6,5.17,5.52,8.5,2.08,1.55,30.3,MB-2.0,-1.678,-1.233,-0.923,-0.737,-1.484,0.56,0.203,0.348,-0.21,-0.402,0,none,0
S01985,Tartu,KA-100,60,M,never,0,moderate,0,29.8,108.1,5.92,5.84,11.0,2.86,1.67,28.5,MB-2.0,0.339,1.149,0.028,1.643,0.361,-0.916,-0.933,-0.898,-0.004,0.501,0,none,0
S01986,Porto,KB-200,73,F,never,0,high,0,21.7,65.2,5.17,4.3,2.1,0.4,2.04,46.9,MB-2.0,1.568,0.176,2.534,-0.14,-0.27,-0.675,-2.749,-3.116,-0.424,-0.298,0,none,0
S01987,Leuven,KA-100,62,F,current,0,high,1,23.8,73.7,5.36,5.06,3.3,0.74,2.36,29.4,MB-2.0,0.022,0.581,0.055,0.32,0.332,-0.248,-0.567,-0.844,-0.173,-0.203,0,dietitian,0
S01988,Leuven,KA-100,59,F,former,0,high,0,33.3,97.7,5.67,4.59,3.9,0.79,1.67,29.5,MB-2.0,0.699,0.978,0.915,1.261,0.354,-0.354,0.219,-0.712,0.629,0.722,0,none,0
S01989,Uppsala,KB-200,57,F,never,0,high,0,23.6,68.7,5.54,4.44,5.6,1.11,1.39,39.5,MB-2.0,-0.176,1.009,1.087,-0.06,1.671,0.75,-2.102,-0.537,-0.12,0.361,0,none,0
S01990,Aarhus,KA-100,59,F,never,0,high,0,25.6,69.2,5.18,4.48,8.3,1.66,2.05,33.2,MB-2.0,0.437,1.3,0.636,0.707,0.773,-0.242,-0.913,-0.653,-0.28,-0.333,0,dietitian,0
S01991,Uppsala,KB-200,54,M,never,0,high,1,27.6,89.4,5.81,5.85,,,1.31,16.3,MB-2.0,-1.687,-0.655,0.403,-0.914,-1.122,2.239,-0.289,0.613,-0.342,0.423,0,none,0
S01992,Leuven,KA-100,57,M,never,0,high,0,26.8,99.3,5.18,4.84,5.6,1.21,1.71,25.2,MB-2.0,0.257,0.2,0.33,0.724,0.69,-0.087,0.234,-0.102,0.441,0.284,0,dietitian,0
S01993,Aarhus,KA-100,73,M,former,1,high,0,27.6,87.6,5.28,5.41,4.9,1.19,1.36,32.9,MB-2.0,1.827,2.716,2.303,1.453,1.028,-1.183,-1.745,-1.029,-0.593,-0.301,0,dietitian,0
S01994,Porto,KB-200,55,M,never,0,high,0,27.6,90.3,5.2,4.42,3.9,0.77,1.98,32.4,MB-2.0,-0.074,1.343,1.716,-2.16,0.618,0.415,-2.973,-2.863,-0.166,-0.132,1,diabetes service,1
S01995,Aarhus,KA-100,68,F,never,1,moderate,0,28.9,78.3,5.71,5.18,8.1,1.86,0.9,25.9,MB-2.0,1.173,1.463,1.29,1.097,1.124,-0.416,-0.522,-1.015,0.222,0.445,0,none,0
S01996,Tartu,KA-100,57,M,former,0,high,0,26.2,82.4,5.36,4.91,7.9,1.73,2.07,22.0,MB-2.0,-0.834,-0.522,-1.146,-1.187,-0.039,-0.766,1.748,0.921,-0.143,0.044,0,diabetes service,0
S01997,Aarhus,KA-100,65,F,former,0,high,0,19.7,65.2,5.31,4.75,4.3,0.9,1.88,23.8,MB-2.0,3.995,3.339,2.679,3.98,3.222,-2.418,-2.8,-2.774,-0.193,0.074,0,none,0
S01998,Aarhus,KA-100,61,M,never,0,high,0,27.9,88.9,6.08,4.35,5.0,0.96,0.9,28.3,MB-2.0,-1.312,-0.884,-0.83,-0.981,-0.686,1.041,0.795,1.182,-0.338,-0.408,1,diabetes service,1
S01999,Tartu,KA-100,64,M,former,0,high,0,29.7,99.1,5.7,5.9,4.1,1.07,1.23,27.3,MB-2.0,-2.382,-1.714,-1.776,-1.279,-2.173,1.467,1.497,1.063,-0.269,-0.124,0,none,0
S02000,Aarhus,KA-100,60,F,never,0,high,1,27.1,68.9,5.58,4.54,,,1.76,26.0,MB-2.0,1.304,0.442,0.249,1.196,0.683,-1.598,-0.764,-0.232,-0.063,-0.496,0,none,0
