cell_id,donor_id,sex,age,condition,lab,chemistry,processing,sorting,n_counts,n_genes,pct_mito,CD3D,CD3E,IL7R,CCR7,SELL,LEF1,S100A4,CD8A,CD8B,GZMK,CCL5,NKG7,GNLY,GZMB,KLRD1,PRF1,FCGR3A,MS4A1,CD79A,HLA-DRA,CD14,LYZ,S100A8,S100A9,FCN1,MS4A7,CST3,ACTB,B2M,MALAT1,FOS,JUN,DUSP1,HSPA1A,XIST,RPS4Y1,ISG15,IFI6,GSTM1,ERAP2,cell_type
AACGACGTGAACGTTC-1_D17,D17,M,42,SLE,C,10x 3' v3,cryopreserved biobank sample,total PBMC,3424,1486,4.52,2.54,2.54,0.0,1.366,1.923,1.366,0.0,0.0,0.0,0.0,0.0,0.0,0.0,0.0,0.0,1.366,0.0,0.0,0.0,0.0,0.0,0.0,0.0,1.923,0.0,0.0,0.0,4.864,4.451,4.718,2.54,0.0,0.0,2.54,0.0,1.366,0.0,1.366,0.0,2.278,CD4 naive T
TGACATTGGGGATGTA-1_D17,D17,M,42,SLE,C,10x 3' v3,cryopreserved biobank sample,total PBMC,3265,1451,4.67,0.0,0.0,0.0,0.0,1.964,0.0,1.402,0.0,0.0,0.0,0.0,0.0,0.0,0.0,0.0,0.0,0.0,1.402,2.321,3.781,0.0,1.402,1.402,0.0,0.0,0.0,0.0,3.454,4.911,4.712,2.964,0.0,1.402,0.0,0.0,3.111,0.0,1.402,0.0,0.0,B
TTGTACGCTGGCGCAC-1_D17,D17,M,42,SLE,C,10x 3' v3,cryopreserved biobank sample,total PBMC,3521,1462,5.15,2.514,1.345,0.0,1.345,0.0,0.0,0.0,1.345,1.899,0.0,1.345,2.514,2.253,0.0,0.0,0.0,0.0,0.0,0.0,1.345,0.0,0.0,0.0,0.0,0.0,0.0,0.0,5.192,5.16,5.691,1.899,0.0,1.899,0.0,0.0,1.345,1.345,0.0,0.0,1.345,CD8 T
ACAAGAATCGTGCATG-1_D17,D17,M,42,SLE,C,10x 3' v3,cryopreserved biobank sample,total PBMC,4734,2116,7.51,0.0,0.0,0.0,0.0,0.0,0.0,4.898,0.0,0.0,0.0,0.0,1.135,0.0,0.0,0.0,0.0,0.0,0.0,0.0,3.42,3.271,4.398,5.275,4.165,2.885,1.135,3.271,4.543,5.172,3.664,2.616,2.246,1.653,2.448,0.0,2.246,1.993,1.653,1.135,1.135,CD14 monocyte
CCCTAATCTAATGTTT-1_D17,D17,M,42,SLE,C,10x 3' v3,cryopreserved biobank sample,total PBMC,3854,1640,8.27,2.953,2.173,1.823,0.0,1.823,1.28,1.28,0.0,0.0,0.0,0.0,1.28,0.0,0.0,0.0,0.0,0.0,0.0,0.0,0.0,0.0,0.0,0.0,1.823,0.0,0.0,0.0,4.264,5.208,5.458,2.808,0.0,2.173,0.0,0.0,1.28,0.0,1.823,0.0,0.0,CD4 naive T
GACCCTAGACGTGATA-1_D17,D17,M,42,SLE,C,10x 3' v3,cryopreserved biobank sample,total PBMC,3601,1452,6.46,2.233,1.329,3.145,0.0,2.233,1.329,1.88,0.0,0.0,0.0,1.329,0.0,0.0,0.0,0.0,0.0,0.0,0.0,0.0,0.0,0.0,1.329,0.0,0.0,0.0,0.0,0.0,4.694,5.845,5.514,2.233,2.7,3.451,2.494,0.0,1.88,2.233,0.0,0.0,0.0,CD4 naive T
CCGAGCGCGGGAATCT-1_D17,D17,M,42,SLE,C,10x 3' v3,cryopreserved biobank sample,total PBMC,5238,2172,6.21,1.068,2.522,1.068,0.0,0.0,0.0,2.901,1.906,1.572,1.068,1.572,2.79,3.174,0.0,0.0,0.0,0.0,0.0,0.0,0.0,0.0,1.068,0.0,1.572,1.068,0.0,0.0,3.0,5.518,5.035,2.665,2.156,2.901,3.091,0.0,1.906,0.0,1.572,0.0,1.068,CD8 T
GGTATTCTCCTTCGTG-1_D17,D17,M,42,SLE,C,10x 3' v3,cryopreserved biobank sample,total PBMC,4309,1723,4.25,0.0,0.0,0.0,0.0,0.0,0.0,0.0,0.0,0.0,0.0,0.0,0.0,0.0,0.0,0.0,0.0,0.0,2.075,3.511,3.278,0.0,0.0,1.2,0.0,0.0,0.0,0.0,4.116,5.411,6.059,1.73,1.73,2.33,1.73,0.0,1.73,1.2,0.0,0.0,1.2,B
TGCCATCTTGTACTCT-1_D17,D17,M,42,SLE,C,10x 3' v3,cryopreserved biobank sample,total PBMC,6507,2431,4.97,0.0,0.0,0.0,0.0,0.0,0.931,1.405,0.0,0.0,0.0,4.135,3.785,4.206,3.975,1.967,2.161,1.725,0.0,0.0,0.0,1.405,0.931,0.0,0.931,0.931,0.0,0.0,5.163,6.252,3.819,1.725,1.405,1.405,1.725,0.0,2.795,0.931,1.405,0.0,0.931,NK
GTACCCTACATCTCAG-1_D17,D17,M,42,SLE,C,10x 3' v3,cryopreserved biobank sample,total PBMC,3569,1764,10.97,1.888,1.335,1.888,2.241,2.241,1.335,1.335,0.0,0.0,0.0,0.0,1.335,0.0,0.0,0.0,0.0,0.0,0.0,0.0,0.0,0.0,1.335,0.0,0.0,0.0,0.0,0.0,5.114,5.007,4.8,2.502,1.888,0.0,1.888,0.0,1.335,1.335,1.335,0.0,2.502,CD4 naive T
CCCACCGAATAAGCGT-1_D17,D17,M,42,SLE,C,10x 3' v3,cryopreserved biobank sample,total PBMC,2425,1167,6.9,2.862,1.634,0.0,1.634,1.634,0.0,0.0,2.862,1.634,0.0,0.0,0.0,0.0,0.0,0.0,0.0,0.0,0.0,0.0,0.0,0.0,0.0,0.0,0.0,0.0,0.0,0.0,4.321,5.314,5.373,2.225,1.634,2.225,2.225,0.0,0.0,1.634,2.225,0.0,0.0,CD8 T
TATAAGATCAAAGTAG-1_D17,D17,M,42,SLE,C,10x 3' v3,cryopreserved biobank sample,total PBMC,3203,1532,8.74,0.0,0.0,0.0,0.0,1.416,0.0,3.129,0.0,0.0,0.0,0.0,0.0,0.0,0.0,0.0,0.0,0.0,0.0,0.0,3.65,3.473,3.728,4.482,4.55,2.338,1.98,4.583,4.758,4.81,4.884,2.602,2.338,3.257,1.416,0.0,2.338,0.0,0.0,0.0,1.416,CD14 monocyte
CACTACACCTGAGCAC-1_D17,D17,M,42,SLE,C,10x 3' v3,cryopreserved biobank sample,total PBMC,3796,1719,5.61,1.836,2.186,0.0,2.186,2.446,0.0,2.446,2.186,1.29,0.0,2.446,2.446,0.0,0.0,0.0,0.0,0.0,0.0,0.0,0.0,0.0,0.0,0.0,1.29,0.0,0.0,0.0,3.634,6.254,5.416,2.186,2.186,3.207,2.651,0.0,2.651,0.0,0.0,0.0,1.29,CD8 T
GGTTCAGATAGCGTAA-1_D17,D17,M,42,SLE,C,10x 3' v3,cryopreserved biobank sample,total PBMC,3438,1584,4.25,3.061,0.0,1.919,1.363,0.0,0.0,1.363,1.363,1.363,0.0,1.919,3.659,2.915,0.0,0.0,0.0,0.0,0.0,0.0,0.0,0.0,0.0,1.363,0.0,0.0,0.0,0.0,4.574,4.339,5.429,2.915,0.0,0.0,2.275,0.0,1.363,1.363,1.363,0.0,1.363,CD8 T
CTCCTTACGCGGGGCC-1_D17,D17,M,42,SLE,C,10x 3' v3,cryopreserved biobank sample,total PBMC,4695,1834,5.27,0.0,0.0,0.0,0.0,2.0,0.0,4.14,0.0,0.0,0.0,0.0,0.0,1.141,0.0,0.0,0.0,0.0,0.0,0.0,3.279,2.767,4.505,4.891,5.25,2.767,0.0,3.428,3.954,4.457,4.595,3.775,3.196,4.173,2.767,0.0,2.0,0.0,1.66,0.0,2.0,CD14 monocyte
GTGCGCTACTGGGACC-1_D17,D17,M,42,SLE,C,10x 3' v3,cryopreserved biobank sample,total PBMC,7271,2561,15.8,0.0,0.0,0.0,0.0,0.0,0.0,3.837,0.0,0.0,0.0,0.0,0.0,0.865,0.0,0.0,0.0,0.0,0.865,0.0,3.566,1.634,5.192,5.237,4.659,3.895,0.865,4.119,4.05,3.807,3.922,2.363,2.363,2.938,2.594,0.0,0.0,1.872,1.322,0.0,0.0,CD14 monocyte
ATCTGGCACGGAGGTC-1_D17,D17,M,42,SLE,C,10x 3' v3,cryopreserved biobank sample,total PBMC,8267,2968,7.05,0.793,0.0,0.0,0.0,0.793,0.793,3.619,0.0,0.0,0.0,0.0,0.0,0.0,0.793,0.0,0.793,0.0,0.0,0.0,3.442,2.111,4.871,4.505,3.971,3.442,0.793,2.817,4.058,5.41,3.586,1.532,1.953,2.572,1.953,0.0,2.572,1.764,2.368,0.0,1.764,CD14 monocyte
GTTGTATCACAGCCGT-1_D17,D17,M,42,SLE,C,10x 3' v3,cryopreserved biobank sample,total PBMC,5247,2291,8.29,3.617,1.905,0.0,1.571,1.571,1.067,0.0,2.663,0.0,1.067,0.0,2.154,1.905,0.0,1.067,0.0,0.0,0.0,0.0,0.0,0.0,0.0,1.067,0.0,0.0,0.0,0.0,5.394,4.485,5.377,0.0,2.154,1.067,1.067,0.0,1.067,1.571,1.571,0.0,1.571,CD8 T
GGGGTGCACGCGACCT-1_D17,D17,M,42,SLE,C,10x 3' v3,cryopreserved biobank sample,total PBMC,4883,1750,13.09,0.0,0.0,1.114,0.0,1.114,0.0,3.39,0.0,0.0,0.0,0.0,0.0,0.0,0.0,0.0,0.0,0.0,0.0,1.114,2.967,2.855,4.341,3.873,4.066,2.587,2.419,4.286,4.639,3.915,3.578,3.83,2.587,2.855,3.39,0.0,1.628,1.628,0.0,0.0,1.114,CD14 monocyte
TTCCAGATGACGATAG-1_D17,D17,M,42,SLE,C,10x 3' v3,cryopreserved biobank sample,total PBMC,3877,1486,7.36,0.0,0.0,0.0,0.0,0.0,0.0,3.38,0.0,1.275,0.0,2.947,4.01,4.362,3.464,2.632,2.168,2.168,0.0,0.0,0.0,0.0,0.0,0.0,1.275,1.275,0.0,0.0,4.22,4.997,5.406,1.275,2.632,2.802,1.275,0.0,2.426,1.275,2.168,0.0,1.275,NK
ACCCTATCCTGAATGT-1_D17,D17,M,42,SLE,C,10x 3' v3,cryopreserved biobank sample,total PBMC,2611,1099,2.11,3.569,0.0,1.575,1.575,2.525,2.525,1.575,0.0,0.0,0.0,1.575,0.0,0.0,0.0,0.0,0.0,0.0,0.0,0.0,0.0,0.0,0.0,0.0,1.575,0.0,0.0,0.0,5.24,6.328,6.349,3.003,0.0,2.159,1.575,0.0,2.525,1.575,0.0,0.0,0.0,CD4 naive T
GGCTCCGAGTGAGGTG-1_D17,D17,M,42,SLE,C,10x 3' v3,cryopreserved biobank sample,total PBMC,3747,1451,5.59,3.22,2.198,2.458,1.3,0.0,1.847,2.198,0.0,0.0,0.0,0.0,0.0,0.0,0.0,0.0,0.0,0.0,0.0,0.0,0.0,0.0,0.0,0.0,0.0,0.0,1.3,0.0,3.413,4.94,5.207,1.847,1.847,2.198,1.3,0.0,1.847,0.0,0.0,0.0,0.0,CD4 naive T
ACGACGTGCGAAACCT-1_D17,D17,M,42,SLE,C,10x 3' v3,cryopreserved biobank sample,total PBMC,2740,1137,9.03,0.0,0.0,0.0,0.0,0.0,0.0,3.408,0.0,0.0,1.537,2.116,4.254,3.279,2.116,1.537,1.537,2.116,0.0,0.0,0.0,0.0,0.0,0.0,0.0,0.0,0.0,0.0,5.192,5.289,4.398,0.0,0.0,2.481,2.747,0.0,2.116,0.0,1.537,0.0,2.116,NK
TATGTTTTCTTTATGA-1_D17,D17,M,42,SLE,C,10x 3' v3,cryopreserved biobank sample,total PBMC,9959,3251,7.81,1.613,2.776,1.949,0.0,0.0,0.695,2.201,0.0,0.0,0.0,1.795,0.0,0.0,0.0,0.0,0.0,0.0,0.0,0.0,0.0,0.0,0.0,1.101,0.695,0.0,0.695,0.0,4.447,5.58,5.66,2.402,1.613,2.201,1.389,0.0,2.306,1.795,1.389,0.0,1.795,CD4 memory T
TTCGACAAACGACGCG-1_D17,D17,M,42,SLE,C,10x 3' v3,cryopreserved biobank sample,total PBMC,7460,2843,7.04,0.0,0.0,0.85,0.0,0.85,0.0,3.579,0.0,0.0,0.0,0.0,0.0,0.85,0.0,0.85,0.0,0.0,0.0,0.0,3.372,2.914,4.277,5.24,4.332,2.668,0.0,3.924,5.704,5.6,4.463,3.812,2.57,3.276,0.85,0.0,2.757,1.85,1.85,0.0,0.85,CD14 monocyte
TAAGTCGCCCAACGCA-1_D17,D17,M,42,SLE,C,10x 3' v3,cryopreserved biobank sample,total PBMC,1480,837,3.95,3.058,2.049,2.049,0.0,2.675,3.058,3.058,0.0,0.0,0.0,0.0,0.0,0.0,0.0,0.0,0.0,0.0,0.0,0.0,0.0,0.0,0.0,0.0,0.0,0.0,0.0,0.0,4.693,5.603,5.442,0.0,2.049,0.0,3.333,0.0,2.675,0.0,0.0,0.0,0.0,CD4 naive T
GGTGCGAGATGCAGGG-1_D17,D17,M,42,SLE,C,10x 3' v3,cryopreserved biobank sample,total PBMC,2066,1000,7.44,2.368,2.368,0.0,0.0,3.227,0.0,1.765,0.0,0.0,1.765,0.0,0.0,0.0,0.0,0.0,0.0,0.0,0.0,0.0,0.0,0.0,0.0,0.0,0.0,0.0,0.0,0.0,4.721,6.491,5.246,0.0,2.368,1.765,1.765,0.0,0.0,1.765,1.765,0.0,0.0,CD4 naive T
TAGCGATTTCTGCGGC-1_D17,D17,M,42,SLE,C,10x 3' v3,cryopreserved biobank sample,total PBMC,2680,1311,8.69,2.501,2.136,2.136,0.0,0.0,0.0,2.136,0.0,0.0,0.0,2.501,0.0,0.0,0.0,0.0,0.0,0.0,0.0,0.0,0.0,0.0,1.554,1.554,0.0,0.0,0.0,0.0,3.646,5.651,5.061,2.136,2.501,1.554,2.501,0.0,2.501,2.501,0.0,0.0,0.0,CD4 memory T
AGACACCCGCCAATTG-1_D17,D17,M,42,SLE,C,10x 3' v3,cryopreserved biobank sample,total PBMC,2367,1026,12.5,2.615,0.0,3.271,1.653,1.653,2.615,2.615,0.0,0.0,0.0,2.246,0.0,0.0,0.0,0.0,0.0,0.0,0.0,0.0,0.0,0.0,0.0,0.0,2.615,0.0,0.0,0.0,3.767,5.619,5.208,1.653,1.653,1.653,0.0,0.0,3.271,1.653,2.246,0.0,0.0,CD4 naive T
CTCGCCTAAAGATTGG-1_D17,D17,M,42,SLE,C,10x 3' v3,cryopreserved biobank sample,total PBMC,4252,1739,11.35,0.0,0.0,0.0,0.0,0.0,0.0,4.693,0.0,0.0,0.0,0.0,0.0,0.0,0.0,0.0,0.0,0.0,0.0,0.0,3.099,1.209,3.92,2.342,2.086,1.741,1.209,4.53,5.646,4.555,4.303,3.872,2.342,3.375,2.342,0.0,0.0,1.741,1.741,0.0,0.0,CD16 monocyte
TAAATTGGATGCAGAA-1_D17,D17,M,42,SLE,C,10x 3' v3,cryopreserved biobank sample,total PBMC,4758,1876,4.22,0.0,0.0,0.0,0.0,0.0,0.0,2.443,1.132,0.0,1.132,3.899,3.415,5.225,3.092,2.88,1.132,2.443,0.0,1.132,1.132,0.0,0.0,0.0,1.649,0.0,0.0,0.0,4.644,5.982,2.611,2.611,2.241,1.132,0.0,0.0,2.443,0.0,1.132,0.0,1.132,NK
ACTGACGGTTACCTGG-1_D17,D17,M,42,SLE,C,10x 3' v3,cryopreserved biobank sample,total PBMC,2494,1151,4.52,0.0,2.567,0.0,1.612,2.2,1.612,2.836,0.0,0.0,0.0,2.2,0.0,0.0,1.612,0.0,0.0,0.0,0.0,0.0,0.0,0.0,0.0,0.0,1.612,0.0,0.0,0.0,5.436,5.084,5.033,3.37,2.2,1.612,0.0,0.0,1.612,1.612,0.0,0.0,0.0,CD4 naive T
ATAAACCCGTAACCGA-1_D17,D17,M,42,SLE,C,10x 3' v3,cryopreserved biobank sample,total PBMC,7606,3123,8.94,0.839,0.0,0.0,0.0,0.839,0.0,1.598,0.0,0.0,0.0,0.0,0.0,0.0,0.0,0.0,0.0,0.0,0.0,0.0,2.966,2.552,4.029,5.256,4.052,2.552,0.0,3.522,5.571,5.116,5.008,3.151,2.185,2.025,1.834,0.0,2.552,2.025,0.839,0.0,1.289,CD14 monocyte
ACTTGGACTATAAACC-1_D17,D17,M,42,SLE,C,10x 3' v3,cryopreserved biobank sample,total PBMC,13422,4625,12.18,0.0,0.0,0.0,0.557,1.553,0.0,3.271,0.0,0.0,0.0,0.0,0.557,0.0,0.0,0.0,0.0,0.557,0.557,0.0,2.436,2.615,5.096,4.454,4.705,3.014,0.0,3.52,5.447,5.43,4.808,2.898,1.827,2.856,1.553,0.0,2.042,1.174,1.174,0.0,0.912,CD14 monocyte
GACAATGGCAACAAAT-1_D17,D17,M,42,SLE,C,10x 3' v3,cryopreserved biobank sample,total PBMC,2772,1180,6.71,0.0,0.0,0.0,0.0,0.0,0.0,2.106,0.0,0.0,0.0,3.268,3.613,3.791,1.528,2.47,3.12,1.528,0.0,0.0,0.0,0.0,0.0,0.0,0.0,0.0,0.0,0.0,4.66,6.391,5.139,3.706,2.47,2.736,1.528,0.0,2.106,0.0,1.528,0.0,0.0,NK
CTCTGCCCGTGTGGGC-1_D17,D17,M,42,SLE,C,10x 3' v3,cryopreserved biobank sample,total PBMC,5834,2392,9.0,2.259,2.061,2.423,0.998,0.0,0.0,3.406,0.0,0.0,0.0,0.0,0.998,0.0,0.0,0.0,0.0,0.0,0.0,0.998,0.0,0.0,0.998,0.0,1.488,0.0,0.0,0.998,4.691,4.52,4.165,2.689,1.815,1.815,1.488,0.0,2.259,0.0,0.998,0.0,1.488,CD4 naive T
TACGTACAGAGGGCAT-1_D17,D17,M,42,SLE,C,10x 3' v3,cryopreserved biobank sample,total PBMC,2960,1309,10.75,3.205,2.41,1.477,0.0,1.477,2.675,2.41,0.0,0.0,0.0,0.0,0.0,0.0,0.0,0.0,0.0,0.0,0.0,0.0,1.477,0.0,0.0,0.0,2.048,0.0,0.0,0.0,4.692,6.007,5.135,2.41,2.675,2.675,0.0,0.0,2.048,2.048,0.0,0.0,1.477,CD4 naive T
TTCCGAGTGATACGGG-1_D17,D17,M,42,SLE,C,10x 3' v3,cryopreserved biobank sample,total PBMC,3848,1695,5.52,2.809,1.281,1.824,1.824,2.433,1.281,2.174,0.0,0.0,0.0,1.824,0.0,0.0,1.281,0.0,0.0,0.0,0.0,0.0,0.0,0.0,1.281,0.0,1.281,0.0,0.0,0.0,5.278,6.075,5.899,2.433,2.433,1.281,2.639,0.0,1.824,0.0,0.0,0.0,0.0,CD4 naive T
TTCCTCACCAGGTAAC-1_D17,D17,M,42,SLE,C,10x 3' v3,cryopreserved biobank sample,total PBMC,6183,2556,6.3,3.35,0.962,0.962,2.371,0.962,0.0,1.443,2.207,1.767,0.0,0.0,2.011,0.962,0.0,0.0,0.0,0.0,0.0,0.0,0.0,0.0,0.962,0.0,0.0,0.0,0.0,0.0,4.365,6.096,4.344,2.933,2.207,1.767,0.0,0.0,1.767,2.207,0.962,0.0,0.962,CD8 T
CTTATTCCGTATACCT-1_D17,D17,M,42,SLE,C,10x 3' v3,cryopreserved biobank sample,total PBMC,5549,2050,3.51,1.03,0.0,0.0,0.0,0.0,0.0,3.196,1.03,0.0,0.0,1.857,3.83,3.79,3.333,1.857,2.469,2.105,0.0,0.0,1.03,0.0,0.0,1.03,0.0,0.0,0.0,0.0,4.725,5.943,5.491,3.119,1.527,3.036,2.105,0.0,1.527,0.0,0.0,0.0,1.03,NK
AAACTCTGGCGACCAC-1_D17,D17,M,42,SLE,C,10x 3' v3,cryopreserved biobank sample,total PBMC,7251,2687,7.28,2.596,0.867,0.0,0.867,1.324,0.867,2.227,1.324,0.0,0.867,1.324,2.783,2.066,0.867,0.0,1.324,0.0,0.0,0.0,0.0,0.867,1.324,0.0,0.0,0.0,0.0,0.0,4.594,4.934,4.36,2.783,2.366,1.324,0.0,0.0,1.874,1.324,0.867,0.0,0.0,CD8 T
GCGTACGGGCTTGCAA-1_D17,D17,M,42,SLE,C,10x 3' v3,cryopreserved biobank sample,total PBMC,4020,1610,8.35,2.913,2.913,2.393,0.0,2.393,0.0,2.768,0.0,0.0,0.0,0.0,1.249,0.0,0.0,0.0,0.0,0.0,0.0,0.0,0.0,0.0,0.0,0.0,0.0,0.0,0.0,0.0,3.507,5.702,5.359,2.136,2.768,2.136,1.249,0.0,1.249,0.0,1.249,0.0,0.0,CD4 naive T
ATTTGACAGGTGTATG-1_D17,D17,M,42,SLE,C,10x 3' v3,cryopreserved biobank sample,total PBMC,8607,2829,12.53,0.0,0.0,0.0,0.0,1.501,0.0,4.099,0.0,0.0,0.0,0.771,0.0,0.0,0.0,0.0,0.0,0.0,0.0,0.0,3.642,3.477,5.432,4.648,3.976,2.849,0.0,2.439,3.363,5.788,5.23,3.279,2.212,2.849,2.212,0.0,2.332,1.918,2.076,0.0,2.212,CD14 monocyte
CTATGGTAAAAGCATG-1_D17,D17,M,42,SLE,C,10x 3' v3,cryopreserved biobank sample,total PBMC,8111,2759,5.84,0.0,0.0,0.0,0.0,2.128,0.0,3.421,0.0,0.0,0.0,0.0,0.0,0.0,0.0,0.803,0.0,0.0,0.0,0.803,3.337,2.385,4.333,5.212,4.284,2.97,0.0,4.012,4.852,5.56,4.842,3.498,1.969,3.089,1.78,0.0,2.128,1.78,2.128,0.0,0.803,CD14 monocyte
CAGTTAACAGCAAATC-1_D17,D17,M,42,SLE,C,10x 3' v3,cryopreserved biobank sample,total PBMC,3667,1582,4.21,2.477,1.865,0.0,0.0,1.316,1.865,3.668,0.0,0.0,1.316,1.316,1.316,0.0,0.0,0.0,0.0,0.0,0.0,0.0,0.0,0.0,0.0,0.0,0.0,1.316,0.0,0.0,4.349,5.818,5.81,1.316,2.684,3.0,1.865,0.0,2.684,0.0,0.0,0.0,0.0,CD4 memory T
TGGATAAGTGATATAT-1_D17,D17,M,42,SLE,C,10x 3' v3,cryopreserved biobank sample,total PBMC,2786,1266,7.01,1.524,2.465,2.102,0.0,1.524,1.524,0.0,0.0,0.0,0.0,0.0,0.0,0.0,0.0,0.0,0.0,0.0,0.0,0.0,0.0,0.0,0.0,0.0,0.0,0.0,0.0,0.0,4.752,6.478,4.752,3.115,3.608,2.465,0.0,0.0,2.102,0.0,0.0,0.0,0.0,CD4 naive T
TAGCGCAATCGGACGG-1_D17,D17,M,42,SLE,C,10x 3' v3,cryopreserved biobank sample,total PBMC,5275,2225,14.99,3.244,2.658,2.516,0.0,1.567,1.9,2.783,0.0,0.0,0.0,0.0,0.0,0.0,0.0,0.0,0.0,0.0,0.0,0.0,0.0,0.0,1.063,0.0,0.0,0.0,0.0,0.0,4.291,5.847,4.436,2.783,2.516,1.567,2.15,0.0,3.084,1.063,1.567,0.0,1.9,CD4 naive T
GCGCAGAGAGTTTCTA-1_D17,D17,M,42,SLE,C,10x 3' v3,cryopreserved biobank sample,total PBMC,6144,2322,8.56,0.0,0.966,0.0,0.0,1.448,0.0,3.69,0.966,0.0,0.0,0.0,0.0,0.0,0.0,0.0,0.0,0.0,0.0,0.0,3.235,1.772,5.296,4.671,4.799,4.431,0.966,4.391,4.799,4.558,4.469,2.376,3.235,2.016,1.448,0.0,2.75,1.448,1.448,0.0,0.966,CD14 monocyte
CAGAATCAAAGAAGAG-1_D17,D17,M,42,SLE,C,10x 3' v3,cryopreserved biobank sample,total PBMC,7575,2908,7.7,0.0,0.0,0.0,0.0,1.838,0.0,3.601,0.0,0.0,0.0,0.0,0.0,0.0,0.0,0.0,0.0,0.0,0.0,0.0,3.446,2.188,4.775,4.891,5.529,3.311,0.0,4.243,5.757,3.097,4.334,3.671,3.097,3.097,2.653,0.0,1.292,2.188,1.292,0.0,1.602,CD14 monocyte
GGTCGGAACCTACTGT-1_D17,D17,M,42,SLE,C,10x 3' v3,cryopreserved biobank sample,total PBMC,12775,4317,11.48,0.0,0.0,0.0,0.0,1.208,0.0,4.91,0.0,0.0,0.0,0.0,0.0,0.0,0.0,0.578,0.0,0.0,0.942,0.0,1.592,3.061,4.838,4.972,3.749,3.373,1.208,4.972,5.394,4.189,3.854,2.985,0.0,2.813,1.74,0.0,2.263,1.419,1.419,0.0,0.578,CD14 monocyte
TACGTTCCATTCTTTA-1_D17,D17,M,42,SLE,C,10x 3' v3,cryopreserved biobank sample,total PBMC,2170,1076,3.82,1.724,0.0,0.0,1.724,1.724,2.324,1.724,0.0,0.0,0.0,0.0,0.0,0.0,0.0,0.0,0.0,0.0,0.0,0.0,0.0,0.0,1.724,0.0,0.0,0.0,0.0,0.0,1.724,5.383,4.43,2.967,2.967,1.724,1.724,0.0,2.696,0.0,1.724,0.0,2.324,CD4 naive T
TTAACGCATCACTAGC-1_D17,D17,M,42,SLE,C,10x 3' v3,cryopreserved biobank sample,total PBMC,5647,2283,8.22,0.0,0.0,0.0,0.0,0.0,0.0,2.288,1.019,0.0,0.0,2.719,3.773,4.514,2.453,1.842,2.09,2.719,1.019,0.0,0.0,0.0,1.019,1.019,1.842,0.0,0.0,0.0,4.607,5.338,5.355,2.595,0.0,1.019,2.09,0.0,1.513,0.0,1.019,0.0,1.019,NK
CTATGCACAACTGGGC-1_D17,D17,M,42,SLE,C,10x 3' v3,cryopreserved biobank sample,total PBMC,3289,1426,5.5,3.842,2.315,1.396,0.0,1.396,1.957,1.396,0.0,0.0,0.0,1.957,0.0,0.0,0.0,0.0,0.0,0.0,0.0,0.0,0.0,0.0,0.0,0.0,1.396,0.0,0.0,0.0,4.491,6.063,5.178,3.624,1.957,2.315,2.577,0.0,0.0,0.0,1.957,0.0,0.0,CD4 naive T
GTAGAGGGTCTTATCC-1_D17,D17,M,42,SLE,C,10x 3' v3,cryopreserved biobank sample,total PBMC,3475,1346,5.98,3.486,2.265,1.355,0.0,2.734,0.0,1.91,0.0,0.0,0.0,1.355,0.0,0.0,0.0,0.0,1.355,0.0,0.0,0.0,0.0,0.0,0.0,1.355,0.0,0.0,0.0,0.0,5.281,5.872,5.071,2.734,2.734,1.355,2.526,0.0,1.91,0.0,1.91,0.0,1.355,CD4 memory T
TCGTCATGTAGTTACC-1_D17,D17,M,42,SLE,C,10x 3' v3,cryopreserved biobank sample,total PBMC,8317,2725,4.72,0.0,0.0,0.0,0.0,1.225,0.79,3.706,0.0,0.79,0.79,0.0,0.0,0.0,0.0,0.0,0.79,0.0,0.0,0.0,3.645,2.881,4.901,4.892,3.436,3.172,0.79,4.276,4.995,6.073,3.676,3.008,1.759,2.655,1.528,0.0,0.79,1.948,1.948,0.0,0.79,CD14 monocyte
ACATGTAAGGCTACCG-1_D17,D17,M,42,SLE,C,10x 3' v3,cryopreserved biobank sample,total PBMC,6022,2278,6.2,3.188,0.979,0.979,2.034,2.034,0.0,0.0,2.034,0.0,0.0,1.789,2.034,0.979,0.0,0.0,0.0,0.0,0.0,0.0,0.979,0.0,0.0,0.0,0.0,0.0,0.0,0.0,4.66,4.451,4.872,2.034,2.23,1.464,0.979,0.0,1.789,0.979,0.0,0.0,1.464,CD8 T
AAGGGATTCGTCCTTA-1_D17,D17,M,42,SLE,C,10x 3' v3,cryopreserved biobank sample,total PBMC,9241,3024,17.46,0.0,0.0,0.0,0.0,0.0,0.0,3.927,0.0,0.0,0.0,0.0,0.0,0.0,0.0,0.0,0.0,0.0,0.0,0.0,4.066,3.071,4.6,4.6,5.013,3.542,1.152,4.683,4.544,6.357,4.447,3.12,2.965,3.12,2.268,0.0,2.149,0.733,2.149,0.733,1.446,CD14 monocyte
GCGAGGCGTGCGGAGG-1_D17,D17,M,42,SLE,C,10x 3' v3,cryopreserved biobank sample,total PBMC,3484,1553,4.87,3.568,1.908,1.908,1.908,2.263,2.902,1.353,0.0,0.0,0.0,1.353,0.0,0.0,0.0,0.0,0.0,0.0,0.0,0.0,0.0,0.0,0.0,1.353,0.0,0.0,0.0,0.0,5.103,4.727,4.953,1.908,1.908,1.908,1.908,0.0,2.902,0.0,0.0,0.0,1.353,CD4 naive T
CTCCGGTCATCATTAA-1_D17,D17,M,42,SLE,C,10x 3' v3,cryopreserved biobank sample,total PBMC,3376,1394,5.64,3.207,1.935,1.935,1.935,0.0,1.935,3.32,0.0,0.0,0.0,1.377,1.377,0.0,0.0,0.0,0.0,0.0,0.0,0.0,0.0,1.377,1.935,0.0,0.0,0.0,0.0,0.0,5.281,5.948,5.485,3.32,2.761,2.291,0.0,0.0,2.932,0.0,1.935,0.0,0.0,CD4 memory T
AGGCCTTCACGCCCGC-1_D17,D17,M,42,SLE,C,10x 3' v3,cryopreserved biobank sample,total PBMC,5200,2081,6.68,0.0,0.0,0.0,0.0,0.0,0.0,3.258,0.0,1.073,0.0,0.0,0.0,0.0,0.0,0.0,0.0,0.0,0.0,0.0,2.162,1.912,4.136,5.17,3.723,1.073,2.671,4.072,5.03,4.195,4.881,4.004,1.073,3.458,1.073,0.0,0.0,1.912,1.578,0.0,1.578,CD14 monocyte
CCCGGCTCCTGAAGAA-1_D17,D17,M,42,SLE,C,10x 3' v3,cryopreserved biobank sample,total PBMC,3800,1700,4.42,2.966,2.185,2.445,0.0,2.185,2.65,2.445,0.0,0.0,0.0,1.29,0.0,0.0,0.0,0.0,0.0,0.0,0.0,0.0,0.0,0.0,0.0,0.0,1.29,0.0,0.0,0.0,4.69,5.596,4.737,0.0,2.821,2.445,0.0,0.0,2.185,0.0,1.835,0.0,1.29,CD4 naive T
GGCGGTACCGTTCGCC-1_D17,D17,M,42,SLE,C,10x 3' v3,cryopreserved biobank sample,total PBMC,2449,1090,3.31,0.0,0.0,0.0,0.0,0.0,0.0,0.0,0.0,0.0,0.0,0.0,0.0,0.0,0.0,0.0,0.0,0.0,3.064,2.584,3.239,0.0,0.0,1.626,0.0,0.0,0.0,0.0,3.239,6.101,5.219,2.853,2.584,3.239,0.0,0.0,3.239,0.0,0.0,0.0,2.216,B
GAATTCTCGTCCTGAG-1_D17,D17,M,42,SLE,C,10x 3' v3,cryopreserved biobank sample,total PBMC,7331,2499,3.26,0.0,0.0,0.0,0.0,0.0,0.0,3.519,0.0,0.0,0.0,0.0,0.0,0.0,0.0,0.0,0.0,0.0,0.0,0.0,3.703,2.478,5.112,4.383,4.511,2.684,1.628,4.651,5.112,5.378,4.99,3.558,3.596,3.001,3.001,0.0,2.773,2.217,0.86,0.0,1.628,CD14 monocyte
GCCTTGGAGTCGGGTG-1_D17,D17,M,42,SLE,C,10x 3' v3,cryopreserved biobank sample,total PBMC,3823,1483,4.5,0.0,0.0,0.0,0.0,2.18,0.0,3.758,0.0,0.0,0.0,1.285,0.0,0.0,0.0,0.0,0.0,0.0,0.0,0.0,2.18,4.114,2.815,3.695,4.841,2.18,2.439,4.408,5.244,4.798,4.114,4.07,2.18,2.961,1.83,0.0,1.83,1.285,1.285,0.0,1.285,CD14 monocyte
GATAGGTCGGCAATAT-1_D17,D17,M,42,SLE,C,10x 3' v3,cryopreserved biobank sample,total PBMC,3741,1614,7.13,1.848,2.199,1.848,0.0,1.848,0.0,2.459,0.0,0.0,0.0,1.848,0.0,0.0,0.0,0.0,0.0,0.0,0.0,0.0,0.0,0.0,1.301,0.0,0.0,0.0,0.0,0.0,4.73,5.876,5.306,2.199,1.848,1.848,1.301,0.0,1.848,0.0,1.301,0.0,1.301,CD4 naive T
CCGGAGCTGTATTAGC-1_D17,D17,M,42,SLE,C,10x 3' v3,cryopreserved biobank sample,total PBMC,5113,1918,4.56,2.687,2.378,0.0,0.0,1.592,0.0,1.927,0.0,0.0,0.0,1.927,1.592,1.592,1.084,0.0,1.084,1.084,0.0,0.0,0.0,0.0,1.592,1.084,0.0,0.0,0.0,0.0,4.613,4.651,5.623,3.274,2.687,2.687,1.592,0.0,0.0,1.592,1.592,0.0,1.592,CD8 T
GGAGTTAGCTATAGCG-1_D17,D17,M,42,SLE,C,10x 3' v3,cryopreserved biobank sample,total PBMC,7567,2711,8.85,0.0,0.0,0.0,0.0,0.842,0.842,4.186,0.0,0.0,0.0,0.0,0.0,0.0,0.0,0.0,0.0,0.0,0.0,0.0,3.359,2.825,5.601,5.121,4.566,3.602,1.293,3.447,3.21,5.934,3.986,1.838,2.654,1.838,3.036,0.0,2.654,1.293,0.842,0.0,1.838,CD14 monocyte
GGCCTGATTCTCCACT-1_D17,D17,M,42,SLE,C,10x 3' v3,cryopreserved biobank sample,total PBMC,6536,2462,6.77,0.928,0.0,0.928,0.0,1.401,0.0,2.32,0.928,0.0,0.0,2.791,4.289,4.027,1.721,2.791,1.721,2.791,0.0,0.0,0.0,0.0,0.0,0.0,0.0,0.0,0.0,0.0,4.594,5.909,5.571,0.0,1.963,2.583,0.928,0.0,2.158,1.963,0.928,0.0,1.963,NK
TTACTAGGATAGGGGG-1_D17,D17,M,42,SLE,C,10x 3' v3,cryopreserved biobank sample,total PBMC,5072,2113,10.22,0.0,1.089,1.089,0.0,1.089,0.0,3.282,0.0,0.0,0.0,0.0,0.0,0.0,0.0,0.0,0.0,1.089,0.0,1.089,2.931,2.695,5.328,3.031,4.129,2.695,0.0,3.956,4.876,5.858,5.757,3.597,2.385,2.552,1.089,0.0,2.184,1.089,0.0,0.0,0.0,CD14 monocyte
CAGATCGATGCGACCG-1_D17,D17,M,42,SLE,C,10x 3' v3,cryopreserved biobank sample,total PBMC,3946,1661,5.58,1.262,0.0,0.0,0.0,0.0,0.0,2.152,0.0,0.0,0.0,3.057,3.057,4.311,3.525,1.803,1.262,2.41,0.0,0.0,0.0,0.0,0.0,0.0,0.0,0.0,0.0,0.0,4.376,5.745,5.212,1.803,2.41,2.931,1.803,0.0,1.262,1.262,1.262,0.0,0.0,NK
GGGGAAAGATCCGAGG-1_D17,D17,M,42,SLE,C,10x 3' v3,cryopreserved biobank sample,total PBMC,10935,3476,8.58,0.0,0.649,0.0,0.0,1.32,0.0,3.497,0.0,0.0,0.0,0.0,0.0,0.0,0.0,0.0,0.0,0.0,0.0,0.0,2.689,2.403,4.699,4.146,4.507,2.222,0.649,3.784,4.603,3.741,4.411,2.556,2.118,2.317,1.32,0.0,1.539,2.118,1.539,0.0,2.222,CD14 monocyte
CACAAATTCCGGATAT-1_D17,D17,M,42,SLE,C,10x 3' v3,cryopreserved biobank sample,total PBMC,6233,2210,9.08,0.0,0.0,0.0,0.0,1.76,0.0,3.546,0.0,0.0,0.0,0.0,0.0,0.0,0.0,0.0,0.0,0.0,0.0,0.0,3.499,2.836,5.064,4.979,5.29,3.084,1.437,4.772,4.225,6.335,4.225,3.449,3.716,2.2,0.957,0.0,2.363,1.437,1.76,0.0,1.437,CD14 monocyte
TGCAATATCACTGTTG-1_D17,D17,M,42,SLE,C,10x 3' v3,cryopreserved biobank sample,total PBMC,2405,1110,9.47,0.0,0.0,0.0,0.0,0.0,0.0,4.571,0.0,0.0,0.0,0.0,0.0,0.0,0.0,0.0,0.0,0.0,0.0,0.0,2.601,2.87,5.069,4.213,4.008,2.232,0.0,3.649,5.633,5.677,4.382,3.93,2.232,1.641,1.641,0.0,2.232,2.232,0.0,0.0,1.641,CD14 monocyte
AAACTACGGCACCTCG-1_D17,D17,M,42,SLE,C,10x 3' v3,cryopreserved biobank sample,total PBMC,1988,819,4.77,1.797,2.403,0.0,0.0,0.0,0.0,1.797,0.0,0.0,0.0,0.0,0.0,0.0,0.0,0.0,0.0,0.0,0.0,0.0,0.0,0.0,1.797,0.0,1.797,0.0,0.0,0.0,5.176,5.644,4.989,2.403,1.797,0.0,0.0,0.0,3.05,1.797,0.0,0.0,0.0,CD4 naive T
GTCCGGGCGGTTTTCA-1_D17,D17,M,42,SLE,C,10x 3' v3,cryopreserved biobank sample,total PBMC,3782,1615,4.81,2.449,1.293,1.839,0.0,0.0,1.839,1.839,0.0,0.0,1.293,1.839,0.0,0.0,0.0,0.0,0.0,0.0,0.0,0.0,0.0,0.0,0.0,1.839,0.0,0.0,0.0,0.0,4.282,5.771,5.137,1.839,2.971,1.839,0.0,0.0,1.839,1.293,0.0,0.0,0.0,CD4 naive T
TTGTAGGGGTGGAGCG-1_D17,D17,M,42,SLE,C,10x 3' v3,cryopreserved biobank sample,total PBMC,4238,1683,13.34,3.455,1.212,1.212,0.0,1.744,1.212,2.345,0.0,0.0,0.0,0.0,0.0,0.0,0.0,0.0,0.0,0.0,0.0,0.0,0.0,0.0,0.0,0.0,1.212,0.0,0.0,0.0,3.594,5.488,5.055,1.212,1.212,1.744,2.345,0.0,1.744,1.212,0.0,0.0,0.0,CD4 memory T
TTTCATAAGATTGCGG-1_D17,D17,M,42,SLE,C,10x 3' v3,cryopreserved biobank sample,total PBMC,6831,2465,6.24,2.921,2.42,0.902,0.902,0.0,1.368,1.925,2.119,0.902,0.0,2.42,2.921,1.925,0.0,0.902,0.0,0.0,0.0,0.0,0.0,0.0,0.902,0.0,0.0,0.0,0.0,0.0,3.956,5.736,5.158,3.068,2.42,0.902,1.368,0.0,1.685,1.685,0.902,0.0,1.925,CD8 T
CGCAGACCACTGTTAA-1_D17,D17,M,42,SLE,C,10x 3' v3,cryopreserved biobank sample,total PBMC,11687,4256,12.17,0.0,0.0,0.0,0.0,0.0,0.618,3.958,0.0,0.0,0.0,0.0,0.0,0.0,0.0,0.0,0.0,0.0,0.0,0.0,4.051,3.146,5.49,4.368,4.822,3.46,1.272,4.421,6.106,4.908,4.471,2.687,1.944,2.422,2.343,0.0,1.664,1.944,1.814,0.0,1.487,CD14 monocyte
CCCATCGCTGCACACG-1_D17,D17,M,42,SLE,C,10x 3' v3,cryopreserved biobank sample,total PBMC,2584,1062,7.67,2.168,2.168,2.535,2.168,2.535,2.168,2.535,0.0,0.0,0.0,0.0,0.0,0.0,0.0,0.0,0.0,0.0,0.0,0.0,0.0,0.0,0.0,0.0,2.168,0.0,0.0,0.0,4.621,4.944,4.078,1.583,1.583,1.583,0.0,0.0,0.0,0.0,2.168,0.0,0.0,CD4 naive T
CTACGCATTACCCATC-1_D17,D17,M,42,SLE,C,10x 3' v3,cryopreserved biobank sample,total PBMC,3834,1723,7.59,0.0,0.0,0.0,0.0,0.0,0.0,4.111,0.0,0.0,0.0,0.0,0.0,0.0,0.0,0.0,0.0,0.0,0.0,0.0,2.178,3.391,5.429,4.373,6.085,3.198,1.283,4.632,5.268,5.124,4.153,3.198,2.437,2.958,0.0,0.0,1.827,0.0,1.827,0.0,1.827,CD14 monocyte
GTAATTGCATGTTTAC-1_D17,D17,M,42,SLE,C,10x 3' v3,cryopreserved biobank sample,total PBMC,6678,2262,10.62,0.915,0.0,0.0,0.0,1.385,0.0,3.217,0.0,0.0,0.0,2.861,3.649,4.225,2.673,3.089,0.915,1.944,0.0,0.0,0.0,0.0,0.0,1.385,0.0,0.0,0.0,0.0,4.423,6.055,4.889,2.301,2.861,1.385,1.385,0.0,2.139,1.944,1.703,0.0,1.385,NK
CTACACTGAGGCAGAT-1_D17,D17,M,42,SLE,C,10x 3' v3,cryopreserved biobank sample,total PBMC,3102,1348,7.6,4.32,2.368,3.16,0.0,0.0,2.008,2.368,0.0,0.0,0.0,0.0,0.0,0.0,0.0,0.0,0.0,1.441,0.0,0.0,0.0,0.0,0.0,0.0,0.0,0.0,0.0,0.0,5.202,5.738,4.32,2.84,0.0,2.368,2.008,0.0,3.013,2.368,1.441,0.0,3.013,CD4 naive T
CCCGCGGAGGCAGCAA-1_D17,D17,M,42,SLE,C,10x 3' v3,cryopreserved biobank sample,total PBMC,2284,1061,4.32,3.455,1.683,0.0,0.0,0.0,2.278,1.683,0.0,0.0,0.0,0.0,0.0,0.0,0.0,0.0,0.0,0.0,0.0,0.0,0.0,0.0,0.0,0.0,0.0,0.0,0.0,0.0,3.981,5.393,5.353,2.278,2.649,0.0,0.0,0.0,2.919,0.0,0.0,0.0,2.278,CD4 naive T
CTTGATATTCACACCA-1_D17,D17,M,42,SLE,C,10x 3' v3,cryopreserved biobank sample,total PBMC,3726,1622,7.38,0.0,0.0,0.0,0.0,0.0,0.0,2.985,0.0,0.0,0.0,0.0,0.0,0.0,0.0,0.0,0.0,0.0,0.0,0.0,2.669,2.203,4.581,5.001,4.297,3.503,0.0,2.669,4.221,5.283,4.524,2.463,2.669,2.669,2.839,0.0,1.851,1.304,1.304,0.0,1.851,CD14 monocyte
CTTATGGTCGTGCTTC-1_D17,D17,M,42,SLE,C,10x 3' v3,cryopreserved biobank sample,total PBMC,8851,3325,6.75,0.0,0.0,0.0,0.0,0.0,0.0,4.438,0.0,0.0,0.0,0.0,0.0,0.0,0.0,0.0,0.0,0.0,0.0,0.0,3.376,3.06,4.231,4.866,3.615,2.887,0.756,3.948,5.663,5.819,4.909,4.145,2.413,2.948,1.708,0.0,0.756,1.182,0.0,0.0,0.756,CD14 monocyte
CTCGGGGTGCGAATGT-1_D17,D17,M,42,SLE,C,10x 3' v3,cryopreserved biobank sample,total PBMC,4309,1765,6.76,0.0,0.0,0.0,0.0,1.2,0.0,4.943,0.0,0.0,0.0,0.0,0.0,0.0,0.0,0.0,0.0,0.0,0.0,1.2,3.439,3.641,4.801,4.636,5.138,1.73,0.0,2.848,5.779,5.765,2.974,4.381,3.578,3.278,2.974,0.0,0.0,1.2,2.33,0.0,1.73,CD14 monocyte
GCACATGCTGCGAACC-1_D17,D17,M,42,SLE,C,10x 3' v3,cryopreserved biobank sample,total PBMC,2944,1278,4.55,3.21,1.481,3.452,0.0,1.481,0.0,2.89,0.0,0.0,0.0,2.053,0.0,0.0,1.481,0.0,0.0,0.0,0.0,0.0,0.0,1.481,0.0,0.0,0.0,0.0,0.0,0.0,4.233,5.402,5.769,3.339,0.0,0.0,2.053,0.0,3.063,1.481,0.0,0.0,2.053,CD4 memory T
TGACCTACTCTTAGTT-1_D17,D17,M,42,SLE,C,10x 3' v3,cryopreserved biobank sample,total PBMC,3140,1367,5.43,3.148,1.432,0.0,1.997,1.432,0.0,1.997,1.432,1.997,0.0,0.0,1.997,2.357,0.0,0.0,0.0,0.0,0.0,0.0,0.0,0.0,0.0,0.0,0.0,0.0,0.0,0.0,4.307,5.906,5.116,2.357,1.997,1.432,2.357,0.0,0.0,0.0,0.0,0.0,1.432,CD8 T
CTTCTTAGCGGCGTCC-1_D17,D17,M,42,SLE,C,10x 3' v3,cryopreserved biobank sample,total PBMC,3963,1396,10.42,2.781,3.053,2.926,0.0,0.0,3.053,2.148,0.0,0.0,0.0,0.0,0.0,0.0,0.0,0.0,1.259,0.0,0.0,0.0,0.0,0.0,1.799,0.0,0.0,0.0,0.0,0.0,4.12,5.856,5.325,1.259,2.611,2.781,2.406,0.0,2.148,0.0,0.0,0.0,1.799,CD4 naive T
AAAACCCGCGTCACAA-1_D17,D17,M,42,SLE,C,10x 3' v3,cryopreserved biobank sample,total PBMC,5841,2181,6.05,0.0,0.0,0.0,0.0,0.998,0.0,2.258,0.0,0.0,0.0,0.0,0.0,0.0,0.0,0.0,0.0,0.0,0.0,0.998,2.798,2.688,5.41,4.481,4.591,2.798,0.0,3.818,4.927,4.022,3.46,2.258,3.61,2.06,0.0,0.0,2.422,1.814,1.814,0.0,0.0,CD14 monocyte
TGGTAAGATTAAGTTA-1_D17,D17,M,42,SLE,C,10x 3' v3,cryopreserved biobank sample,total PBMC,10215,3643,6.51,0.0,0.0,0.0,0.0,1.37,0.0,2.465,0.0,0.0,0.0,0.0,0.0,0.683,0.0,0.0,0.0,0.0,0.0,0.0,3.763,2.87,4.31,4.199,4.706,1.592,0.683,3.643,5.041,5.536,4.949,3.198,1.928,2.813,2.924,0.0,2.178,1.928,1.37,0.0,1.084,CD14 monocyte
AACACCTTTCCCGGAT-1_D17,D17,M,42,SLE,C,10x 3' v3,cryopreserved biobank sample,total PBMC,4166,1646,6.86,0.0,2.361,0.0,0.0,1.224,0.0,2.565,2.104,1.224,0.0,0.0,2.734,3.311,0.0,1.224,0.0,0.0,0.0,0.0,0.0,0.0,0.0,0.0,1.224,0.0,0.0,0.0,4.029,5.455,5.562,3.544,2.361,3.395,2.361,0.0,2.104,1.758,1.224,0.0,0.0,CD8 T
GTGCATTCATGGACTT-1_D17,D17,M,42,SLE,C,10x 3' v3,cryopreserved biobank sample,total PBMC,8352,3007,6.15,1.222,0.0,0.0,0.787,0.787,0.0,2.563,0.787,0.0,0.0,4.089,4.238,3.506,3.759,2.877,2.942,1.944,0.787,0.0,0.0,0.0,0.787,0.0,0.0,0.787,0.0,0.0,5.099,6.186,4.048,2.807,1.222,2.563,2.359,0.0,2.102,0.787,0.787,0.0,2.102,NK
GCGAGGGACATGATCA-1_D17,D17,M,42,SLE,C,10x 3' v3,cryopreserved biobank sample,total PBMC,3371,1445,7.28,3.08,1.378,2.292,0.0,0.0,0.0,3.08,0.0,0.0,0.0,0.0,0.0,0.0,0.0,0.0,0.0,0.0,0.0,0.0,1.378,0.0,0.0,0.0,1.378,0.0,0.0,0.0,5.267,5.064,5.119,2.292,3.08,1.378,1.936,0.0,1.378,1.378,2.292,0.0,1.378,CD4 naive T
GTATACTAGCCCAGCG-1_D17,D17,M,42,SLE,C,10x 3' v3,cryopreserved biobank sample,total PBMC,3272,1394,2.76,0.0,0.0,0.0,0.0,0.0,0.0,3.707,0.0,0.0,1.4,0.0,0.0,0.0,0.0,0.0,0.0,0.0,1.4,0.0,2.319,2.79,4.863,1.962,3.237,3.91,0.0,3.452,6.054,4.562,4.309,3.544,2.582,2.319,3.109,0.0,1.4,1.4,0.0,0.0,1.4,CD14 monocyte
AGTCCTAAAACAGTCC-1_D17,D17,M,42,SLE,C,10x 3' v3,cryopreserved biobank sample,total PBMC,4088,1669,8.8,2.897,2.897,0.0,0.0,0.0,0.0,1.237,1.774,1.774,0.0,2.121,3.562,2.121,0.0,0.0,1.237,0.0,0.0,1.237,1.237,0.0,0.0,0.0,0.0,0.0,0.0,0.0,4.618,5.256,5.514,2.752,0.0,0.0,1.774,0.0,2.121,1.237,1.237,0.0,1.237,CD8 T
AAAGACCTTTATATTC-1_D17,D17,M,42,SLE,C,10x 3' v3,cryopreserved biobank sample,total PBMC,3268,1597,7.87,0.0,0.0,0.0,1.401,1.963,0.0,1.963,0.0,0.0,0.0,0.0,0.0,0.0,0.0,0.0,0.0,0.0,2.583,3.351,3.781,0.0,1.401,0.0,0.0,0.0,0.0,0.0,5.372,5.565,4.53,2.963,2.791,2.963,2.963,0.0,2.583,1.963,1.963,0.0,1.963,B
CCATTTCGAAAATACC-1_D17,D17,M,42,SLE,C,10x 3' v3,cryopreserved biobank sample,total PBMC,4385,1770,10.73,3.739,2.315,2.518,2.315,1.188,1.716,2.831,0.0,0.0,0.0,0.0,1.188,0.0,0.0,1.188,0.0,0.0,0.0,1.188,0.0,1.188,0.0,0.0,1.188,0.0,0.0,0.0,3.345,6.042,5.351,3.345,3.069,2.315,1.716,0.0,2.518,1.188,1.188,0.0,1.188,CD4 memory T
CAAGGCCTGGTGGCAT-1_D17,D17,M,42,SLE,C,10x 3' v3,cryopreserved biobank sample,total PBMC,9399,3253,8.5,0.0,0.0,0.0,0.0,0.725,0.0,3.774,0.0,0.0,0.0,0.0,0.0,0.725,0.0,0.0,0.0,0.0,0.0,0.0,3.356,2.892,5.473,5.203,3.845,2.454,1.433,3.195,5.249,5.66,4.235,2.831,1.659,2.542,1.999,0.0,2.358,0.725,2.358,0.0,1.14,CD14 monocyte
GGAGGACAGTCCCCGA-1_D17,D17,M,42,SLE,C,10x 3' v3,cryopreserved biobank sample,total PBMC,2844,1370,4.67,3.372,2.083,2.712,1.508,0.0,0.0,3.681,0.0,0.0,0.0,1.508,1.508,0.0,0.0,0.0,0.0,0.0,0.0,0.0,0.0,0.0,0.0,0.0,0.0,0.0,0.0,0.0,4.7,5.113,4.315,1.508,0.0,2.446,2.083,0.0,1.508,0.0,0.0,0.0,0.0,CD4 memory T
GCGCCTGGACAACAGC-1_D17,D17,M,42,SLE,C,10x 3' v3,cryopreserved biobank sample,total PBMC,6683,2339,8.32,0.0,0.0,0.0,0.0,1.384,0.0,4.348,0.0,0.0,0.0,0.0,0.0,0.0,0.0,0.0,0.0,0.0,0.0,0.0,3.275,2.77,3.723,4.818,4.716,3.479,2.44,3.687,3.889,4.661,4.422,3.759,3.089,3.382,0.0,0.0,2.3,1.384,0.0,0.0,1.384,CD14 monocyte
TCGATAGTGATCGGGA-1_D17,D17,M,42,SLE,C,10x 3' v3,cryopreserved biobank sample,total PBMC,6630,2614,4.78,0.0,0.0,0.0,0.0,0.92,0.0,4.116,0.0,0.0,0.0,0.0,0.0,0.0,0.0,0.0,0.0,0.0,0.92,0.0,3.224,3.282,4.896,3.897,3.656,2.778,0.0,3.39,5.619,5.413,4.013,3.439,0.0,2.145,2.867,0.0,2.145,1.39,2.308,0.0,0.0,CD14 monocyte
TTCCTCCGGGTCGAGT-1_D17,D17,M,42,SLE,C,10x 3' v3,cryopreserved biobank sample,total PBMC,8635,2968,13.1,0.0,0.0,0.0,0.0,0.0,0.0,4.407,0.0,0.0,0.0,0.0,0.0,0.0,0.0,0.0,0.0,0.0,0.0,0.0,2.329,2.701,4.751,3.639,5.567,2.776,1.199,3.807,5.246,3.994,4.015,3.608,1.728,3.437,1.199,0.0,2.329,1.498,0.769,0.0,0.769,CD14 monocyte
GACCAGCAAGTGGGAC-1_D17,D17,M,42,SLE,C,10x 3' v3,cryopreserved biobank sample,total PBMC,6864,2744,13.81,0.0,0.0,0.0,0.0,1.365,0.0,3.304,0.0,0.0,0.0,0.0,0.0,0.0,0.0,0.0,0.0,0.0,0.0,0.0,2.538,2.276,5.316,4.791,4.006,3.697,0.0,3.832,4.514,5.385,3.541,2.745,2.647,1.365,1.365,0.0,2.538,1.921,2.538,0.0,0.0,CD14 monocyte
CAAGGAAGAGTGTGCA-1_D17,D17,M,42,SLE,C,10x 3' v3,cryopreserved biobank sample,total PBMC,8487,2844,9.48,0.0,0.0,0.0,0.0,0.779,0.0,3.874,0.0,0.0,0.0,0.0,0.779,0.0,0.0,0.0,0.0,0.0,0.0,0.779,2.717,2.988,5.681,5.09,4.768,3.416,0.779,3.656,3.526,4.89,2.792,3.201,1.743,2.088,1.211,0.0,2.548,2.224,1.512,0.0,1.93,CD14 monocyte
GGTTCTAGGGATGAAC-1_D17,D17,M,42,SLE,C,10x 3' v3,cryopreserved biobank sample,total PBMC,5095,2135,7.08,1.93,1.594,1.594,0.0,1.086,0.0,3.478,0.0,0.0,0.0,1.93,1.93,0.0,0.0,0.0,0.0,0.0,0.0,0.0,0.0,0.0,0.0,1.086,1.086,0.0,0.0,0.0,4.351,6.396,5.682,0.0,2.548,1.93,1.594,0.0,2.381,1.086,0.0,0.0,1.086,CD4 memory T
GCCGGTATAACGTTGA-1_D17,D17,M,42,SLE,C,10x 3' v3,cryopreserved biobank sample,total PBMC,3916,1667,8.25,0.0,0.0,0.0,0.0,1.268,0.0,4.384,0.0,0.0,1.268,0.0,0.0,0.0,0.0,0.0,0.0,0.0,0.0,0.0,1.81,2.793,5.071,5.337,4.248,2.417,0.0,3.734,4.775,5.557,4.132,2.622,2.622,3.37,2.159,0.0,0.0,1.268,2.622,0.0,1.268,CD14 monocyte
ACCGAGACGACTGTGG-1_D17,D17,M,42,SLE,C,10x 3' v3,cryopreserved biobank sample,total PBMC,1933,985,3.94,3.862,0.0,2.429,1.82,2.429,1.82,2.429,0.0,0.0,0.0,0.0,1.82,0.0,0.0,1.82,0.0,0.0,0.0,0.0,0.0,0.0,0.0,0.0,2.429,0.0,0.0,0.0,5.175,5.724,5.017,1.82,1.82,3.291,0.0,0.0,0.0,1.82,0.0,0.0,0.0,CD4 naive T
CGGAAGTTGAGGCGAA-1_D17,D17,M,42,SLE,C,10x 3' v3,cryopreserved biobank sample,total PBMC,3584,1597,5.45,0.0,0.0,0.0,0.0,0.0,0.0,4.406,0.0,0.0,0.0,0.0,0.0,0.0,0.0,0.0,1.332,0.0,0.0,0.0,3.262,3.149,5.265,5.563,3.88,0.0,1.332,4.62,5.655,5.362,5.335,3.758,2.238,2.498,2.238,0.0,2.876,2.238,1.332,0.0,1.884,CD14 monocyte
TAGTCACCGCGCCGCC-1_D17,D17,M,42,SLE,C,10x 3' v3,cryopreserved biobank sample,total PBMC,4777,1819,8.06,0.0,0.0,0.0,0.0,1.985,1.129,4.088,0.0,0.0,0.0,0.0,0.0,0.0,0.0,0.0,0.0,0.0,0.0,0.0,2.607,0.0,4.737,4.841,4.599,1.646,1.985,4.308,4.64,4.335,4.389,3.708,3.088,2.751,2.607,0.0,2.439,1.129,1.985,0.0,0.0,CD14 monocyte
TAATCCTACACCTATC-1_D17,D17,M,42,SLE,C,10x 3' v3,cryopreserved biobank sample,total PBMC,4846,1994,10.68,0.0,0.0,0.0,0.0,2.225,0.0,3.398,0.0,0.0,0.0,0.0,0.0,0.0,0.0,0.0,0.0,0.0,0.0,0.0,3.326,3.074,5.022,5.125,5.075,3.881,1.12,4.001,5.603,4.921,4.606,2.863,3.249,1.12,1.12,0.0,1.635,0.0,2.594,0.0,0.0,CD14 monocyte
CGGGGATAGTGAGGTC-1_D17,D17,M,42,SLE,C,10x 3' v3,cryopreserved biobank sample,total PBMC,3748,1515,3.36,0.0,2.198,1.3,1.3,1.3,2.198,3.413,0.0,0.0,0.0,2.198,1.3,0.0,0.0,0.0,0.0,0.0,0.0,0.0,0.0,0.0,0.0,1.3,0.0,0.0,0.0,0.0,4.089,4.94,5.263,1.846,2.198,2.834,2.198,0.0,2.979,0.0,1.3,0.0,0.0,CD4 memory T
ACACTCGCTACCACTA-1_D17,D17,M,42,SLE,C,10x 3' v3,cryopreserved biobank sample,total PBMC,4370,1619,9.52,3.686,1.719,2.062,1.719,0.0,0.0,3.565,0.0,0.0,0.0,2.062,1.19,0.0,0.0,0.0,0.0,0.0,0.0,0.0,0.0,0.0,1.19,0.0,0.0,0.0,0.0,0.0,5.009,6.103,4.825,0.0,2.062,1.19,2.062,0.0,1.719,0.0,0.0,0.0,0.0,CD4 memory T
GGATTGGTCAATTAAA-1_D17,D17,M,42,SLE,C,10x 3' v3,cryopreserved biobank sample,total PBMC,3530,1613,3.75,2.251,1.344,2.251,0.0,2.251,1.344,1.344,0.0,0.0,0.0,0.0,0.0,0.0,0.0,0.0,0.0,0.0,0.0,0.0,0.0,0.0,0.0,0.0,1.897,0.0,0.0,0.0,5.337,5.323,6.576,2.512,0.0,2.719,1.344,0.0,2.719,0.0,0.0,0.0,1.897,CD4 naive T
TCTAAATCACGAACTG-1_D17,D17,M,42,SLE,C,10x 3' v3,cryopreserved biobank sample,total PBMC,6720,2438,6.41,0.912,0.0,0.0,0.0,0.0,0.0,4.435,0.0,0.0,0.0,0.0,0.0,0.0,0.0,0.0,0.0,0.0,0.0,0.0,3.562,1.38,5.27,3.753,4.871,2.765,1.698,3.972,5.207,4.948,4.452,1.939,1.698,1.698,1.698,0.0,1.698,0.912,1.939,0.0,1.38,CD14 monocyte
GGAGAGTGACGCTGGG-1_D17,D17,M,42,SLE,C,10x 3' v3,cryopreserved biobank sample,total PBMC,3381,1426,3.64,0.0,0.0,0.0,0.0,0.0,0.0,1.376,0.0,0.0,0.0,0.0,0.0,0.0,0.0,1.376,0.0,0.0,3.077,2.931,3.878,0.0,0.0,0.0,0.0,0.0,0.0,0.0,4.429,6.323,5.652,2.29,1.934,2.29,0.0,0.0,0.0,0.0,1.376,0.0,0.0,B
GGGTTCCAACAGTAGA-1_D17,D17,M,42,SLE,C,10x 3' v3,cryopreserved biobank sample,total PBMC,3989,1807,4.78,3.586,1.255,1.794,1.255,0.0,2.775,1.255,0.0,0.0,0.0,1.794,0.0,0.0,0.0,0.0,0.0,0.0,0.0,0.0,0.0,0.0,0.0,1.255,0.0,0.0,0.0,0.0,4.514,6.466,6.12,3.261,1.794,1.794,1.255,0.0,1.255,0.0,1.255,0.0,0.0,CD4 naive T
GAACTGAGCCGCACCC-1_D17,D17,M,42,SLE,C,10x 3' v3,cryopreserved biobank sample,total PBMC,3303,1364,8.4,2.311,0.0,1.954,1.393,1.393,0.0,1.954,0.0,0.0,0.0,1.393,0.0,0.0,0.0,0.0,0.0,0.0,0.0,0.0,0.0,0.0,1.954,0.0,2.311,0.0,0.0,0.0,3.341,4.7,2.781,1.393,2.573,2.311,1.954,0.0,0.0,1.393,1.393,0.0,1.393,CD4 naive T
GTCATATTCTTGTCCC-1_D17,D17,M,42,SLE,C,10x 3' v3,cryopreserved biobank sample,total PBMC,6839,2732,18.98,0.0,0.0,0.0,0.0,0.0,0.0,4.202,0.0,0.0,0.0,0.0,0.0,0.0,0.0,0.0,0.0,0.0,0.0,0.0,3.253,2.118,4.417,4.61,3.982,2.838,0.0,3.545,4.534,6.205,3.308,2.749,2.65,3.897,1.684,0.0,2.118,0.901,0.0,0.0,0.901,CD14 monocyte
AGGTAGTGTAGGCTAA-1_D17,D17,M,42,SLE,C,10x 3' v3,cryopreserved biobank sample,total PBMC,2858,1223,4.44,3.676,1.504,0.0,1.504,0.0,0.0,0.0,0.0,0.0,0.0,4.102,3.091,1.504,2.079,2.079,0.0,0.0,0.0,0.0,0.0,0.0,0.0,0.0,0.0,0.0,0.0,0.0,4.844,5.6,4.727,3.481,3.583,2.442,2.708,0.0,2.708,0.0,1.504,0.0,0.0,CD8 T
ATATGGATAGATTTCA-1_D17,D17,M,42,SLE,C,10x 3' v3,cryopreserved biobank sample,total PBMC,4951,1986,6.1,2.574,0.0,0.0,1.105,1.105,0.0,2.206,1.617,1.617,0.0,0.0,1.617,1.954,0.0,0.0,0.0,0.0,0.0,0.0,0.0,0.0,0.0,0.0,0.0,0.0,0.0,0.0,4.017,6.565,5.343,2.717,2.206,2.574,1.954,0.0,2.574,0.0,0.0,0.0,1.105,CD8 T
AAGGGGTCACTAGACC-1_D17,D17,M,42,SLE,C,10x 3' v3,cryopreserved biobank sample,total PBMC,1702,822,8.58,1.928,0.0,1.928,1.928,1.928,0.0,1.928,0.0,0.0,0.0,0.0,1.928,0.0,0.0,0.0,0.0,0.0,0.0,0.0,0.0,0.0,0.0,0.0,0.0,0.0,0.0,0.0,4.422,5.932,4.997,0.0,1.928,1.928,2.546,0.0,1.928,0.0,1.928,0.0,1.928,CD4 naive T
CTAAAGGTATATGAAG-1_D17,D17,M,42,SLE,C,10x 3' v3,cryopreserved biobank sample,total PBMC,10308,3638,9.03,0.0,0.0,0.0,0.0,0.678,0.0,4.481,0.0,0.0,0.0,0.0,0.0,0.0,0.0,0.0,0.0,0.0,0.0,0.0,2.862,3.016,5.459,4.47,4.413,2.916,1.585,4.097,4.545,4.697,3.684,3.659,2.68,2.17,2.275,0.0,2.053,0.678,1.079,0.0,1.92,CD14 monocyte
TCCCACACCTGCCCAC-1_D17,D17,M,42,SLE,C,10x 3' v3,cryopreserved biobank sample,total PBMC,3392,1436,3.41,3.315,1.931,2.549,1.373,1.931,2.287,1.931,0.0,0.0,0.0,0.0,0.0,0.0,0.0,0.0,0.0,0.0,0.0,0.0,0.0,0.0,0.0,1.931,0.0,0.0,0.0,0.0,4.425,5.181,5.539,1.373,3.074,0.0,1.373,0.0,0.0,0.0,1.373,0.0,1.373,CD4 naive T
CGATCAAGTGTAAGAG-1_D17,D17,M,42,SLE,C,10x 3' v3,cryopreserved biobank sample,total PBMC,1512,774,9.38,2.655,2.03,2.03,0.0,2.03,2.03,3.037,0.0,0.0,0.0,0.0,0.0,0.0,0.0,0.0,0.0,0.0,0.0,0.0,0.0,0.0,0.0,0.0,0.0,0.0,0.0,0.0,4.207,6.126,4.301,0.0,0.0,2.655,2.655,0.0,2.03,0.0,0.0,0.0,0.0,CD4 naive T
CATCCCCTTGCAAACG-1_D17,D17,M,42,SLE,C,10x 3' v3,cryopreserved biobank sample,total PBMC,3874,1652,6.39,1.276,0.0,0.0,0.0,0.0,0.0,3.543,0.0,0.0,0.0,0.0,0.0,0.0,0.0,0.0,0.0,0.0,0.0,0.0,2.948,1.276,4.182,4.057,4.258,2.632,1.276,4.944,5.372,4.329,4.785,2.427,2.803,3.075,2.168,0.0,2.168,0.0,1.276,0.0,2.427,CD14 monocyte
GTCTGATAACTTGAGT-1_D17,D17,M,42,SLE,C,10x 3' v3,cryopreserved biobank sample,total PBMC,5734,2069,7.07,2.439,0.0,2.274,1.009,2.076,2.915,2.439,0.0,0.0,0.0,1.009,0.0,0.0,0.0,0.0,0.0,0.0,0.0,0.0,1.009,0.0,0.0,1.009,0.0,0.0,0.0,0.0,3.716,6.16,5.289,1.501,2.815,1.501,1.83,0.0,2.274,0.0,0.0,0.0,1.83,CD4 naive T
ACTTTCACATAACCTA-1_D17,D17,M,42,SLE,C,10x 3' v3,cryopreserved biobank sample,total PBMC,3025,1298,8.09,2.864,2.03,1.46,0.0,0.0,0.0,2.655,0.0,1.46,0.0,1.46,2.39,2.03,0.0,2.39,1.46,2.03,0.0,0.0,0.0,0.0,0.0,0.0,0.0,0.0,0.0,0.0,3.924,6.617,5.63,2.03,2.39,2.655,1.46,0.0,0.0,2.39,1.46,0.0,1.46,CD8 T
CTTATCATGTGGGTGT-1_D17,D17,M,42,SLE,C,10x 3' v3,cryopreserved biobank sample,total PBMC,5371,2079,5.09,3.067,2.977,1.885,1.052,2.333,2.499,2.134,0.0,0.0,0.0,0.0,0.0,0.0,0.0,0.0,1.052,0.0,0.0,0.0,0.0,0.0,1.052,0.0,0.0,0.0,0.0,0.0,3.937,5.778,5.281,2.134,3.15,2.641,2.333,0.0,2.333,1.052,1.052,0.0,0.0,CD4 naive T
AGCTAAAGATGAACAG-1_D17,D17,M,42,SLE,C,10x 3' v3,cryopreserved biobank sample,total PBMC,6313,2386,5.02,0.949,0.0,0.0,0.0,0.0,0.0,2.996,0.0,0.0,0.0,0.949,0.0,0.0,0.0,0.0,0.0,0.949,0.0,0.0,3.209,0.0,4.799,3.209,3.271,2.996,1.75,4.033,6.317,5.7,3.664,3.385,2.352,3.385,1.427,0.0,0.949,2.352,1.427,0.0,1.75,CD16 monocyte
ATCGCACTGTTCGAAT-1_D17,D17,M,42,SLE,C,10x 3' v3,cryopreserved biobank sample,total PBMC,9936,3350,9.38,0.0,0.0,0.0,0.0,1.391,0.0,4.032,0.0,0.0,0.0,0.0,0.0,0.0,0.0,0.0,0.0,0.0,0.696,0.0,2.779,2.571,4.084,3.744,3.767,2.839,1.103,3.958,4.571,5.444,3.813,3.79,2.779,2.779,1.951,0.0,1.951,1.391,1.103,0.0,0.696,CD14 monocyte
ATAGCTGCATACAAGT-1_D17,D17,M,42,SLE,C,10x 3' v3,cryopreserved biobank sample,total PBMC,5184,2119,7.54,0.0,0.0,0.0,0.0,0.0,0.0,3.101,0.0,0.0,0.0,0.0,0.0,0.0,0.0,0.0,0.0,0.0,0.0,0.0,3.462,2.674,5.106,4.518,3.462,3.101,1.581,3.771,4.824,5.521,3.935,3.52,2.365,1.581,2.365,0.0,1.581,1.075,1.075,0.0,1.075,CD14 monocyte
ACAGCCGGTTTGAGCA-1_D17,D17,M,42,SLE,C,10x 3' v3,cryopreserved biobank sample,total PBMC,1812,897,6.83,3.353,0.0,1.875,0.0,1.875,3.353,1.875,0.0,0.0,0.0,1.875,0.0,0.0,0.0,0.0,0.0,0.0,0.0,0.0,1.875,0.0,0.0,1.875,0.0,0.0,0.0,0.0,5.643,5.737,5.45,2.488,1.875,3.139,2.865,1.875,0.0,0.0,0.0,0.0,1.875,CD4 naive T
CGAGCGCTAATCAGAA-1_D17,D17,M,42,SLE,C,10x 3' v3,cryopreserved biobank sample,total PBMC,6905,2669,5.78,1.916,0.895,0.0,0.0,0.895,0.895,0.895,0.895,1.36,0.895,0.0,3.185,0.895,0.0,0.0,0.0,1.676,0.0,0.0,0.0,0.0,0.895,0.0,0.0,0.0,0.0,0.0,4.372,5.986,4.982,2.41,2.641,1.36,2.271,0.0,0.0,1.36,0.895,0.0,1.916,CD8 T
GCCCGCCCCGCTGCAA-1_D17,D17,M,42,SLE,C,10x 3' v3,cryopreserved biobank sample,total PBMC,7491,2930,6.83,2.834,2.198,0.0,0.848,0.0,0.0,2.038,2.038,0.848,0.0,1.61,4.412,2.664,1.3,1.3,1.847,0.0,0.0,0.0,0.0,0.0,0.0,0.0,0.0,0.0,0.0,0.848,3.498,5.192,5.601,1.3,2.198,3.046,1.3,0.0,2.038,2.198,0.0,0.0,1.3,CD8 T
CTGGGCTTCAGCATCG-1_D17,D17,M,42,SLE,C,10x 3' v3,cryopreserved biobank sample,total PBMC,4160,1766,4.73,3.474,2.106,2.566,1.759,2.566,2.362,1.225,0.0,0.0,0.0,0.0,0.0,0.0,0.0,1.225,0.0,0.0,0.0,0.0,0.0,0.0,0.0,0.0,0.0,0.0,0.0,0.0,4.671,5.466,5.103,2.106,2.881,2.106,2.106,0.0,2.106,0.0,1.759,0.0,0.0,CD4 naive T
ACCAAGAATGACGGGT-1_D17,D17,M,42,SLE,C,10x 3' v3,cryopreserved biobank sample,total PBMC,4836,1755,10.02,0.0,0.0,0.0,0.0,1.636,0.0,4.144,0.0,0.0,0.0,0.0,0.0,0.0,0.0,0.0,0.0,0.0,0.0,0.0,3.466,3.076,5.366,5.286,5.264,1.975,0.0,4.427,4.668,3.529,4.351,2.596,2.596,1.975,2.428,0.0,3.076,1.636,1.636,0.0,1.636,CD14 monocyte
ACTTTCGGCGACCCGT-1_D17,D17,M,42,SLE,C,10x 3' v3,cryopreserved biobank sample,total PBMC,8516,3106,8.17,0.777,0.0,0.0,0.0,1.509,0.0,4.744,0.0,0.0,0.0,0.0,0.0,0.777,0.0,0.0,0.0,0.0,0.0,0.0,3.198,2.448,4.503,4.913,4.93,3.097,1.509,3.451,4.503,5.463,2.714,2.085,3.29,1.74,2.448,0.0,2.221,1.927,2.341,0.0,0.777,CD14 monocyte
GTACCATGTCAAATTG-1_D17,D17,M,42,SLE,C,10x 3' v3,cryopreserved biobank sample,total PBMC,3008,1256,4.71,0.0,2.66,1.464,1.464,0.0,0.0,1.464,2.035,1.464,0.0,2.66,0.0,0.0,0.0,0.0,1.464,0.0,0.0,0.0,0.0,0.0,0.0,0.0,0.0,0.0,0.0,0.0,4.765,5.509,5.214,3.993,1.464,2.395,1.464,0.0,2.869,1.464,1.464,0.0,1.464,NK
TCACACTCCTCTCGTT-1_D17,D17,M,42,SLE,C,10x 3' v3,cryopreserved biobank sample,total PBMC,8481,2939,7.32,0.0,0.0,0.0,0.0,1.211,0.779,4.074,0.0,0.0,0.779,0.0,0.0,0.0,0.0,0.0,0.0,0.0,0.0,0.0,3.047,1.743,4.968,4.685,4.397,2.989,1.211,3.527,5.653,5.467,3.594,2.345,3.336,3.378,2.225,0.0,2.549,0.0,2.089,0.0,0.779,CD14 monocyte
ATCGACGTTGTTCGGA-1_D17,D17,M,42,SLE,C,10x 3' v3,cryopreserved biobank sample,total PBMC,9328,3282,10.04,0.0,0.0,0.729,0.0,1.146,0.729,4.179,0.0,0.0,0.729,0.0,0.0,0.0,0.0,0.0,0.0,0.0,0.729,0.0,3.852,2.141,5.316,4.076,4.039,2.899,1.146,3.501,2.461,5.575,4.732,3.245,2.365,3.011,0.0,0.0,1.439,1.85,0.729,0.0,2.006,CD14 monocyte
TGGGTTAGATCCCTCT-1_D17,D17,M,42,SLE,C,10x 3' v3,cryopreserved biobank sample,total PBMC,6881,2457,6.38,0.897,0.0,0.0,0.0,1.679,0.0,4.394,0.0,0.0,0.0,0.0,0.0,0.0,0.0,0.0,0.0,0.0,0.0,0.0,3.247,2.413,4.848,5.396,4.217,3.451,0.897,2.112,4.259,4.496,4.726,2.413,2.413,3.354,2.832,0.0,2.645,0.0,1.919,0.0,2.274,CD14 monocyte
TTGAACATTCCAGAAG-1_D17,D17,M,42,SLE,C,10x 3' v3,cryopreserved biobank sample,total PBMC,2376,1205,3.34,3.763,1.65,2.243,0.0,0.0,2.243,2.243,0.0,0.0,0.0,2.243,1.65,0.0,0.0,0.0,0.0,0.0,0.0,0.0,0.0,0.0,1.65,0.0,1.65,0.0,0.0,0.0,3.66,6.251,4.02,2.243,0.0,2.243,0.0,0.0,2.243,0.0,2.243,0.0,0.0,CD4 memory T
CTGCTATGCGCCACAA-1_D17,D17,M,42,SLE,C,10x 3' v3,cryopreserved biobank sample,total PBMC,4341,1989,13.41,0.0,0.0,0.0,0.0,0.0,0.0,4.755,0.0,0.0,0.0,0.0,0.0,1.195,0.0,0.0,0.0,0.0,0.0,0.0,3.432,2.84,5.382,4.755,5.117,2.324,1.724,3.945,5.06,5.089,4.07,4.25,2.324,4.217,3.693,0.0,1.195,1.724,2.068,0.0,0.0,CD14 monocyte
CTCTGCGATTCAGTAG-1_D17,D17,M,42,SLE,C,10x 3' v3,cryopreserved biobank sample,total PBMC,4122,1659,2.24,0.0,0.0,0.0,0.0,0.0,0.0,2.371,1.231,0.0,0.0,3.229,5.004,4.122,3.016,2.745,2.114,1.767,0.0,0.0,0.0,0.0,0.0,0.0,0.0,0.0,0.0,0.0,4.826,5.802,5.141,2.371,0.0,2.889,1.767,0.0,3.128,2.114,1.231,0.0,0.0,NK
TCTCGGTGGACTCGAA-1_D17,D17,M,42,SLE,C,10x 3' v3,cryopreserved biobank sample,total PBMC,2871,1449,7.43,2.075,1.5,0.0,0.0,1.5,0.0,2.075,0.0,1.5,0.0,0.0,0.0,0.0,0.0,0.0,0.0,0.0,0.0,0.0,0.0,0.0,1.5,0.0,1.5,0.0,0.0,0.0,4.258,4.352,3.975,0.0,0.0,2.703,1.5,0.0,0.0,0.0,1.5,0.0,0.0,CD4 naive T
TGCCCGCCTGCAGCGG-1_D17,D17,M,42,SLE,C,10x 3' v3,cryopreserved biobank sample,total PBMC,2821,1253,4.68,0.0,0.0,2.091,1.514,2.091,0.0,3.38,0.0,1.514,0.0,0.0,0.0,0.0,0.0,0.0,0.0,0.0,0.0,0.0,0.0,0.0,0.0,0.0,0.0,1.514,0.0,0.0,3.992,5.26,5.364,3.774,2.93,2.93,0.0,0.0,1.514,1.514,2.091,0.0,0.0,CD4 naive T
CATAGAAGACTCGTCA-1_D17,D17,M,42,SLE,C,10x 3' v3,cryopreserved biobank sample,total PBMC,3720,1553,9.1,3.227,2.987,0.0,0.0,0.0,0.0,2.841,1.853,1.853,0.0,2.464,2.204,2.464,0.0,0.0,0.0,0.0,0.0,0.0,0.0,0.0,0.0,0.0,0.0,0.0,0.0,0.0,4.782,4.735,4.526,1.853,1.305,1.305,1.853,0.0,1.305,2.204,0.0,0.0,1.305,CD8 T
TCCCCAAACCCAATTT-1_D17,D17,M,42,SLE,C,10x 3' v3,cryopreserved biobank sample,total PBMC,7495,2927,6.49,0.0,0.0,1.3,0.0,0.0,0.0,4.112,0.0,0.0,0.0,0.0,0.0,0.0,0.0,0.0,0.0,0.0,0.0,0.0,2.457,2.98,3.714,4.254,4.235,2.98,1.61,4.603,5.676,5.452,3.497,3.045,2.663,2.834,2.752,0.0,2.198,0.848,0.0,0.0,1.3,CD14 monocyte
GAACCTCGATACTCAT-1_D17,D17,M,42,SLE,C,10x 3' v3,cryopreserved biobank sample,total PBMC,5058,1987,4.79,3.208,1.936,1.091,0.0,0.0,0.0,1.936,0.0,0.0,1.091,0.0,2.934,1.091,1.6,0.0,0.0,1.091,0.0,0.0,1.091,1.091,1.091,1.091,0.0,0.0,0.0,0.0,3.356,5.791,4.431,2.387,2.934,1.6,2.187,0.0,1.091,0.0,1.091,0.0,2.554,CD8 T
GGTTCCCTCCAGGACG-1_D17,D17,M,42,SLE,C,10x 3' v3,cryopreserved biobank sample,total PBMC,4881,1904,6.37,2.731,1.967,2.731,0.0,1.115,2.42,3.068,0.0,1.115,0.0,2.731,0.0,0.0,0.0,1.115,0.0,0.0,0.0,0.0,0.0,0.0,1.115,0.0,0.0,0.0,0.0,1.115,4.314,6.043,4.418,2.219,2.587,3.068,1.115,0.0,0.0,0.0,0.0,0.0,1.115,CD4 memory T
ATGAGTTTTCATGCGG-1_D17,D17,M,42,SLE,C,10x 3' v3,cryopreserved biobank sample,total PBMC,5115,2037,8.04,2.812,2.544,0.0,0.0,0.0,2.687,1.084,0.0,0.0,0.0,0.0,0.0,0.0,0.0,0.0,0.0,0.0,0.0,0.0,1.084,0.0,1.591,0.0,0.0,0.0,0.0,0.0,4.321,5.008,3.828,2.177,1.926,0.0,0.0,0.0,0.0,2.177,0.0,0.0,1.084,CD4 naive T
GGATGAGGGGGACATT-1_D17,D17,M,42,SLE,C,10x 3' v3,cryopreserved biobank sample,total PBMC,6163,2351,11.68,0.964,0.0,0.0,0.0,1.77,0.0,4.112,0.0,0.0,0.0,0.0,0.0,0.0,0.0,0.0,0.0,0.0,0.0,0.0,3.646,2.514,4.922,5.629,3.969,1.77,0.0,3.294,4.861,5.301,4.085,3.408,1.446,2.21,3.019,0.0,1.77,0.964,2.014,0.0,0.0,CD14 monocyte
AGACTTTCTGCGACTT-1_D17,D17,M,42,SLE,C,10x 3' v3,cryopreserved biobank sample,total PBMC,2272,1190,10.03,4.137,0.0,1.687,0.0,1.687,1.687,0.0,0.0,0.0,0.0,1.687,0.0,0.0,0.0,1.687,0.0,0.0,0.0,0.0,0.0,0.0,0.0,1.687,0.0,0.0,0.0,0.0,3.986,5.546,4.923,3.311,1.687,2.283,0.0,0.0,1.687,1.687,2.283,0.0,0.0,CD4 naive T
CGAATCGGGTATGGGA-1_D17,D17,M,42,SLE,C,10x 3' v3,cryopreserved biobank sample,total PBMC,4774,1909,6.93,0.0,0.0,0.0,0.0,1.986,0.0,4.389,0.0,0.0,0.0,0.0,0.0,0.0,0.0,0.0,0.0,0.0,0.0,0.0,2.751,1.13,5.309,4.936,4.89,1.647,0.0,3.977,5.319,5.74,5.063,3.479,2.238,3.6,2.238,0.0,1.13,0.0,1.13,0.0,0.0,CD16 monocyte
TCCCCTGGGGAATTCT-1_D17,D17,M,42,SLE,C,10x 3' v3,cryopreserved biobank sample,total PBMC,3308,1591,3.89,3.226,1.392,1.952,0.0,1.392,2.309,0.0,0.0,0.0,0.0,0.0,0.0,0.0,0.0,0.0,0.0,0.0,0.0,0.0,0.0,0.0,0.0,1.392,0.0,0.0,0.0,0.0,4.256,5.286,4.803,3.34,1.952,2.309,1.392,0.0,0.0,1.392,1.392,0.0,1.392,CD4 naive T
GGGTTTCCTGTGGAAT-1_D17,D17,M,42,SLE,C,10x 3' v3,cryopreserved biobank sample,total PBMC,7137,2402,8.71,0.0,0.0,0.0,0.0,0.876,0.0,3.762,0.0,0.0,0.0,0.0,0.0,0.0,0.0,0.0,0.0,0.876,0.0,0.0,2.709,2.798,4.969,4.61,4.092,2.38,1.336,3.545,5.423,5.92,4.41,3.762,2.242,2.08,2.502,0.0,1.888,2.88,1.888,0.0,2.709,CD14 monocyte
ACACATTTGTTGACGT-1_D17,D17,M,42,SLE,C,10x 3' v3,cryopreserved biobank sample,total PBMC,5157,2060,5.13,0.0,0.0,0.0,0.0,1.919,1.078,3.525,0.0,0.0,0.0,0.0,0.0,0.0,0.0,0.0,0.0,0.0,0.0,0.0,1.078,2.679,5.099,3.404,4.714,2.536,1.585,3.901,1.919,5.038,4.174,2.37,2.37,2.37,1.078,0.0,0.0,1.078,1.919,0.0,2.17,CD14 monocyte
TCAAGCAGCGCCCTAC-1_D17,D17,M,42,SLE,C,10x 3' v3,cryopreserved biobank sample,total PBMC,4029,1825,6.92,0.0,0.0,0.0,0.0,0.0,0.0,2.596,0.0,1.248,0.0,3.15,4.829,5.01,2.134,0.0,2.134,0.0,0.0,0.0,1.248,0.0,0.0,0.0,0.0,0.0,0.0,0.0,4.144,5.993,5.219,3.343,2.596,2.766,2.134,0.0,3.343,1.248,2.766,0.0,1.248,NK
GATTCTTCTGGAGGAA-1_D17,D17,M,42,SLE,C,10x 3' v3,cryopreserved biobank sample,total PBMC,7186,2584,14.45,0.0,0.0,0.0,0.0,0.872,0.0,3.987,0.0,0.0,0.0,0.0,0.0,0.0,0.0,0.0,0.872,0.0,0.0,0.0,3.652,2.074,4.734,4.943,5.241,2.374,1.331,1.882,3.961,5.263,4.453,3.02,0.872,2.074,2.702,0.0,1.331,1.882,1.644,0.0,0.872,CD14 monocyte
ACGTCTTTTACGTTTT-1_D17,D17,M,42,SLE,C,10x 3' v3,cryopreserved biobank sample,total PBMC,2719,1298,5.51,0.0,0.0,0.0,0.0,0.0,0.0,0.0,0.0,0.0,0.0,2.488,3.725,3.632,3.138,2.123,2.965,0.0,0.0,0.0,0.0,0.0,0.0,0.0,0.0,0.0,0.0,0.0,3.888,6.457,4.532,2.123,2.488,3.138,2.754,0.0,1.543,0.0,0.0,0.0,1.543,NK
AACAGGCGGAAGGCCG-1_D17,D17,M,42,SLE,C,10x 3' v3,cryopreserved biobank sample,total PBMC,3404,1403,6.95,0.0,0.0,0.0,1.371,0.0,0.0,0.0,0.0,0.0,0.0,0.0,0.0,0.0,0.0,0.0,0.0,0.0,2.284,2.753,2.924,0.0,0.0,0.0,0.0,0.0,0.0,0.0,4.554,5.884,5.226,1.928,1.371,0.0,1.371,0.0,1.371,1.371,0.0,0.0,0.0,B
TGGTGTTTAAGTGCTG-1_D17,D17,M,42,SLE,C,10x 3' v3,cryopreserved biobank sample,total PBMC,3937,1595,3.86,1.264,2.154,1.264,0.0,1.805,0.0,3.172,0.0,0.0,0.0,1.264,0.0,0.0,0.0,0.0,0.0,0.0,0.0,0.0,0.0,0.0,0.0,0.0,1.805,0.0,0.0,0.0,3.599,5.739,5.228,0.0,1.805,0.0,2.412,0.0,3.06,1.264,0.0,0.0,1.805,CD4 naive T
ACACGGGTCCTAGCAT-1_D17,D17,M,42,SLE,C,10x 3' v3,cryopreserved biobank sample,total PBMC,3394,1401,5.47,2.548,0.0,3.509,1.373,0.0,1.373,3.874,0.0,0.0,0.0,1.93,0.0,0.0,0.0,0.0,0.0,0.0,0.0,0.0,0.0,0.0,1.373,0.0,1.373,0.0,0.0,0.0,4.493,4.459,4.231,2.286,1.93,0.0,1.93,0.0,1.93,1.373,2.286,0.0,2.548,CD4 memory T
CGAGACACAGCTACTA-1_D17,D17,M,42,SLE,C,10x 3' v3,cryopreserved biobank sample,total PBMC,3143,1305,6.01,0.0,1.431,0.0,0.0,0.0,1.431,3.886,0.0,0.0,0.0,3.949,3.0,3.147,2.619,2.356,0.0,2.356,0.0,0.0,0.0,0.0,1.431,0.0,0.0,0.0,0.0,0.0,3.746,5.352,5.805,3.147,0.0,1.997,0.0,0.0,1.431,1.431,1.431,0.0,1.431,NK
CTACTTGATCTTCTTA-1_D17,D17,M,42,SLE,C,10x 3' v3,cryopreserved biobank sample,total PBMC,4635,1996,8.78,0.0,0.0,0.0,0.0,1.15,0.0,4.338,0.0,0.0,0.0,0.0,0.0,1.15,0.0,0.0,0.0,0.0,0.0,0.0,3.369,3.369,4.837,5.263,4.586,2.265,2.011,4.152,4.67,5.252,3.881,2.635,2.905,2.467,0.0,0.0,1.671,0.0,2.905,0.0,0.0,CD14 monocyte
GTATGAGATGTCGAAG-1_D17,D17,M,42,SLE,C,10x 3' v3,cryopreserved biobank sample,total PBMC,7824,2867,10.39,0.0,0.0,0.0,0.0,1.576,0.0,4.401,0.0,0.0,0.0,0.0,0.0,0.0,0.0,0.0,0.823,0.823,0.0,0.823,2.16,2.0,4.907,4.743,4.112,2.297,2.0,3.066,4.674,5.178,4.153,3.495,2.939,3.327,2.16,0.0,1.576,1.576,2.526,0.0,0.0,CD14 monocyte
TGGGCAGTCGTGGTCA-1_D17,D17,M,42,SLE,C,10x 3' v3,cryopreserved biobank sample,total PBMC,5523,2108,5.07,0.0,0.0,0.0,0.0,1.531,1.033,4.517,0.0,0.0,0.0,0.0,0.0,0.0,0.0,0.0,0.0,0.0,0.0,0.0,3.4,3.271,4.368,4.321,4.664,2.85,0.0,4.344,4.919,5.153,4.39,3.124,2.74,2.74,3.271,0.0,2.474,2.616,1.861,0.0,1.531,CD14 monocyte
TCGATGGCTATATGAA-1_D17,D17,M,42,SLE,C,10x 3' v3,cryopreserved biobank sample,total PBMC,14978,4523,9.77,0.0,0.0,0.0,0.0,1.467,0.0,2.038,0.0,0.0,0.0,0.0,0.0,0.511,0.511,0.0,0.0,0.511,0.0,0.0,1.847,2.337,5.174,4.887,4.206,2.98,0.511,4.541,5.278,3.557,5.005,3.046,2.27,2.458,1.611,0.0,1.847,2.199,0.848,0.0,1.1,CD14 monocyte
CCTCAATGGAACCCCA-1_D17,D17,M,42,SLE,C,10x 3' v3,cryopreserved biobank sample,total PBMC,7608,2843,7.04,2.895,2.895,0.839,1.289,1.598,0.839,2.82,0.839,1.598,1.598,2.322,2.82,2.322,2.185,0.0,0.839,0.839,0.0,0.0,0.0,0.0,0.839,0.839,0.0,0.0,0.0,0.0,4.533,4.771,5.025,2.965,2.185,1.598,2.444,0.0,2.322,0.839,1.289,0.0,1.598,CD8 T
GTAGCAGTCTACGTGA-1_D17,D17,M,42,SLE,C,10x 3' v3,cryopreserved biobank sample,total PBMC,8578,2715,5.44,0.0,0.0,0.0,0.0,0.773,0.0,4.294,0.0,0.0,0.0,0.0,0.0,0.0,0.0,0.0,0.0,0.0,0.0,0.0,3.406,2.707,4.571,4.176,4.294,3.326,1.503,4.278,3.283,4.973,3.888,3.142,2.442,2.079,2.335,0.0,2.917,1.503,0.0,0.0,0.773,CD14 monocyte
AAGAGACATGTCTCAC-1_D17,D17,M,42,SLE,C,10x 3' v3,cryopreserved biobank sample,total PBMC,5853,2115,13.04,0.0,0.0,0.0,0.0,1.485,0.0,4.107,0.0,0.0,0.0,0.0,0.0,0.0,0.0,0.0,0.0,0.0,0.0,0.0,2.256,2.562,5.031,4.571,4.31,2.562,1.485,3.51,5.074,5.031,4.377,3.282,2.562,3.282,0.996,0.0,1.485,1.812,0.996,0.0,0.0,CD14 monocyte
GTGTCAAGCCGCTCGC-1_D17,D17,M,42,SLE,C,10x 3' v3,cryopreserved biobank sample,total PBMC,2406,1018,5.29,2.6,2.231,0.0,0.0,1.64,0.0,0.0,0.0,0.0,0.0,0.0,0.0,0.0,0.0,0.0,0.0,0.0,0.0,0.0,0.0,0.0,0.0,0.0,1.64,0.0,0.0,0.0,3.534,5.042,5.81,2.6,1.64,0.0,0.0,0.0,0.0,0.0,0.0,0.0,2.231,CD4 naive T
CATTCCCGTCGATAAA-1_D17,D17,M,42,SLE,C,10x 3' v3,cryopreserved biobank sample,total PBMC,7870,3047,4.44,0.0,0.0,0.0,0.0,0.82,0.0,1.805,0.0,0.0,0.0,0.0,0.0,0.0,0.0,0.0,0.0,0.0,0.0,0.0,3.564,1.264,4.656,5.748,4.703,1.995,0.82,4.296,4.644,5.042,3.667,4.127,2.788,3.366,2.863,0.0,1.571,2.155,1.264,0.0,1.571,CD14 monocyte
ATCGCCCCGCTTCTCA-1_D17,D17,M,42,SLE,C,10x 3' v3,cryopreserved biobank sample,total PBMC,4549,1757,8.22,2.027,2.027,0.0,1.163,0.0,0.0,2.797,0.0,0.0,0.0,1.686,3.034,2.652,1.163,0.0,0.0,0.0,0.0,0.0,0.0,0.0,1.163,0.0,1.163,0.0,0.0,0.0,4.728,4.626,4.236,3.226,2.027,1.686,2.797,0.0,1.686,2.282,1.686,0.0,0.0,CD8 T
CTCTAACCAAGAACGA-1_D17,D17,M,42,SLE,C,10x 3' v3,cryopreserved biobank sample,total PBMC,4622,1789,8.76,2.782,2.782,0.0,0.0,0.0,0.0,2.267,2.014,2.014,1.152,1.152,1.152,1.152,1.152,0.0,1.152,1.673,0.0,0.0,1.152,0.0,0.0,1.152,0.0,0.0,0.0,0.0,4.155,5.184,4.788,2.267,2.47,1.673,2.014,0.0,2.782,1.152,1.673,0.0,1.152,CD8 T
TTCATGCTAGTGGCTT-1_D17,D17,M,42,SLE,C,10x 3' v3,cryopreserved biobank sample,total PBMC,2922,1370,6.09,2.896,2.422,0.0,0.0,0.0,3.459,2.06,0.0,0.0,0.0,1.487,0.0,0.0,0.0,0.0,0.0,1.487,1.487,0.0,0.0,0.0,0.0,0.0,2.06,0.0,0.0,0.0,4.849,5.552,4.137,2.687,2.422,2.06,2.06,0.0,2.06,1.487,1.487,0.0,0.0,CD4 naive T
GAGTCTGTGATCTTCT-1_D17,D17,M,42,SLE,C,10x 3' v3,cryopreserved biobank sample,total PBMC,4570,1924,6.01,0.0,0.0,0.0,0.0,0.0,0.0,3.849,0.0,0.0,0.0,0.0,0.0,0.0,0.0,0.0,0.0,0.0,0.0,0.0,2.48,2.48,5.692,4.684,5.479,2.792,1.682,4.199,4.704,5.599,3.938,3.521,2.023,3.895,2.023,0.0,1.159,0.0,2.023,0.0,1.682,CD14 monocyte
TCAGGCCTTACTCACC-1_D17,D17,M,42,SLE,C,10x 3' v3,cryopreserved biobank sample,total PBMC,9530,3111,6.51,0.0,0.0,0.0,0.0,1.131,0.0,3.711,0.0,0.0,0.0,0.0,0.0,0.0,0.0,0.0,0.0,0.0,0.0,0.0,3.224,3.265,5.569,4.844,4.946,4.073,1.131,3.918,4.938,4.801,4.175,2.936,3.481,2.346,0.718,0.0,1.131,2.122,2.346,0.0,1.423,CD14 monocyte
GGATTATCGGACACGA-1_D17,D17,M,42,SLE,C,10x 3' v3,cryopreserved biobank sample,total PBMC,3585,1567,7.78,3.758,2.237,1.332,0.0,1.884,1.332,1.884,0.0,0.0,0.0,0.0,0.0,0.0,0.0,0.0,0.0,0.0,0.0,0.0,0.0,0.0,1.332,0.0,0.0,0.0,0.0,0.0,5.021,5.519,5.265,2.498,3.022,2.237,0.0,0.0,1.332,0.0,0.0,0.0,1.332,CD4 naive T
CCTAGATTGGTCACGG-1_D17,D17,M,42,SLE,C,10x 3' v3,cryopreserved biobank sample,total PBMC,3379,1506,5.64,0.0,0.0,0.0,0.0,1.376,0.0,2.932,0.0,0.0,0.0,2.29,3.994,3.938,3.815,0.0,1.376,1.934,0.0,0.0,0.0,0.0,0.0,0.0,0.0,0.0,0.0,0.0,3.994,5.446,3.513,2.29,2.552,3.206,2.76,0.0,1.934,0.0,1.376,0.0,0.0,NK
CGAAGACTATTAGTTG-1_D17,D17,M,42,SLE,C,10x 3' v3,cryopreserved biobank sample,total PBMC,4121,1738,5.34,2.575,1.767,1.232,1.767,2.114,0.0,1.232,0.0,1.232,0.0,0.0,1.232,0.0,0.0,0.0,0.0,0.0,0.0,0.0,0.0,0.0,0.0,1.232,1.232,1.232,0.0,0.0,2.89,6.268,4.233,1.232,1.767,2.89,2.371,0.0,1.767,1.232,1.232,0.0,1.232,CD4 naive T
TAAGAGTTCACGTTTC-1_D17,D17,M,42,SLE,C,10x 3' v3,cryopreserved biobank sample,total PBMC,6744,2251,6.94,0.0,0.0,0.909,0.0,0.0,0.0,4.147,0.0,0.0,0.0,0.0,0.0,0.909,0.0,0.0,0.0,0.909,0.0,0.0,2.933,2.851,3.849,4.623,4.879,3.321,1.378,3.208,4.955,5.965,5.136,3.996,2.292,2.762,1.378,0.0,2.13,0.909,0.909,0.0,0.909,CD14 monocyte
ATCAGGCATATTATCC-1_D17,D17,M,42,SLE,C,10x 3' v3,cryopreserved biobank sample,total PBMC,4873,1899,5.12,2.732,1.63,0.0,0.0,1.63,0.0,2.421,1.63,2.421,1.116,2.421,1.968,1.116,0.0,0.0,1.63,1.63,0.0,0.0,0.0,0.0,1.63,1.968,0.0,0.0,0.0,0.0,4.316,5.642,5.527,2.857,1.968,1.116,2.589,0.0,2.857,1.116,1.116,0.0,1.116,CD8 T
TCATCTACACCTGTTT-1_D17,D17,M,42,SLE,C,10x 3' v3,cryopreserved biobank sample,total PBMC,4029,1699,5.0,3.251,0.0,2.391,0.0,1.248,1.248,1.786,0.0,0.0,0.0,0.0,1.786,0.0,0.0,0.0,0.0,0.0,0.0,0.0,0.0,0.0,0.0,0.0,0.0,0.0,0.0,1.786,4.924,5.284,3.505,3.644,1.248,2.391,2.911,0.0,2.596,1.248,1.786,0.0,0.0,CD4 naive T
TGAATGTCGCCATTAG-1_D17,D17,M,42,SLE,C,10x 3' v3,cryopreserved biobank sample,total PBMC,4749,2170,11.28,0.0,0.0,1.133,0.0,0.0,0.0,4.161,0.0,0.0,0.0,0.0,0.0,0.0,0.0,0.0,0.0,0.0,0.0,0.0,2.243,2.882,5.725,5.282,4.778,3.857,2.243,4.47,5.752,4.895,4.742,4.128,2.613,3.345,1.133,0.0,1.651,2.756,0.0,0.0,1.651,CD14 monocyte
TCAGGGGCCTTAGTCG-1_D17,D17,M,42,SLE,C,10x 3' v3,cryopreserved biobank sample,total PBMC,4831,1900,6.79,0.0,0.0,0.0,0.0,0.0,0.0,4.004,0.0,0.0,0.0,0.0,0.0,0.0,0.0,0.0,0.0,0.0,0.0,1.122,2.866,2.977,5.244,5.386,3.926,3.077,1.122,4.297,5.287,4.954,5.078,2.429,1.976,2.74,2.228,0.0,1.637,0.0,1.122,0.0,1.122,CD14 monocyte
ATACAAACATGTCTAA-1_D17,D17,M,42,SLE,C,10x 3' v3,cryopreserved biobank sample,total PBMC,3243,1331,1.86,0.0,0.0,0.0,0.0,0.0,0.0,2.59,0.0,1.407,0.0,3.919,4.57,4.138,1.969,2.59,2.327,0.0,0.0,0.0,0.0,0.0,0.0,1.407,0.0,0.0,0.0,0.0,3.978,5.957,5.209,1.407,2.97,1.407,0.0,0.0,1.969,0.0,0.0,0.0,1.407,NK
TTCGATATGACTATTG-1_D17,D17,M,42,SLE,C,10x 3' v3,cryopreserved biobank sample,total PBMC,3897,1543,8.17,3.375,1.272,1.814,1.272,2.627,1.272,2.422,0.0,0.0,0.0,0.0,0.0,0.0,0.0,0.0,0.0,0.0,0.0,0.0,0.0,0.0,1.272,0.0,2.163,0.0,0.0,0.0,4.177,5.541,5.366,1.814,0.0,1.814,2.627,0.0,2.797,0.0,1.272,0.0,0.0,CD4 naive T
CTCGGAAATTGATGAA-1_D17,D17,M,42,SLE,C,10x 3' v3,cryopreserved biobank sample,total PBMC,5998,2510,5.67,0.0,0.0,0.0,0.0,0.0,0.0,0.0,0.0,0.0,0.0,0.0,0.0,0.0,0.0,0.0,0.0,0.0,0.0,3.045,3.629,0.0,0.981,0.0,0.0,0.0,0.0,0.0,4.455,4.71,5.18,2.962,2.234,1.792,0.981,0.0,2.234,0.981,0.981,0.0,0.981,B
CGAGAGGGCTACACGT-1_D17,D17,M,42,SLE,C,10x 3' v3,cryopreserved biobank sample,total PBMC,2574,1182,7.09,3.468,0.0,1.586,1.586,0.0,0.0,2.538,0.0,0.0,0.0,1.586,0.0,0.0,0.0,0.0,0.0,0.0,0.0,0.0,0.0,0.0,0.0,0.0,1.586,0.0,0.0,0.0,5.609,4.586,4.262,1.586,2.171,2.171,1.586,0.0,2.538,0.0,0.0,0.0,0.0,CD4 naive T
CGTAAGAACCGGCTGT-1_D17,D17,M,42,SLE,C,10x 3' v3,cryopreserved biobank sample,total PBMC,6193,2307,5.86,0.0,0.0,0.961,0.0,0.0,0.0,2.842,0.0,0.0,0.0,0.0,0.0,0.0,0.0,0.0,0.0,0.0,0.0,0.0,2.932,2.51,3.683,4.183,4.632,3.228,0.961,3.403,5.185,4.751,4.917,3.761,0.961,2.932,0.961,0.0,2.009,0.961,2.369,0.0,0.961,CD14 monocyte
ACCAACACGTGGCAGG-1_D17,D17,M,42,SLE,C,10x 3' v3,cryopreserved biobank sample,total PBMC,4587,1829,7.01,3.218,2.274,1.157,0.0,0.0,0.0,2.645,1.679,0.0,2.477,3.218,3.748,2.645,2.645,1.157,1.679,0.0,0.0,0.0,0.0,1.157,1.679,0.0,0.0,0.0,0.0,0.0,5.034,6.266,4.259,3.302,1.679,2.477,1.679,0.0,2.274,0.0,0.0,0.0,1.157,CD8 T
TCCATTACAACCCAGA-1_D17,D17,M,42,SLE,C,10x 3' v3,cryopreserved biobank sample,total PBMC,4474,1929,5.73,0.0,0.0,0.0,1.174,0.0,0.0,2.5,0.0,0.0,1.174,2.938,4.041,3.959,2.812,2.5,0.0,1.174,0.0,0.0,0.0,0.0,0.0,1.174,0.0,0.0,0.0,0.0,5.241,5.652,5.394,1.174,1.699,0.0,0.0,0.0,2.812,0.0,0.0,0.0,0.0,NK
ACCAGGCTCCCAACAT-1_D17,D17,M,42,SLE,C,10x 3' v3,cryopreserved biobank sample,total PBMC,7957,2929,14.9,0.0,0.0,0.0,0.0,0.0,0.0,3.688,0.0,0.814,0.0,0.0,0.0,0.0,0.0,0.0,0.0,0.0,0.0,0.0,2.778,2.988,4.68,4.963,5.83,3.162,0.814,4.368,3.834,4.25,3.162,2.853,1.986,2.923,0.0,0.0,2.853,0.814,1.986,0.0,0.0,CD14 monocyte
TGAACCTATACGTGAT-1_D17,D17,M,42,SLE,C,10x 3' v3,cryopreserved biobank sample,total PBMC,5893,2296,3.65,3.209,1.807,1.807,0.0,0.0,0.0,2.25,1.807,0.0,0.0,0.992,3.209,0.0,0.0,0.0,0.0,0.0,0.0,0.0,0.0,0.0,1.48,0.0,0.0,0.0,0.0,0.0,4.043,5.46,4.433,2.679,2.889,0.992,1.48,0.0,0.992,1.807,0.0,0.0,0.0,CD8 T
TCCCGATCAACCTATT-1_D17,D17,M,42,SLE,C,10x 3' v3,cryopreserved biobank sample,total PBMC,3893,1620,7.07,1.272,2.422,1.814,0.0,1.272,0.0,1.272,0.0,0.0,0.0,1.272,0.0,0.0,0.0,0.0,0.0,0.0,0.0,0.0,0.0,0.0,0.0,0.0,0.0,0.0,0.0,0.0,4.642,5.95,5.211,2.798,1.814,2.422,1.272,0.0,2.628,1.272,0.0,0.0,0.0,CD4 naive T
GGTCGGTCAGTATGGT-1_D17,D17,M,42,SLE,C,10x 3' v3,cryopreserved biobank sample,total PBMC,6762,2497,3.91,0.0,0.0,0.0,0.0,0.908,0.0,2.849,0.908,0.908,1.376,3.556,4.235,4.429,2.849,1.693,2.552,2.128,0.0,0.0,0.0,0.0,0.0,0.0,1.934,0.0,0.0,0.0,4.757,5.413,4.757,2.661,1.376,1.376,3.078,0.0,2.29,1.693,1.376,0.0,1.693,NK
CCCGAACCTCAAATCC-1_D17,D17,M,42,SLE,C,10x 3' v3,cryopreserved biobank sample,total PBMC,4078,1679,6.93,3.138,1.776,0.0,1.776,1.239,1.239,3.331,0.0,0.0,0.0,2.38,0.0,0.0,0.0,0.0,0.0,0.0,0.0,0.0,0.0,0.0,0.0,0.0,0.0,1.239,0.0,0.0,3.632,5.744,5.39,3.026,3.239,3.138,0.0,0.0,1.239,0.0,1.776,0.0,1.239,CD4 naive T
AATAAGTGTGCGCGTC-1_D17,D17,M,42,SLE,C,10x 3' v3,cryopreserved biobank sample,total PBMC,5572,2185,6.8,1.524,1.028,0.0,0.0,0.0,0.0,2.732,1.028,0.0,1.028,2.842,3.506,3.971,3.032,1.854,1.854,2.465,0.0,0.0,1.028,0.0,0.0,0.0,0.0,0.0,0.0,0.0,3.971,6.03,5.299,2.102,1.028,2.3,0.0,0.0,2.842,0.0,0.0,0.0,0.0,NK
TCTGTTCCGCAGACCA-1_D17,D17,M,42,SLE,C,10x 3' v3,cryopreserved biobank sample,total PBMC,4858,1984,3.64,2.223,2.592,1.118,0.0,1.971,1.118,3.163,0.0,0.0,0.0,1.118,1.633,0.0,0.0,0.0,0.0,0.0,0.0,0.0,0.0,1.118,0.0,0.0,1.118,0.0,0.0,0.0,4.582,5.122,5.554,1.633,2.592,1.633,1.971,0.0,2.223,1.118,0.0,0.0,1.633,CD4 memory T
TAACTCGCTCAAAAAC-1_D17,D17,M,42,SLE,C,10x 3' v3,cryopreserved biobank sample,total PBMC,1683,812,5.23,3.998,1.938,2.935,0.0,2.556,1.938,2.556,0.0,0.0,0.0,0.0,1.938,0.0,0.0,0.0,0.0,0.0,0.0,0.0,0.0,0.0,0.0,0.0,0.0,0.0,0.0,0.0,4.625,5.677,5.756,1.938,1.938,1.938,0.0,0.0,1.938,1.938,1.938,0.0,0.0,CD4 naive T
TTTGCCCAGACGGAGC-1_D17,D17,M,42,SLE,C,10x 3' v3,cryopreserved biobank sample,total PBMC,4657,1957,4.52,3.364,2.007,0.0,0.0,0.0,0.0,1.667,1.667,1.667,1.667,1.667,2.007,2.775,2.007,0.0,2.261,0.0,0.0,0.0,0.0,0.0,0.0,0.0,0.0,0.0,0.0,0.0,5.075,5.312,5.212,2.261,2.9,3.112,2.261,0.0,2.463,1.147,1.667,0.0,1.147,CD8 T
GTTATCTATATAATGT-1_D17,D17,M,42,SLE,C,10x 3' v3,cryopreserved biobank sample,total PBMC,3870,1718,4.11,2.804,1.819,1.819,0.0,1.819,2.633,1.819,1.276,0.0,0.0,1.276,1.276,0.0,0.0,0.0,0.0,0.0,0.0,0.0,0.0,0.0,0.0,1.819,0.0,0.0,0.0,0.0,5.789,4.742,4.457,2.949,2.428,2.428,2.804,0.0,2.428,1.276,0.0,0.0,1.276,CD4 naive T
CCCCTCAGATGATCTC-1_D17,D17,M,42,SLE,C,10x 3' v3,cryopreserved biobank sample,total PBMC,7796,2608,7.89,0.0,0.0,0.0,0.0,0.0,0.0,3.008,0.825,0.0,0.0,0.825,0.0,0.825,0.0,0.0,0.0,0.825,0.0,0.0,3.418,0.825,5.922,4.234,5.035,2.872,1.271,3.537,5.824,5.271,4.34,4.435,2.421,3.127,1.271,0.0,2.529,0.0,1.813,0.0,1.271,CD14 monocyte
TGGACTATTTTGACAA-1_D17,D17,M,42,SLE,C,10x 3' v3,cryopreserved biobank sample,total PBMC,3271,1471,6.36,2.32,1.962,2.79,0.0,0.0,1.4,1.4,0.0,0.0,0.0,0.0,0.0,0.0,0.0,0.0,0.0,0.0,0.0,0.0,0.0,0.0,1.4,1.4,0.0,0.0,0.0,0.0,5.056,4.653,5.075,2.582,2.32,2.962,1.4,0.0,2.582,1.4,1.4,0.0,1.4,CD4 naive T
AACCGGCTGCACAGGG-1_D17,D17,M,42,SLE,C,10x 3' v3,cryopreserved biobank sample,total PBMC,4577,1889,5.23,3.453,1.681,2.022,1.158,0.0,2.479,1.681,0.0,0.0,0.0,1.158,0.0,0.0,0.0,1.158,0.0,0.0,0.0,0.0,0.0,0.0,0.0,0.0,1.158,0.0,0.0,0.0,4.722,5.955,4.85,2.647,1.681,2.276,1.158,0.0,3.129,1.681,0.0,0.0,1.681,CD4 naive T
AGGCCACCGCAGCGAG-1_D17,D17,M,42,SLE,C,10x 3' v3,cryopreserved biobank sample,total PBMC,2454,1150,5.94,2.851,2.582,0.0,0.0,0.0,2.582,0.0,0.0,0.0,0.0,0.0,0.0,0.0,0.0,0.0,0.0,0.0,0.0,0.0,0.0,0.0,0.0,0.0,0.0,0.0,0.0,0.0,4.413,5.148,4.193,2.214,3.062,1.624,0.0,0.0,2.582,0.0,0.0,0.0,2.214,CD4 naive T
TACTGCAAAACCCAGT-1_D17,D17,M,42,SLE,C,10x 3' v3,cryopreserved biobank sample,total PBMC,4246,1739,8.43,0.0,0.0,0.0,0.0,0.0,0.0,4.01,0.0,0.0,0.0,0.0,0.0,0.0,0.0,0.0,0.0,0.0,1.211,0.0,2.861,1.211,4.872,4.581,4.628,3.376,1.742,3.1,4.737,5.863,4.052,3.823,3.292,3.1,1.742,0.0,1.211,1.742,2.344,0.0,0.0,CD14 monocyte
CCCTTTATTGGTACAT-1_D17,D17,M,42,SLE,C,10x 3' v3,cryopreserved biobank sample,total PBMC,7428,2597,14.36,0.0,0.0,0.0,0.0,0.853,0.0,4.336,0.0,0.0,0.0,0.0,0.0,0.853,0.0,0.0,0.0,0.0,0.0,0.0,3.845,2.918,4.142,5.599,5.685,1.306,1.306,3.874,5.396,5.022,4.029,0.0,0.0,1.306,1.854,0.0,0.0,0.853,0.853,0.0,1.306,CD14 monocyte
CCGCGGATGCTAATAT-1_D17,D17,M,42,SLE,C,10x 3' v3,cryopreserved biobank sample,total PBMC,2926,1223,3.76,3.56,2.686,1.486,0.0,2.421,0.0,2.059,2.059,1.486,0.0,2.059,2.686,1.486,0.0,0.0,0.0,0.0,0.0,0.0,0.0,0.0,0.0,0.0,0.0,0.0,0.0,0.0,4.239,6.261,5.786,2.421,2.895,2.686,2.421,0.0,2.059,0.0,0.0,0.0,1.486,CD8 T
CTCTCATATCACTGCC-1_D17,D17,M,42,SLE,C,10x 3' v3,cryopreserved biobank sample,total PBMC,3649,1552,3.88,3.74,2.859,3.005,0.0,0.0,2.221,2.482,0.0,0.0,0.0,1.319,1.319,0.0,0.0,0.0,1.319,0.0,0.0,0.0,1.869,0.0,0.0,1.319,0.0,0.0,0.0,0.0,4.353,5.419,4.947,2.688,2.221,2.221,1.319,0.0,1.319,0.0,1.319,0.0,0.0,CD4 naive T
CAGCGAAGGACGCTCG-1_D17,D17,M,42,SLE,C,10x 3' v3,cryopreserved biobank sample,total PBMC,4338,1912,6.95,3.505,2.841,2.324,1.195,1.195,1.725,2.697,0.0,0.0,0.0,1.725,1.195,0.0,0.0,0.0,0.0,0.0,0.0,0.0,0.0,0.0,1.725,1.195,0.0,0.0,0.0,0.0,4.583,4.736,5.566,1.725,1.195,1.725,2.069,0.0,3.433,1.195,2.697,0.0,1.195,CD4 memory T
TAACTGACGAAGTGGC-1_D17,D17,M,42,SLE,C,10x 3' v3,cryopreserved biobank sample,total PBMC,3286,1224,4.67,0.0,0.0,0.0,0.0,0.0,0.0,4.927,0.0,0.0,0.0,0.0,0.0,0.0,0.0,0.0,0.0,0.0,0.0,0.0,2.958,2.315,5.435,4.263,4.021,2.958,1.397,4.97,5.277,5.337,4.173,2.315,1.958,1.958,3.346,0.0,1.397,0.0,1.397,0.0,0.0,CD14 monocyte
CTCTCCGAGGCAGGTA-1_D17,D17,M,42,SLE,C,10x 3' v3,cryopreserved biobank sample,total PBMC,4067,1677,6.75,1.241,2.902,0.0,0.0,0.0,0.0,2.902,2.125,0.0,1.241,2.757,3.141,2.383,0.0,1.241,1.778,1.241,0.0,0.0,0.0,0.0,0.0,0.0,1.241,0.0,0.0,0.0,5.125,5.977,4.647,2.587,2.757,2.125,1.241,0.0,2.902,2.757,1.241,0.0,1.241,CD8 T
CGAGTCTGATACCATC-1_D17,D17,M,42,SLE,C,10x 3' v3,cryopreserved biobank sample,total PBMC,5261,2182,2.84,1.902,2.785,1.569,0.0,0.0,0.0,2.518,2.352,1.569,0.0,1.569,2.518,2.152,0.0,0.0,0.0,0.0,0.0,0.0,1.065,1.065,0.0,0.0,0.0,0.0,0.0,0.0,3.614,5.643,4.745,2.152,2.152,1.902,2.152,0.0,1.065,0.0,0.0,0.0,1.065,CD8 T
CACCTGAGCAAACGAG-1_D17,D17,M,42,SLE,C,10x 3' v3,cryopreserved biobank sample,total PBMC,3061,1384,7.03,3.414,2.853,1.451,0.0,2.644,0.0,2.644,0.0,0.0,0.0,0.0,0.0,0.0,0.0,0.0,0.0,0.0,0.0,0.0,0.0,0.0,1.451,0.0,1.451,0.0,0.0,0.0,3.975,5.451,3.517,2.38,2.38,3.517,0.0,0.0,2.644,0.0,1.451,0.0,0.0,CD4 naive T
CTAATACGGTTTGTGT-1_D17,D17,M,42,SLE,C,10x 3' v3,cryopreserved biobank sample,total PBMC,5997,2248,3.95,2.663,2.539,0.0,1.792,0.0,0.0,0.981,2.539,0.0,0.0,1.467,2.663,1.467,1.792,0.981,0.0,0.981,0.0,0.0,0.981,0.0,0.981,0.0,0.981,0.0,0.0,0.0,3.964,5.852,4.863,3.321,3.121,0.0,1.792,0.0,1.792,1.467,1.467,0.0,1.467,CD8 T
AGTTTGCCAAAGTTAG-1_D17,D17,M,42,SLE,C,10x 3' v3,cryopreserved biobank sample,total PBMC,2717,1293,6.0,2.124,1.543,0.0,0.0,0.0,0.0,1.543,2.488,1.543,0.0,0.0,3.139,2.124,0.0,0.0,0.0,0.0,0.0,0.0,0.0,0.0,1.543,0.0,0.0,0.0,0.0,0.0,4.45,5.221,4.68,3.139,0.0,1.543,0.0,0.0,2.965,1.543,0.0,0.0,2.124,CD8 T
CTAAACCTTGACCGGG-1_D17,D17,M,42,SLE,C,10x 3' v3,cryopreserved biobank sample,total PBMC,2746,1129,6.76,1.535,0.0,1.535,0.0,2.114,0.0,2.955,0.0,0.0,0.0,3.277,4.937,3.277,3.715,2.955,1.535,2.955,0.0,0.0,0.0,0.0,0.0,0.0,0.0,0.0,0.0,0.0,5.249,6.447,5.573,1.535,2.955,3.406,0.0,0.0,1.535,1.535,0.0,0.0,0.0,NK
GAAGGACCTGTTTGAT-1_D17,D17,M,42,SLE,C,10x 3' v3,cryopreserved biobank sample,total PBMC,1421,699,5.35,2.713,2.713,0.0,0.0,0.0,2.084,2.084,0.0,0.0,2.084,0.0,0.0,0.0,0.0,0.0,0.0,0.0,0.0,0.0,2.084,0.0,2.084,2.713,0.0,0.0,0.0,0.0,3.767,6.031,4.268,0.0,3.589,2.084,0.0,0.0,2.084,0.0,0.0,0.0,0.0,CD4 memory T
ATTTGGCGAACCAACT-1_D17,D17,M,42,SLE,C,10x 3' v3,cryopreserved biobank sample,total PBMC,3904,1468,6.71,1.27,1.27,0.0,1.27,0.0,0.0,3.068,0.0,0.0,0.0,3.373,3.852,4.478,1.812,2.941,2.795,1.812,0.0,0.0,0.0,0.0,0.0,1.812,1.27,0.0,0.0,0.0,5.074,4.175,5.195,0.0,3.373,2.625,2.42,0.0,0.0,0.0,0.0,0.0,2.161,NK
CGAGACCGTCCGACTT-1_D17,D17,M,42,SLE,C,10x 3' v3,cryopreserved biobank sample,total PBMC,6171,2299,6.58,0.0,0.0,0.0,0.0,1.445,0.0,2.636,0.0,0.0,0.0,0.0,0.0,0.0,0.0,0.0,0.963,0.0,0.963,0.0,3.801,1.768,5.215,5.332,3.686,2.012,1.768,5.094,5.224,5.224,3.509,3.094,3.231,2.208,3.094,0.0,1.768,0.963,1.768,0.0,0.963,CD14 monocyte
AGTTAGGACTAGGACA-1_D17,D17,M,42,SLE,C,10x 3' v3,cryopreserved biobank sample,total PBMC,5608,2140,7.78,3.109,1.024,2.294,0.0,0.0,0.0,2.096,0.0,0.0,1.024,1.024,0.0,0.0,0.0,0.0,0.0,0.0,1.024,0.0,1.024,0.0,0.0,0.0,0.0,1.024,1.024,0.0,4.596,5.362,4.992,2.294,2.601,2.726,2.726,0.0,2.096,0.0,1.024,0.0,2.096,CD4 naive T
GCTGTTAGGAATGAGC-1_D17,D17,M,42,SLE,C,10x 3' v3,cryopreserved biobank sample,total PBMC,5043,2019,7.07,0.0,0.0,0.0,1.939,0.0,0.0,1.603,0.0,0.0,0.0,0.0,0.0,0.0,0.0,0.0,0.0,0.0,0.0,2.7,4.48,0.0,1.093,0.0,1.093,0.0,0.0,0.0,5.212,6.163,5.847,1.093,2.7,1.603,1.939,0.0,2.19,1.093,1.093,0.0,1.603,B
GCTACAAGCAGTAACA-1_D17,D17,M,42,SLE,C,10x 3' v3,cryopreserved biobank sample,total PBMC,4556,1739,9.75,2.651,0.0,0.0,0.0,2.28,1.685,2.483,0.0,0.0,0.0,0.0,0.0,0.0,0.0,0.0,0.0,0.0,0.0,0.0,0.0,0.0,1.162,2.026,1.162,0.0,0.0,0.0,3.898,5.425,4.746,1.162,3.308,1.162,1.685,0.0,1.162,1.685,2.026,0.0,1.162,CD4 memory T
CTGAAATGTCGAACTG-1_D17,D17,M,42,SLE,C,10x 3' v3,cryopreserved biobank sample,total PBMC,6112,2464,3.28,3.174,1.776,0.969,0.0,0.969,1.452,2.381,0.0,0.0,0.0,1.452,0.969,0.0,0.0,0.0,0.0,0.0,0.0,0.0,0.0,0.0,1.452,0.969,0.969,0.969,0.0,0.0,3.846,5.552,5.053,2.755,0.969,3.174,2.381,0.0,1.452,1.452,2.021,0.0,1.452,CD4 naive T
AACCTTGGACCTTATC-1_D17,D17,M,42,SLE,C,10x 3' v3,cryopreserved biobank sample,total PBMC,5612,2213,3.44,2.935,2.601,1.848,1.518,2.294,1.023,1.023,0.0,0.0,0.0,0.0,0.0,0.0,0.0,0.0,0.0,0.0,0.0,0.0,1.023,0.0,1.023,1.518,1.023,0.0,0.0,0.0,4.44,6.771,5.687,1.848,2.095,1.518,1.023,0.0,0.0,0.0,2.095,0.0,1.848,CD4 naive T
CATTAGACACATCGTG-1_D17,D17,M,42,SLE,C,10x 3' v3,cryopreserved biobank sample,total PBMC,6220,2565,10.24,0.0,0.0,0.0,0.0,0.0,0.0,3.96,0.0,0.0,0.0,0.0,0.0,0.0,0.0,0.0,0.0,1.439,0.0,0.0,3.157,2.006,4.579,2.201,3.501,0.0,2.629,4.992,4.746,6.129,3.678,2.506,1.762,2.201,1.762,0.0,2.006,1.439,1.762,0.0,0.958,CD16 monocyte
AGTCGAGATACGTAAT-1_D17,D17,M,42,SLE,C,10x 3' v3,cryopreserved biobank sample,total PBMC,5767,2365,7.45,2.575,2.81,0.0,0.0,0.0,0.0,3.082,1.006,1.006,0.0,2.81,2.071,0.0,0.0,1.497,1.006,1.006,1.006,0.0,0.0,0.0,1.006,0.0,0.0,0.0,0.0,0.0,3.472,5.171,5.995,2.269,2.269,2.071,1.825,0.0,1.825,1.825,1.006,0.0,1.497,CD8 T
TCGCCTAGCGCAGAGG-1_D17,D17,M,42,SLE,C,10x 3' v3,cryopreserved biobank sample,total PBMC,7518,2656,8.83,0.0,0.0,0.846,0.0,0.0,0.0,2.906,0.0,0.0,0.0,0.0,0.0,0.0,0.0,0.0,0.0,0.0,0.0,0.0,2.454,2.749,5.626,5.587,4.212,3.453,0.846,3.942,4.804,5.488,3.916,3.494,2.977,3.162,2.035,0.846,2.195,1.607,1.844,0.0,0.846,CD14 monocyte
GGCAACGCTGTGTACA-1_D17,D17,M,42,SLE,C,10x 3' v3,cryopreserved biobank sample,total PBMC,2898,1263,9.92,0.0,0.0,0.0,0.0,1.493,0.0,4.249,0.0,0.0,0.0,0.0,0.0,0.0,0.0,0.0,0.0,0.0,0.0,0.0,3.57,2.695,3.966,4.713,3.747,2.695,0.0,4.089,4.83,3.078,3.898,3.225,3.354,4.029,3.078,0.0,0.0,1.493,2.067,0.0,2.067,CD14 monocyte
TTATTGTGAAGGAGGG-1_D17,D17,M,42,SLE,C,10x 3' v3,cryopreserved biobank sample,total PBMC,3663,1685,7.1,1.866,0.0,0.0,0.0,0.0,0.0,2.684,2.218,2.218,0.0,1.866,3.129,2.684,0.0,0.0,1.316,1.316,0.0,0.0,0.0,0.0,0.0,0.0,0.0,0.0,0.0,0.0,4.314,4.57,5.486,2.218,0.0,1.316,1.316,0.0,1.316,0.0,0.0,0.0,1.316,CD8 T
CACGATTTCAAAGGAG-1_D17,D17,M,42,SLE,C,10x 3' v3,cryopreserved biobank sample,total PBMC,6890,2621,10.67,0.0,0.897,0.0,0.0,1.362,0.0,4.858,0.0,0.0,0.0,0.0,0.0,0.0,0.0,1.362,0.0,0.0,0.0,0.0,1.362,1.918,5.433,5.394,4.725,2.273,0.897,4.103,5.897,5.23,4.237,0.0,2.742,2.831,0.0,0.0,2.989,1.678,1.362,0.0,0.897,CD14 monocyte
ACCTAACAATCACCGA-1_D17,D17,M,42,SLE,C,10x 3' v3,cryopreserved biobank sample,total PBMC,5373,1974,10.53,3.541,0.0,0.0,1.051,0.0,0.0,2.499,1.552,1.051,0.0,0.0,2.641,1.552,1.051,0.0,0.0,0.0,0.0,0.0,0.0,0.0,0.0,1.051,0.0,0.0,0.0,0.0,3.736,5.362,4.849,2.876,2.641,0.0,1.051,0.0,2.876,1.552,1.051,0.0,0.0,CD8 T
GGCAGTAACATCACTT-1_D17,D17,M,42,SLE,C,10x 3' v3,cryopreserved biobank sample,total PBMC,4026,1778,4.43,0.0,0.0,0.0,0.0,1.786,0.0,4.324,0.0,0.0,0.0,0.0,0.0,0.0,0.0,0.0,0.0,0.0,0.0,0.0,3.038,0.0,5.284,4.063,4.291,1.248,1.786,2.597,4.418,5.333,4.063,2.597,2.392,3.038,1.786,0.0,2.392,1.248,0.0,0.0,1.786,CD14 monocyte
TATGTTAGCACGTGCC-1_D17,D17,M,42,SLE,C,10x 3' v3,cryopreserved biobank sample,total PBMC,6104,2285,10.05,0.0,0.0,0.0,0.0,0.0,0.0,4.147,0.0,0.0,0.0,0.0,0.0,0.0,0.0,0.0,0.0,0.0,0.0,0.0,4.066,3.847,4.494,4.631,4.819,3.175,1.777,4.121,4.722,5.389,5.209,2.756,2.855,2.756,1.777,0.0,2.647,1.453,2.523,0.0,0.0,CD14 monocyte
GTAGAGAAGGTGGACA-1_D17,D17,M,42,SLE,C,10x 3' v3,cryopreserved biobank sample,total PBMC,4136,1705,16.34,1.229,0.0,0.0,1.229,1.764,1.229,4.078,0.0,0.0,0.0,0.0,0.0,1.229,0.0,0.0,1.229,0.0,0.0,0.0,3.013,3.796,3.479,5.108,5.376,2.886,0.0,3.796,5.541,3.74,4.654,3.013,2.111,1.764,1.229,0.0,2.111,1.764,0.0,0.0,2.111,CD14 monocyte
CCATACAGGGTACTAT-1_D17,D17,M,42,SLE,C,10x 3' v3,cryopreserved biobank sample,total PBMC,4610,1863,5.86,0.0,0.0,0.0,1.154,1.154,0.0,1.154,0.0,0.0,0.0,0.0,0.0,0.0,0.0,0.0,0.0,0.0,3.122,3.122,2.64,0.0,0.0,1.154,0.0,0.0,0.0,0.0,4.223,5.814,5.301,2.016,2.784,2.27,2.016,0.0,2.016,0.0,2.27,0.0,1.675,B
GCTCATCGTACGGTTG-1_D17,D17,M,42,SLE,C,10x 3' v3,cryopreserved biobank sample,total PBMC,2286,1106,6.23,2.277,1.682,0.0,0.0,0.0,0.0,0.0,1.682,1.682,0.0,2.277,2.918,3.698,1.682,1.682,1.682,1.682,0.0,0.0,0.0,0.0,2.277,0.0,0.0,0.0,0.0,0.0,4.432,5.783,4.577,3.13,2.277,2.277,2.277,0.0,1.682,0.0,0.0,0.0,0.0,CD8 T
ACATCAGGTTGCCCGG-1_D17,D17,M,42,SLE,C,10x 3' v3,cryopreserved biobank sample,total PBMC,3480,1541,6.89,2.264,1.909,2.525,2.264,1.909,1.354,2.264,0.0,0.0,0.0,1.909,0.0,0.0,0.0,1.354,0.0,0.0,0.0,0.0,0.0,0.0,0.0,0.0,0.0,0.0,0.0,0.0,4.802,5.491,5.188,2.264,2.525,2.904,1.354,0.0,1.354,0.0,2.264,0.0,1.354,CD4 naive T
GATACCGTCGAGTCTA-1_D17,D17,M,42,SLE,C,10x 3' v3,cryopreserved biobank sample,total PBMC,4302,1810,7.05,0.0,0.0,1.201,0.0,1.731,0.0,4.226,0.0,0.0,0.0,0.0,0.0,0.0,0.0,0.0,1.201,0.0,0.0,0.0,3.364,2.705,4.259,5.453,5.473,3.513,1.201,4.226,5.463,4.291,4.191,3.908,1.201,1.731,1.201,0.0,0.0,2.332,0.0,0.0,2.076,CD14 monocyte
TTATCAGGTGAACGTC-1_D17,D17,M,42,SLE,C,10x 3' v3,cryopreserved biobank sample,total PBMC,4161,1743,5.83,1.225,1.225,2.105,1.225,1.759,2.736,1.759,0.0,0.0,0.0,0.0,0.0,0.0,0.0,0.0,0.0,0.0,0.0,0.0,0.0,0.0,1.225,0.0,0.0,1.225,0.0,0.0,4.648,5.793,4.576,3.22,2.566,2.105,1.225,0.0,0.0,0.0,1.759,0.0,1.759,CD4 naive T
GATTGGGTCTGTGCTT-1_D17,D17,M,42,SLE,C,10x 3' v3,cryopreserved biobank sample,total PBMC,4729,1731,11.0,2.997,1.994,0.0,1.136,0.0,0.0,1.994,2.449,1.654,0.0,2.247,3.551,1.654,1.136,1.136,0.0,0.0,0.0,0.0,0.0,0.0,1.136,0.0,0.0,0.0,0.0,0.0,4.8,6.14,4.198,2.247,0.0,2.247,1.654,0.0,1.136,1.654,0.0,0.0,2.617,CD8 T
TGCCGAGTTACGTCGC-1_D17,D17,M,42,SLE,C,10x 3' v3,cryopreserved biobank sample,total PBMC,4568,1908,7.7,0.0,0.0,0.0,0.0,1.16,0.0,4.484,0.0,0.0,0.0,0.0,0.0,0.0,0.0,0.0,0.0,0.0,0.0,0.0,3.306,2.919,4.995,4.2,5.133,2.649,2.48,4.433,4.508,5.461,5.133,3.752,2.278,3.03,2.024,0.0,1.682,2.024,2.024,0.0,0.0,CD16 monocyte
TAGATGGACTCAAATC-1_D17,D17,M,42,SLE,C,10x 3' v3,cryopreserved biobank sample,total PBMC,3169,1457,6.64,3.381,0.0,2.348,1.424,0.0,1.424,3.738,1.424,0.0,0.0,0.0,0.0,0.0,0.0,0.0,0.0,0.0,0.0,0.0,0.0,0.0,1.424,0.0,0.0,0.0,0.0,0.0,5.006,5.852,5.547,2.992,2.348,1.424,0.0,0.0,2.612,0.0,0.0,0.0,1.424,CD4 memory T
ATCACAGTAACGAATT-1_D17,D17,M,42,SLE,C,10x 3' v3,cryopreserved biobank sample,total PBMC,4049,1745,10.28,0.0,0.0,0.0,0.0,0.0,0.0,3.145,0.0,0.0,0.0,2.387,3.968,4.882,3.639,2.591,1.782,2.906,0.0,0.0,0.0,0.0,0.0,1.244,0.0,0.0,0.0,0.0,4.824,6.386,4.763,1.244,1.782,1.244,1.782,0.0,2.129,0.0,0.0,0.0,0.0,NK
TATTTATCTGACACAA-1_D17,D17,M,42,SLE,C,10x 3' v3,cryopreserved biobank sample,total PBMC,7181,2646,4.4,0.0,0.0,0.0,0.0,1.331,0.0,3.689,0.0,0.0,0.0,0.0,0.0,1.331,0.872,0.0,0.0,0.0,0.0,0.0,3.497,2.236,4.953,5.313,5.539,3.148,1.331,4.013,5.125,4.722,4.943,4.238,3.02,3.454,2.236,0.0,2.95,0.0,1.331,0.0,1.331,CD14 monocyte
GTCTAACTAATGAGCC-1_D17,D17,M,42,SLE,C,10x 3' v3,cryopreserved biobank sample,total PBMC,4732,1876,12.13,0.0,0.0,0.0,0.0,0.0,0.0,3.349,0.0,0.0,0.0,0.0,0.0,0.0,0.0,0.0,0.0,0.0,0.0,0.0,2.448,3.272,4.834,6.247,4.65,1.654,0.0,2.885,5.003,4.93,4.497,2.759,1.136,3.609,1.136,0.0,2.759,0.0,1.136,0.0,1.136,CD14 monocyte
TATGGCAACAGTAACG-1_D17,D17,M,42,SLE,C,10x 3' v3,cryopreserved biobank sample,total PBMC,4000,1480,10.28,0.0,0.0,0.0,0.0,0.0,0.0,3.651,0.0,0.0,0.0,0.0,0.0,0.0,0.0,0.0,0.0,1.253,1.253,0.0,3.511,0.0,4.394,3.511,3.651,1.792,3.157,4.663,5.81,5.387,3.044,3.773,2.918,2.14,1.253,0.0,1.253,1.253,1.253,0.0,1.253,CD16 monocyte
CACTGCTAGAACTGAA-1_D17,D17,M,42,SLE,C,10x 3' v3,cryopreserved biobank sample,total PBMC,6763,2536,6.36,0.0,0.0,0.0,0.0,1.376,0.0,3.966,0.0,0.0,0.0,0.0,0.0,0.0,0.0,0.0,0.0,0.0,0.0,0.0,3.318,2.29,5.703,4.213,4.497,3.747,1.376,4.731,4.677,5.883,3.597,2.552,0.908,3.512,1.934,0.0,2.29,0.0,2.29,0.0,1.693,CD14 monocyte
GGTTAAGCTACTGGGT-1_D17,D17,M,42,SLE,C,10x 3' v3,cryopreserved biobank sample,total PBMC,4453,1905,8.14,2.943,0.0,0.0,1.703,0.0,2.301,1.703,0.0,0.0,0.0,1.177,0.0,0.0,0.0,0.0,0.0,0.0,0.0,0.0,0.0,0.0,0.0,0.0,1.177,0.0,0.0,0.0,5.357,5.649,5.106,2.301,2.504,2.046,1.177,0.0,3.054,0.0,0.0,0.0,1.703,CD4 naive T
ACAACGGGTCTTCCGA-1_D17,D17,M,42,SLE,C,10x 3' v3,cryopreserved biobank sample,total PBMC,2147,1000,4.1,2.977,1.733,0.0,1.733,1.733,0.0,0.0,0.0,0.0,0.0,1.733,1.733,0.0,0.0,0.0,0.0,0.0,0.0,0.0,0.0,0.0,0.0,0.0,0.0,0.0,0.0,0.0,4.878,5.935,5.071,2.333,1.733,2.333,0.0,0.0,2.706,0.0,0.0,0.0,0.0,CD4 naive T
AAAATAAGCTTCTCAT-1_D17,D17,M,42,SLE,C,10x 3' v3,cryopreserved biobank sample,total PBMC,4426,2046,3.32,2.822,2.509,2.051,0.0,2.051,1.181,2.948,0.0,0.0,0.0,1.181,0.0,0.0,0.0,0.0,0.0,0.0,0.0,0.0,0.0,0.0,0.0,0.0,1.181,1.181,0.0,0.0,4.631,5.965,4.354,2.948,2.509,2.822,2.678,0.0,2.306,1.708,1.708,0.0,1.708,CD4 memory T
TGTCTACCATCACGAT-1_D17,D17,M,42,SLE,C,10x 3' v3,cryopreserved biobank sample,total PBMC,3624,1508,4.77,3.445,2.228,1.875,1.324,1.875,1.324,2.488,0.0,0.0,0.0,1.875,0.0,0.0,0.0,0.0,0.0,0.0,0.0,0.0,0.0,0.0,0.0,0.0,1.875,0.0,0.0,0.0,4.662,6.041,5.682,3.252,2.488,2.865,3.139,0.0,1.324,1.324,0.0,0.0,0.0,CD4 naive T
GGATTCAGTACGCCTA-1_D17,D17,M,42,SLE,C,10x 3' v3,cryopreserved biobank sample,total PBMC,4088,1796,10.97,0.0,0.0,0.0,0.0,1.237,0.0,4.909,0.0,0.0,0.0,0.0,0.0,0.0,0.0,0.0,0.0,1.237,0.0,0.0,3.692,1.237,5.484,4.795,4.688,2.583,2.583,4.665,5.105,5.773,5.163,3.562,0.0,1.237,2.121,0.0,2.121,0.0,1.237,0.0,1.237,CD14 monocyte
AATCTAAGAAGCGGTC-1_D17,D17,M,42,SLE,C,10x 3' v3,cryopreserved biobank sample,total PBMC,4250,1595,10.1,0.0,0.0,0.0,0.0,0.0,0.0,2.716,1.742,0.0,0.0,2.547,4.906,3.525,3.292,2.716,1.742,2.343,0.0,0.0,0.0,1.21,0.0,0.0,1.21,0.0,0.0,0.0,4.974,5.94,5.734,2.547,2.547,2.716,0.0,0.0,1.21,2.343,1.21,0.0,0.0,NK
AACCTGGTCTGCTTGA-1_D17,D17,M,42,SLE,C,10x 3' v3,cryopreserved biobank sample,total PBMC,6426,2551,9.2,2.476,2.476,1.978,0.0,1.978,0.939,2.708,0.0,0.939,0.0,0.939,0.939,0.0,0.0,0.0,0.0,0.0,0.0,0.0,1.735,0.0,0.939,0.0,1.414,0.0,0.0,0.0,2.897,5.734,5.788,3.192,2.708,0.0,2.336,0.0,2.336,0.939,0.939,0.0,0.0,CD4 naive T
GGAGCGTGGATTCGAA-1_D17,D17,M,42,SLE,C,10x 3' v3,cryopreserved biobank sample,total PBMC,3092,1306,7.73,0.0,0.0,0.0,0.0,1.443,0.0,4.233,0.0,0.0,0.0,0.0,0.0,0.0,0.0,0.0,0.0,0.0,0.0,0.0,2.37,4.233,5.256,5.868,4.233,3.016,1.443,3.835,4.87,5.441,4.585,3.507,2.634,3.016,2.37,0.0,2.37,2.37,2.634,0.0,2.011,CD14 monocyte
AGTCGCAGCAAGACAA-1_D17,D17,M,42,SLE,C,10x 3' v3,cryopreserved biobank sample,total PBMC,3033,1292,6.51,2.861,0.0,0.0,1.458,1.458,2.027,2.027,0.0,0.0,0.0,2.027,0.0,0.0,0.0,0.0,0.0,0.0,0.0,0.0,1.458,0.0,1.458,1.458,0.0,0.0,0.0,0.0,4.153,4.604,4.757,2.388,1.458,2.652,2.027,0.0,2.652,1.458,2.027,0.0,0.0,CD4 naive T
TCTACGTGTGAGTCTG-1_D17,D17,M,42,SLE,C,10x 3' v3,cryopreserved biobank sample,total PBMC,6305,2402,9.52,0.0,0.0,0.0,0.0,2.189,0.0,3.438,0.0,0.0,0.0,0.0,0.0,0.0,0.0,0.0,0.0,0.0,0.0,0.0,3.488,2.616,4.345,4.957,5.063,2.997,0.0,3.58,5.203,6.498,4.566,2.825,2.353,2.493,2.353,0.0,2.493,1.751,1.428,0.0,1.428,CD14 monocyte
GCCGGATACCAGTCAT-1_D17,D17,M,42,SLE,C,10x 3' v3,cryopreserved biobank sample,total PBMC,3493,1615,5.74,1.351,0.0,0.0,1.351,1.351,0.0,2.26,2.9,1.351,0.0,0.0,3.287,0.0,0.0,0.0,0.0,0.0,0.0,0.0,0.0,0.0,0.0,0.0,1.906,0.0,0.0,0.0,4.396,5.101,5.168,1.351,1.906,1.906,0.0,0.0,2.729,1.351,0.0,0.0,1.906,CD8 T
GAGAGTGTTTCTGTGT-1_D17,D17,M,42,SLE,C,10x 3' v3,cryopreserved biobank sample,total PBMC,3684,1683,3.76,2.213,2.85,1.312,0.0,0.0,0.0,3.429,1.861,1.312,1.312,2.213,2.213,3.794,1.861,1.312,1.861,1.312,0.0,0.0,0.0,0.0,0.0,0.0,0.0,0.0,0.0,1.312,4.271,5.132,5.884,2.679,2.679,0.0,2.679,0.0,1.861,0.0,0.0,0.0,0.0,CD8 T
GTAGAGGTGTGGAGGT-1_D17,D17,M,42,SLE,C,10x 3' v3,cryopreserved biobank sample,total PBMC,2244,1070,6.77,0.0,0.0,1.697,0.0,1.697,0.0,2.665,0.0,0.0,1.697,4.501,3.998,4.217,3.323,2.935,1.697,1.697,0.0,0.0,0.0,0.0,0.0,0.0,0.0,0.0,0.0,1.697,3.912,6.275,4.998,2.935,2.665,2.294,1.697,0.0,2.294,0.0,1.697,0.0,0.0,NK
TCGTTAGCGTCATACG-1_D17,D17,M,42,SLE,C,10x 3' v3,cryopreserved biobank sample,total PBMC,3756,1497,6.89,0.0,0.0,1.298,0.0,0.0,0.0,1.845,0.0,0.0,0.0,2.661,3.712,5.219,3.319,3.775,1.298,1.845,0.0,0.0,0.0,0.0,1.298,0.0,0.0,0.0,0.0,0.0,5.159,6.141,4.938,1.845,2.196,0.0,2.661,0.0,1.298,1.298,0.0,0.0,1.298,NK
GCGCAGGAGCAATGAC-1_D17,D17,M,42,SLE,C,10x 3' v3,cryopreserved biobank sample,total PBMC,5201,2064,4.42,0.0,0.0,0.0,0.0,0.0,0.0,3.812,0.0,0.0,0.0,0.0,0.0,0.0,0.0,0.0,1.073,0.0,0.0,0.0,3.258,1.073,5.47,3.329,5.541,2.529,1.912,4.072,4.576,5.798,3.893,3.853,3.007,2.796,1.578,0.0,2.162,1.073,2.162,0.0,1.578,CD14 monocyte
TCCTCGGGTATCGGCG-1_D17,D17,M,42,SLE,C,10x 3' v3,cryopreserved biobank sample,total PBMC,3425,1513,4.61,3.193,2.54,2.919,2.54,2.54,1.923,2.278,0.0,0.0,0.0,1.366,0.0,0.0,0.0,0.0,0.0,0.0,0.0,0.0,0.0,0.0,0.0,0.0,1.366,0.0,0.0,0.0,3.065,5.709,5.575,1.923,0.0,2.278,3.408,0.0,1.923,0.0,0.0,0.0,2.278,CD4 naive T
GAGGTAAATGGGCTCA-1_D17,D17,M,42,SLE,C,10x 3' v3,cryopreserved biobank sample,total PBMC,4054,1531,5.54,1.781,1.243,0.0,0.0,1.243,0.0,2.128,1.243,2.128,0.0,2.128,3.638,3.032,1.243,0.0,1.243,0.0,0.0,0.0,0.0,0.0,1.243,0.0,0.0,0.0,0.0,0.0,3.919,5.968,5.053,1.243,0.0,2.128,2.128,0.0,1.243,0.0,1.781,0.0,0.0,CD8 T
ATGTCGTTCTGAGGGA-1_D17,D17,M,42,SLE,C,10x 3' v3,cryopreserved biobank sample,total PBMC,2889,1305,5.48,2.698,2.432,0.0,1.495,0.0,2.07,2.432,0.0,0.0,0.0,0.0,0.0,0.0,0.0,0.0,0.0,0.0,0.0,0.0,0.0,0.0,0.0,0.0,0.0,0.0,0.0,0.0,4.252,4.685,5.324,3.356,2.698,2.07,2.07,0.0,3.228,0.0,0.0,0.0,1.495,CD4 naive T
ATCTCAGGCGTGTGGT-1_D17,D17,M,42,SLE,C,10x 3' v3,cryopreserved biobank sample,total PBMC,6469,2460,4.93,0.934,0.0,0.934,0.0,0.934,0.0,3.599,0.0,0.0,0.0,0.0,0.0,0.0,0.0,0.0,0.0,0.0,0.0,0.0,3.463,2.593,5.338,5.417,4.557,1.729,0.934,4.436,4.986,5.293,4.32,2.973,2.973,2.593,1.729,0.0,2.891,2.47,1.729,0.0,1.729,CD14 monocyte
TAAGTCGTCCTACACT-1_D17,D17,M,42,SLE,C,10x 3' v3,cryopreserved biobank sample,total PBMC,6624,2609,6.47,0.0,0.92,0.0,0.0,0.0,0.0,3.097,0.0,0.0,0.92,0.0,0.0,0.0,0.0,0.0,0.0,0.0,0.0,0.0,3.338,2.779,5.253,4.941,4.711,3.283,0.0,3.835,4.851,4.117,4.67,3.898,2.146,3.533,2.571,0.0,2.68,0.92,1.391,0.0,2.868,CD14 monocyte
CATCGCGTTCAACACG-1_D17,D17,M,42,SLE,C,10x 3' v3,cryopreserved biobank sample,total PBMC,7189,2525,5.9,2.873,1.882,2.495,0.0,1.643,2.235,1.33,0.0,0.872,0.0,0.0,0.0,0.0,0.0,0.0,0.0,0.0,0.0,0.0,0.0,0.0,0.872,0.872,1.33,0.0,0.0,0.0,4.912,4.53,5.801,2.873,2.235,2.374,2.235,0.0,2.702,0.872,0.0,0.0,1.643,CD4 naive T
GGAACTAAGGGAGACT-1_D17,D17,M,42,SLE,C,10x 3' v3,cryopreserved biobank sample,total PBMC,2813,1293,6.82,2.723,2.093,2.457,0.0,2.093,2.723,2.093,0.0,0.0,0.0,0.0,0.0,0.0,0.0,0.0,0.0,0.0,0.0,0.0,0.0,0.0,0.0,1.516,1.516,0.0,0.0,0.0,4.711,6.115,4.989,2.723,2.093,2.723,0.0,0.0,3.496,0.0,2.093,0.0,0.0,CD4 naive T
GCACGGATTAAGGTCT-1_D17,D17,M,42,SLE,C,10x 3' v3,cryopreserved biobank sample,total PBMC,2451,1122,4.41,3.516,1.625,1.625,1.625,0.0,0.0,3.063,2.215,1.625,1.625,0.0,0.0,1.625,0.0,0.0,0.0,0.0,0.0,0.0,0.0,0.0,0.0,0.0,0.0,0.0,0.0,0.0,4.711,5.173,5.399,3.826,3.516,2.583,0.0,0.0,2.852,1.625,0.0,0.0,0.0,CD8 T
TTTAGAATGTTCCTGG-1_D17,D17,M,42,SLE,C,10x 3' v3,cryopreserved biobank sample,total PBMC,5238,2167,7.76,0.0,0.0,1.068,0.0,1.068,0.0,2.9,0.0,0.0,0.0,1.068,0.0,0.0,1.068,0.0,0.0,0.0,0.0,1.068,2.9,2.522,4.188,5.43,4.487,1.572,1.572,5.206,5.072,5.831,3.716,1.068,2.356,3.174,1.906,0.0,2.79,1.068,1.068,0.0,1.572,CD14 monocyte
GTTTACGACCGTGCTA-1_D17,D17,M,42,SLE,C,10x 3' v3,cryopreserved biobank sample,total PBMC,6049,2391,7.23,2.655,2.03,2.226,0.0,0.0,0.976,2.531,0.0,0.0,0.0,0.976,0.976,0.0,0.0,0.0,0.0,0.0,0.0,0.0,0.976,0.0,0.0,0.0,1.46,0.0,0.0,0.0,4.207,5.943,4.828,2.954,2.03,1.785,0.976,0.0,2.226,0.0,1.785,0.0,0.976,CD4 memory T
CATCTCCGTGAGCTTA-1_D17,D17,M,42,SLE,C,10x 3' v3,cryopreserved biobank sample,total PBMC,3585,1521,5.73,2.237,2.237,0.0,1.332,0.0,0.0,0.0,2.498,1.332,0.0,2.705,2.876,2.237,0.0,0.0,1.332,0.0,0.0,0.0,0.0,0.0,0.0,0.0,0.0,0.0,0.0,1.332,3.618,5.075,4.984,3.022,2.237,1.332,1.884,0.0,2.498,0.0,1.884,0.0,2.237,CD8 T
AAAGTCGCTCACAGGC-1_D17,D17,M,42,SLE,C,10x 3' v3,cryopreserved biobank sample,total PBMC,5818,2167,3.39,2.261,1.817,0.0,1.0,1.0,1.49,2.426,0.0,0.0,0.0,0.0,0.0,0.0,0.0,0.0,0.0,0.0,0.0,0.0,0.0,1.0,0.0,0.0,1.0,0.0,0.0,0.0,4.361,4.906,5.828,2.901,2.991,2.691,2.261,0.0,2.691,1.0,2.064,0.0,1.0,CD4 memory T
TAACATTGCCCGTCTG-1_D17,D17,M,42,SLE,C,10x 3' v3,cryopreserved biobank sample,total PBMC,3559,1508,10.5,1.338,2.505,0.0,0.0,0.0,0.0,1.338,3.269,1.89,0.0,0.0,2.244,1.338,0.0,0.0,0.0,0.0,0.0,0.0,1.338,0.0,0.0,0.0,1.338,0.0,0.0,0.0,4.305,4.932,4.047,3.547,1.338,2.505,2.505,0.0,2.244,0.0,0.0,0.0,0.0,CD8 T
TTCGTCCACAATAAAC-1_D17,D17,M,42,SLE,C,10x 3' v3,cryopreserved biobank sample,total PBMC,5259,2018,6.95,0.0,0.0,0.0,0.0,1.065,0.0,3.801,0.0,0.0,0.0,0.0,0.0,0.0,0.0,0.0,0.0,0.0,0.0,0.0,2.152,3.958,4.545,4.565,4.155,3.17,0.0,3.614,4.545,5.581,4.241,2.661,2.152,2.897,0.0,0.0,2.518,1.065,1.065,0.0,1.569,CD14 monocyte
GGTTAGATTGGACCTC-1_D18,D18,F,48,healthy,C,10x 3' v3,cryopreserved biobank sample,total PBMC,6402,2372,5.13,0.0,0.0,0.941,0.0,1.981,0.0,0.0,0.0,0.0,0.0,0.0,0.0,0.941,0.0,0.0,0.941,0.941,3.473,3.059,3.371,0.0,0.0,0.941,0.0,0.0,0.0,0.0,5.037,5.904,5.196,3.059,2.176,1.981,1.738,2.339,0.0,0.0,1.417,0.0,1.417,B
ATCTCAGCGGTGCATT-1_D18,D18,F,48,healthy,C,10x 3' v3,cryopreserved biobank sample,total PBMC,6498,2333,7.91,0.0,0.0,0.0,0.0,0.0,0.932,2.969,0.0,0.0,0.0,0.0,0.932,0.0,0.0,0.0,0.0,0.0,0.0,0.0,0.932,2.969,5.311,3.676,3.786,3.243,0.932,4.295,5.072,5.516,4.184,3.357,1.968,3.506,1.406,1.406,0.0,1.406,1.726,0.0,1.406,CD14 monocyte
CTAGTAACCGGCTCGC-1_D18,D18,F,48,healthy,C,10x 3' v3,cryopreserved biobank sample,total PBMC,5050,2053,4.54,0.0,0.0,0.0,0.0,0.0,0.0,3.286,0.0,0.0,1.602,2.556,4.565,4.334,3.358,1.602,1.602,3.209,0.0,0.0,0.0,0.0,0.0,1.092,0.0,0.0,0.0,0.0,4.7,6.298,5.845,1.092,2.699,2.556,1.092,2.699,0.0,0.0,1.092,0.0,0.0,NK
CGTGCAGCTTTTAAGA-1_D18,D18,F,48,healthy,C,10x 3' v3,cryopreserved biobank sample,total PBMC,2336,1193,9.36,0.0,0.0,0.0,0.0,0.0,0.0,0.0,0.0,0.0,0.0,0.0,0.0,0.0,0.0,0.0,0.0,0.0,2.258,2.258,3.109,0.0,0.0,1.664,0.0,0.0,0.0,0.0,4.462,5.852,4.178,1.664,2.258,2.258,0.0,0.0,0.0,1.664,0.0,0.0,2.258,B
CATACACTCGCCCAGC-1_D18,D18,F,48,healthy,C,10x 3' v3,cryopreserved biobank sample,total PBMC,3263,1598,5.46,0.0,0.0,0.0,0.0,0.0,0.0,2.585,0.0,0.0,0.0,3.455,3.547,2.965,2.793,3.547,2.585,0.0,0.0,0.0,0.0,1.402,0.0,1.402,1.964,0.0,0.0,0.0,4.956,4.532,5.133,1.402,0.0,1.964,0.0,2.793,0.0,0.0,1.402,0.0,0.0,NK
TTGCTTTATAGATTAG-1_D18,D18,F,48,healthy,C,10x 3' v3,cryopreserved biobank sample,total PBMC,4667,1817,7.17,1.145,0.0,0.0,0.0,0.0,0.0,2.005,0.0,0.0,0.0,0.0,0.0,0.0,0.0,0.0,0.0,0.0,0.0,0.0,4.273,2.772,5.198,3.678,4.358,3.285,0.0,3.201,4.944,5.43,4.83,2.772,2.259,3.678,1.145,1.665,0.0,1.145,2.005,0.0,2.259,CD14 monocyte
AAAATACATCCGTTGC-1_D18,D18,F,48,healthy,C,10x 3' v3,cryopreserved biobank sample,total PBMC,7495,2947,5.53,0.0,0.0,0.0,0.0,0.0,0.0,4.575,0.0,0.0,0.0,0.0,0.0,0.0,0.0,0.0,0.0,0.848,0.0,0.0,4.175,2.663,5.123,3.919,3.107,3.271,0.0,3.321,5.38,5.005,4.716,2.663,2.834,3.537,3.045,2.037,0.0,1.3,0.848,0.0,0.848,CD14 monocyte
GCTTAGTGTGGCTAGA-1_D18,D18,F,48,healthy,C,10x 3' v3,cryopreserved biobank sample,total PBMC,3326,1492,4.9,3.763,1.388,0.0,0.0,1.388,0.0,3.436,1.388,1.948,1.388,3.436,3.831,3.221,1.388,0.0,0.0,0.0,0.0,0.0,0.0,0.0,0.0,1.388,0.0,0.0,0.0,0.0,2.947,6.12,4.607,1.948,1.388,2.775,1.948,3.093,0.0,0.0,0.0,0.0,1.388,CD8 T
AGAAATTAAGCCAGGG-1_D18,D18,F,48,healthy,C,10x 3' v3,cryopreserved biobank sample,total PBMC,7449,2942,9.13,0.0,0.0,0.0,0.0,0.0,0.0,3.462,0.0,0.0,0.0,0.0,0.851,0.0,0.851,0.0,0.0,0.0,0.0,0.0,4.769,1.852,5.393,4.118,3.171,3.752,0.0,4.609,3.581,5.831,3.225,3.277,2.669,2.669,1.615,2.043,0.0,0.0,0.0,0.0,2.342,CD14 monocyte
ACATCGCTTGTTAACC-1_D18,D18,F,48,healthy,C,10x 3' v3,cryopreserved biobank sample,total PBMC,10985,4096,11.34,0.0,0.0,0.0,0.647,0.647,0.0,3.464,0.0,0.0,0.0,0.0,0.0,0.0,0.0,0.0,0.0,0.0,0.0,0.647,3.933,3.168,5.174,4.57,4.396,3.546,1.535,3.878,5.408,5.1,4.963,2.745,2.802,3.546,0.647,1.866,0.0,2.114,1.317,0.0,1.317,CD14 monocyte
CCAGATCTATGCACAG-1_D18,D18,F,48,healthy,C,10x 3' v3,cryopreserved biobank sample,total PBMC,8671,2926,4.13,0.0,0.0,0.0,0.0,0.767,0.0,4.403,0.767,0.767,0.0,0.767,0.767,0.0,0.0,0.0,0.0,0.0,0.0,0.0,4.218,2.205,4.63,4.268,3.635,2.968,0.0,3.47,4.183,5.346,4.166,3.901,2.772,3.132,2.432,2.325,0.0,1.196,0.767,0.0,1.725,CD14 monocyte
TTGCAGCTTGCGCACG-1_D18,D18,F,48,healthy,C,10x 3' v3,cryopreserved biobank sample,total PBMC,5070,2288,4.61,2.552,2.185,2.552,0.0,0.0,0.0,3.994,1.598,2.385,2.931,3.748,4.029,3.483,0.0,1.598,1.089,1.598,0.0,0.0,0.0,0.0,0.0,1.089,0.0,0.0,0.0,0.0,5.309,6.222,5.495,2.385,1.934,3.354,1.598,2.931,0.0,0.0,1.089,0.0,0.0,CD8 T
CCTAAATGTCGTAGAC-1_D18,D18,F,48,healthy,C,10x 3' v3,cryopreserved biobank sample,total PBMC,5463,1985,6.88,1.041,0.0,0.0,0.0,0.0,0.0,2.626,0.0,0.0,0.0,3.525,3.577,4.547,3.675,1.871,2.861,2.119,1.041,0.0,0.0,0.0,0.0,1.539,0.0,0.0,0.0,0.0,5.31,5.714,5.054,2.484,1.871,2.96,1.871,2.119,0.0,0.0,1.041,0.0,1.539,NK
TCGACTGAAACGGCCG-1_D18,D18,F,48,healthy,C,10x 3' v3,cryopreserved biobank sample,total PBMC,8850,2757,4.87,3.253,2.678,2.51,1.479,0.756,1.182,2.949,0.0,0.0,0.756,1.182,1.708,0.0,0.0,0.0,0.0,0.0,0.0,0.0,0.756,0.0,1.182,0.0,0.0,0.756,0.0,0.0,3.881,5.105,5.785,2.753,2.187,2.597,1.708,2.307,0.0,1.479,0.756,0.0,1.182,CD4 memory T
GCTCTTGCTTCGATTA-1_D18,D18,F,48,healthy,C,10x 3' v3,cryopreserved biobank sample,total PBMC,6310,2545,7.42,0.0,0.95,0.0,0.0,1.428,0.0,2.997,0.0,0.0,0.0,2.493,4.281,4.978,3.33,1.428,2.493,1.993,0.0,0.0,0.0,0.0,1.75,0.95,1.428,0.0,0.0,0.0,3.742,4.532,6.016,2.616,1.993,2.725,0.95,2.352,0.0,0.95,0.0,0.0,0.95,NK
GAGCCAAAACGTTTTT-1_D18,D18,F,48,healthy,C,10x 3' v3,cryopreserved biobank sample,total PBMC,5351,2213,4.84,3.071,2.336,1.888,0.0,1.556,1.054,4.327,1.556,2.88,1.556,2.98,3.647,2.645,0.0,1.054,1.556,0.0,0.0,0.0,0.0,0.0,0.0,0.0,0.0,0.0,1.054,1.054,4.568,6.664,5.535,1.888,2.336,1.556,2.645,1.556,0.0,1.556,0.0,0.0,2.336,CD8 T
GACTCCAAAGACTTCA-1_D18,D18,F,48,healthy,C,10x 3' v3,cryopreserved biobank sample,total PBMC,4359,1775,3.28,1.721,1.192,3.175,1.192,0.0,0.0,2.065,0.0,0.0,0.0,1.192,1.192,0.0,0.0,0.0,0.0,0.0,0.0,0.0,1.192,0.0,1.192,0.0,1.192,0.0,0.0,1.192,4.278,5.498,4.964,1.721,3.267,2.963,2.523,1.192,0.0,0.0,0.0,0.0,1.721,CD4 memory T
TACGCATACTTTACTC-1_D18,D18,F,48,healthy,C,10x 3' v3,cryopreserved biobank sample,total PBMC,9732,3458,6.16,0.0,0.0,0.707,0.0,0.0,0.0,4.504,0.707,0.0,0.0,0.0,0.0,0.0,0.0,0.0,0.0,0.0,0.0,0.0,3.664,1.969,4.879,4.504,4.91,4.104,0.0,3.07,5.044,6.127,3.117,2.733,2.327,1.969,1.969,1.969,0.0,0.707,0.0,0.0,2.327,CD14 monocyte
TTAGCAGGAGTTGAAC-1_D18,D18,F,48,healthy,C,10x 3' v3,cryopreserved biobank sample,total PBMC,6483,2194,11.03,0.0,0.0,0.0,0.933,0.0,0.0,4.47,0.0,0.0,0.0,0.0,0.0,0.0,0.933,0.0,0.0,0.0,0.0,0.0,3.554,3.047,5.694,4.113,4.318,2.971,0.933,3.597,2.971,4.007,5.619,2.889,1.97,3.554,0.0,0.933,0.0,2.165,1.728,0.0,2.165,CD14 monocyte
GCCAGCATCGAGGGCG-1_D18,D18,F,48,healthy,C,10x 3' v3,cryopreserved biobank sample,total PBMC,5345,2236,9.41,0.0,0.0,0.0,0.0,2.138,0.0,0.0,0.0,0.0,0.0,0.0,1.055,0.0,0.0,0.0,0.0,0.0,2.881,3.491,3.155,0.0,1.055,0.0,0.0,0.0,0.0,0.0,4.197,5.976,4.951,0.0,1.055,1.556,1.055,2.138,0.0,1.556,1.055,0.0,1.889,B
GGGGGGATTTGCGGAG-1_D18,D18,F,48,healthy,C,10x 3' v3,cryopreserved biobank sample,total PBMC,3171,1701,8.81,2.348,2.348,1.989,1.989,1.424,0.0,2.348,0.0,0.0,0.0,1.424,2.348,0.0,0.0,0.0,0.0,0.0,0.0,0.0,0.0,0.0,1.424,0.0,0.0,0.0,0.0,0.0,4.527,5.535,5.281,0.0,1.424,2.348,1.989,1.424,0.0,0.0,0.0,0.0,1.424,CD4 memory T
TAACTAACCACGAGGC-1_D18,D18,F,48,healthy,C,10x 3' v3,cryopreserved biobank sample,total PBMC,7831,3157,19.16,0.0,0.0,0.0,0.823,0.0,0.0,3.326,0.0,0.0,0.0,0.0,0.823,0.0,0.823,0.0,0.0,0.0,0.0,0.0,3.703,3.003,5.777,5.005,3.734,2.623,0.823,4.475,4.152,6.073,3.414,2.711,1.575,2.159,0.823,1.575,0.0,1.268,1.268,0.0,1.575,CD14 monocyte
AGGAAGATATGGATAA-1_D18,D18,F,48,healthy,C,10x 3' v3,cryopreserved biobank sample,total PBMC,2807,1228,4.31,0.0,0.0,0.0,0.0,2.095,0.0,1.518,0.0,0.0,0.0,0.0,0.0,0.0,0.0,0.0,0.0,0.0,2.459,3.108,2.459,0.0,1.518,0.0,0.0,0.0,0.0,0.0,4.966,4.941,4.613,1.518,2.095,2.935,0.0,2.725,0.0,0.0,1.518,0.0,1.518,B
CACCTACTGCCGCGCC-1_D18,D18,F,48,healthy,C,10x 3' v3,cryopreserved biobank sample,total PBMC,6709,2819,8.05,0.0,0.0,0.0,0.0,0.912,0.0,2.297,0.0,0.0,0.0,3.378,3.326,3.213,2.559,2.134,2.767,3.151,0.0,0.0,0.0,0.0,1.381,0.0,0.912,0.0,0.0,0.0,3.475,6.179,5.655,2.938,2.437,2.437,1.381,1.381,0.0,0.0,0.0,0.0,1.7,NK
ACCTCGAGGCAGACGA-1_D18,D18,F,48,healthy,C,10x 3' v3,cryopreserved biobank sample,total PBMC,7397,2426,7.84,2.922,1.309,2.469,0.0,0.0,0.0,3.51,0.0,0.0,1.309,0.855,2.348,0.0,0.0,0.0,0.0,0.855,0.0,0.855,0.0,0.0,0.0,0.0,0.855,0.0,0.0,0.0,4.08,6.23,4.798,2.675,1.857,1.62,2.049,1.62,0.0,0.0,1.62,0.0,0.0,CD4 memory T
CGCTTGGACCCCCATA-1_D18,D18,F,48,healthy,C,10x 3' v3,cryopreserved biobank sample,total PBMC,11867,4134,4.79,0.0,0.0,0.0,0.0,0.0,0.0,4.162,0.0,0.0,0.611,0.0,0.0,0.0,0.0,0.0,0.0,0.0,0.0,0.0,3.803,1.651,5.363,2.972,3.784,3.959,0.611,4.575,4.531,5.86,3.522,2.673,2.408,2.972,2.15,2.047,0.988,1.931,1.651,0.0,0.611,CD14 monocyte
TGGATTTGGACGGTGG-1_D18,D18,F,48,healthy,C,10x 3' v3,cryopreserved biobank sample,total PBMC,3722,1569,7.74,0.0,1.305,0.0,0.0,0.0,0.0,3.226,0.0,0.0,0.0,3.721,4.402,3.226,1.852,1.305,0.0,2.204,0.0,0.0,0.0,0.0,0.0,0.0,0.0,0.0,0.0,0.0,4.758,5.771,6.313,3.226,0.0,2.84,0.0,1.305,0.0,0.0,0.0,0.0,1.305,NK
TTCTCTCATGTAGGTG-1_D18,D18,F,48,healthy,C,10x 3' v3,cryopreserved biobank sample,total PBMC,4803,1562,5.89,1.642,2.982,1.126,0.0,1.642,0.0,3.594,1.642,2.233,2.982,4.15,3.971,3.335,1.126,1.126,0.0,0.0,0.0,0.0,0.0,0.0,1.126,0.0,0.0,1.126,0.0,0.0,4.047,5.793,6.034,1.642,1.126,1.126,0.0,1.642,0.0,1.126,1.126,0.0,2.746,CD8 T
GGAAAATAGAGGTCTC-1_D18,D18,F,48,healthy,C,10x 3' v3,cryopreserved biobank sample,total PBMC,4795,1849,5.09,0.0,0.0,0.0,1.127,0.0,0.0,1.127,0.0,0.0,0.0,0.0,0.0,0.0,0.0,0.0,0.0,0.0,3.259,3.973,3.754,0.0,0.0,0.0,1.643,0.0,0.0,0.0,4.901,4.769,5.123,2.235,2.747,3.475,0.0,1.982,0.0,1.643,1.127,0.0,1.127,B
GGTTCATATAAAGAGT-1_D18,D18,F,48,healthy,C,10x 3' v3,cryopreserved biobank sample,total PBMC,7953,2613,6.67,2.853,0.0,1.797,2.283,0.814,1.797,2.145,0.0,0.0,0.0,0.0,0.814,0.0,0.814,0.0,0.0,0.0,0.0,0.0,0.0,0.0,0.0,0.0,0.0,0.814,0.0,0.0,3.938,5.87,5.881,2.511,1.986,1.797,0.0,1.257,0.0,1.257,0.814,0.0,0.814,CD4 naive T
TCCTTCGAGTGAATAC-1_D18,D18,F,48,healthy,C,10x 3' v3,cryopreserved biobank sample,total PBMC,6546,2397,6.05,0.0,0.0,0.0,0.0,0.0,0.0,3.402,0.0,0.0,0.0,0.0,0.927,0.0,0.0,0.0,0.0,0.0,0.0,0.0,4.667,2.319,5.445,2.879,3.108,3.91,1.4,3.969,4.461,5.72,5.289,2.319,1.4,3.038,1.4,1.4,0.0,0.927,0.927,0.0,1.72,CD14 monocyte
CACGGGGGATGCCGCC-1_D18,D18,F,48,healthy,C,10x 3' v3,cryopreserved biobank sample,total PBMC,5828,2201,6.22,0.0,1.489,0.0,0.0,0.0,0.0,2.566,0.0,0.0,0.999,2.989,5.131,4.291,3.149,3.462,2.26,2.989,0.0,0.0,0.0,0.0,0.999,0.0,0.0,0.0,0.0,0.999,4.444,5.568,5.631,1.816,2.424,3.742,2.69,2.062,0.0,0.0,2.062,0.0,1.489,NK
GCTCTTCTGGACTCCC-1_D18,D18,F,48,healthy,C,10x 3' v3,cryopreserved biobank sample,total PBMC,6154,2106,7.28,1.447,0.0,0.0,0.0,0.0,0.0,3.097,0.0,0.965,0.965,2.211,2.516,4.214,3.234,2.015,0.965,2.848,0.0,0.0,0.0,0.0,0.0,0.0,0.0,0.0,0.0,0.0,4.729,5.446,4.59,2.015,1.771,3.168,2.639,1.771,0.0,0.965,0.965,0.0,1.447,NK
TGTGTGATACGCTGCT-1_D18,D18,F,48,healthy,C,10x 3' v3,cryopreserved biobank sample,total PBMC,5380,2104,6.67,0.0,0.0,0.0,0.0,1.05,0.0,3.363,0.0,0.0,0.0,2.875,4.46,2.975,2.332,1.883,1.883,3.54,0.0,0.0,0.0,0.0,0.0,1.05,1.05,0.0,0.0,0.0,4.46,4.818,5.906,2.764,2.498,1.05,2.498,0.0,0.0,1.551,0.0,0.0,1.551,NK
TTGCGTGATAAAGATG-1_D18,D18,F,48,healthy,C,10x 3' v3,cryopreserved biobank sample,total PBMC,7486,2573,8.79,0.0,0.0,0.0,0.0,0.848,0.0,3.778,0.0,0.0,0.0,0.0,0.0,0.0,0.0,0.0,0.0,0.0,0.848,0.0,4.197,1.301,5.894,4.549,4.274,3.414,0.848,4.197,4.475,6.019,3.778,4.021,2.199,3.894,0.848,0.848,0.0,0.0,1.847,0.0,2.039,CD14 monocyte
ACACGGCCTCCGCCCG-1_D18,D18,F,48,healthy,C,10x 3' v3,cryopreserved biobank sample,total PBMC,4647,1774,7.9,0.0,1.148,0.0,0.0,1.148,1.148,3.505,0.0,0.0,0.0,0.0,1.668,0.0,0.0,0.0,1.148,0.0,0.0,0.0,4.215,2.902,6.378,4.745,3.922,3.964,0.0,3.366,4.215,4.042,4.515,3.833,2.009,3.735,1.668,2.263,0.0,1.148,0.0,0.0,1.668,CD14 monocyte
CAATCAAGAATCCTTT-1_D18,D18,F,48,healthy,C,10x 3' v3,cryopreserved biobank sample,total PBMC,5360,2328,7.58,0.0,0.0,0.0,0.0,1.887,0.0,2.768,0.0,0.0,0.0,3.152,4.009,4.106,3.152,1.053,1.053,2.768,0.0,0.0,0.0,0.0,0.0,0.0,0.0,0.0,0.0,0.0,5.061,6.271,5.084,1.887,2.643,2.136,0.0,1.887,0.0,1.554,1.554,0.0,0.0,NK
GGAGTCGAGGAATTGA-1_D18,D18,F,48,healthy,C,10x 3' v3,cryopreserved biobank sample,total PBMC,10015,3151,5.84,0.0,0.0,0.0,0.0,0.692,0.0,4.126,0.0,0.0,0.0,1.098,1.098,0.0,0.0,0.0,0.0,0.692,0.692,0.0,3.134,2.078,6.266,4.94,3.911,2.078,0.0,4.126,3.87,5.36,3.911,2.301,2.564,3.134,2.564,2.564,0.0,1.385,1.385,0.0,1.385,CD14 monocyte
CAACAGGTTGACGTCG-1_D18,D18,F,48,healthy,C,10x 3' v3,cryopreserved biobank sample,total PBMC,4167,1664,6.54,0.0,0.0,0.0,0.0,1.758,0.0,3.311,1.224,0.0,1.758,3.544,3.733,3.472,2.104,1.758,2.104,1.224,0.0,1.224,0.0,0.0,0.0,0.0,0.0,0.0,0.0,0.0,5.335,5.543,5.739,0.0,2.879,2.361,1.224,2.565,0.0,0.0,0.0,0.0,0.0,NK
GTGGAGCATCGTTCCT-1_D18,D18,F,48,healthy,C,10x 3' v3,cryopreserved biobank sample,total PBMC,4654,1920,11.58,1.667,2.261,1.667,3.013,1.147,0.0,2.008,0.0,0.0,0.0,0.0,0.0,0.0,0.0,0.0,0.0,0.0,0.0,0.0,0.0,0.0,0.0,0.0,0.0,0.0,0.0,0.0,3.288,5.236,5.375,3.013,2.901,4.002,3.013,2.261,0.0,1.147,0.0,0.0,0.0,CD4 naive T
GAGTTAGCCTGCACGC-1_D18,D18,F,48,healthy,C,10x 3' v3,cryopreserved biobank sample,total PBMC,7792,2829,5.2,0.0,0.0,0.0,0.0,0.0,0.0,2.301,0.0,0.826,0.0,3.739,4.901,4.029,2.301,1.579,2.873,2.627,0.0,0.826,0.826,0.0,0.0,0.826,0.0,0.0,0.0,0.0,3.708,4.34,4.306,2.004,1.272,2.301,2.004,2.163,0.0,1.814,2.301,0.0,2.004,NK
ATACCGAACGTTTTAC-1_D18,D18,F,48,healthy,C,10x 3' v3,cryopreserved biobank sample,total PBMC,6343,2477,5.51,0.0,0.946,0.0,0.0,1.746,0.0,2.909,1.424,0.0,0.0,4.0,5.17,5.106,3.139,2.721,2.611,2.611,0.0,0.0,0.946,0.0,1.424,0.946,0.946,0.0,0.0,0.0,4.208,6.171,4.882,0.946,0.946,2.184,0.946,1.989,0.0,0.946,0.946,0.0,0.0,NK
GATATGGGACCTTAAA-1_D18,D18,F,48,healthy,C,10x 3' v3,cryopreserved biobank sample,total PBMC,5130,1977,3.71,2.92,2.809,2.174,0.0,1.082,0.0,2.684,0.0,0.0,0.0,0.0,0.0,1.082,0.0,0.0,0.0,0.0,0.0,0.0,0.0,0.0,0.0,0.0,0.0,0.0,0.0,0.0,3.982,4.486,5.62,3.271,3.111,3.02,2.92,1.589,0.0,0.0,1.082,0.0,1.924,CD4 memory T
TGCATGCCTGTAACGA-1_D18,D18,F,48,healthy,C,10x 3' v3,cryopreserved biobank sample,total PBMC,15407,4729,9.62,0.0,0.832,0.0,0.0,1.28,0.0,3.294,0.0,0.0,0.0,0.5,0.0,0.0,0.0,0.0,0.5,0.0,0.0,0.0,3.05,1.923,3.166,4.758,4.376,3.931,1.081,3.294,4.158,5.787,4.326,2.311,2.432,4.051,2.432,1.446,0.0,1.081,1.588,0.0,1.588,CD14 monocyte
GAAAGACGAGCTGCTC-1_D18,D18,F,48,healthy,C,10x 3' v3,cryopreserved biobank sample,total PBMC,5600,2160,5.25,0.0,0.0,0.0,1.025,1.85,0.0,2.295,0.0,0.0,0.0,0.0,0.0,0.0,0.0,0.0,0.0,0.0,3.11,3.187,3.325,0.0,0.0,0.0,1.025,0.0,1.025,0.0,4.283,6.046,4.808,2.461,1.52,0.0,1.025,1.52,0.0,0.0,1.025,0.0,1.025,B
GTGCCTCGATGGCCGA-1_D18,D18,F,48,healthy,C,10x 3' v3,cryopreserved biobank sample,total PBMC,5972,2318,5.98,2.667,0.0,1.796,2.876,0.0,0.0,0.984,0.0,0.0,1.47,0.984,0.0,0.0,0.0,0.0,0.0,0.0,0.0,0.0,0.0,0.0,0.0,0.0,1.47,0.0,0.0,0.0,3.718,5.127,5.684,1.47,2.543,2.777,1.47,1.796,0.0,0.984,1.47,0.0,0.0,CD4 naive T
ACGTACTATCCCATCG-1_D18,D18,F,48,healthy,C,10x 3' v3,cryopreserved biobank sample,total PBMC,3997,1609,12.01,1.792,2.141,1.792,2.399,2.399,0.0,1.792,0.0,0.0,0.0,0.0,0.0,0.0,0.0,0.0,0.0,0.0,0.0,0.0,0.0,0.0,1.253,0.0,0.0,0.0,0.0,0.0,3.652,6.145,6.09,1.792,3.045,0.0,1.792,0.0,0.0,1.253,1.253,0.0,0.0,CD4 naive T
CACGGATCACAACACG-1_D18,D18,F,48,healthy,C,10x 3' v3,cryopreserved biobank sample,total PBMC,4742,1706,6.41,2.446,3.419,1.652,1.134,0.0,0.0,1.992,0.0,0.0,0.0,1.134,1.652,0.0,0.0,0.0,0.0,0.0,0.0,0.0,0.0,0.0,0.0,0.0,0.0,1.134,0.0,0.0,4.343,5.824,4.648,3.715,2.883,3.548,1.992,2.758,0.0,0.0,1.652,0.0,1.652,CD4 memory T
AAACTAACTAGAGCTG-1_D18,D18,F,48,healthy,C,10x 3' v3,cryopreserved biobank sample,total PBMC,10225,3394,6.56,0.0,0.0,0.682,0.0,1.37,0.0,4.198,0.0,0.0,0.0,0.0,0.0,0.0,0.0,0.0,0.682,0.0,0.0,0.0,3.505,2.618,5.281,4.696,5.22,3.589,0.682,4.227,4.385,4.409,4.296,3.114,3.562,2.752,2.465,1.773,0.0,0.682,2.177,0.0,2.177,CD14 monocyte
CTTACATGCTTGAGTG-1_D18,D18,F,48,healthy,C,10x 3' v3,cryopreserved biobank sample,total PBMC,6125,2257,8.28,0.0,0.0,0.0,0.0,0.0,0.0,3.025,0.0,0.0,0.0,0.0,0.968,0.0,0.0,0.0,0.0,0.0,0.968,0.0,4.374,2.643,5.931,4.353,3.516,3.516,1.451,4.747,3.733,5.131,4.266,3.844,3.025,4.118,1.451,2.019,0.0,1.451,0.968,0.0,2.643,CD14 monocyte
TGCGCTCATTGATAGT-1_D18,D18,F,48,healthy,C,10x 3' v3,cryopreserved biobank sample,total PBMC,6853,2739,7.87,0.0,0.0,0.0,0.0,2.116,0.0,1.366,0.0,0.0,0.0,0.0,0.0,0.0,0.0,0.0,0.0,0.9,1.682,2.417,3.192,0.0,0.9,0.0,0.0,0.0,0.0,0.0,4.781,5.12,5.273,2.649,0.0,2.649,1.682,0.0,0.0,0.0,0.0,0.0,0.9,B
TTGCAATAGACTATCG-1_D18,D18,F,48,healthy,C,10x 3' v3,cryopreserved biobank sample,total PBMC,7124,2536,5.58,0.0,0.877,0.0,0.0,0.0,0.0,2.613,0.0,0.0,0.0,1.651,4.323,3.969,3.268,2.382,2.382,2.504,0.0,0.0,0.877,0.0,0.0,1.337,0.877,0.0,0.0,0.0,3.796,6.196,4.285,3.268,2.082,2.382,2.243,2.8,0.0,0.0,0.877,0.0,2.243,NK
TGAAGGTGACGAGCAA-1_D18,D18,F,48,healthy,C,10x 3' v3,cryopreserved biobank sample,total PBMC,3165,1474,2.32,0.0,0.0,0.0,0.0,0.0,0.0,3.141,1.991,1.425,0.0,3.269,4.421,3.812,3.141,1.425,2.821,2.613,0.0,0.0,0.0,0.0,0.0,0.0,0.0,0.0,0.0,0.0,3.141,6.572,4.743,3.141,0.0,2.349,1.425,0.0,0.0,0.0,0.0,0.0,0.0,NK
TATAGACGTACCACGT-1_D18,D18,F,48,healthy,C,10x 3' v3,cryopreserved biobank sample,total PBMC,3142,1398,5.56,0.0,0.0,0.0,0.0,0.0,0.0,3.668,0.0,0.0,1.997,1.997,3.491,3.819,3.819,1.431,2.356,2.356,0.0,0.0,0.0,0.0,1.431,0.0,1.431,0.0,0.0,0.0,4.217,6.143,4.879,1.431,1.431,2.356,1.431,1.997,0.0,0.0,0.0,0.0,1.431,NK
GGTGCGAGAATTGTAG-1_D18,D18,F,48,healthy,C,10x 3' v3,cryopreserved biobank sample,total PBMC,4491,1676,3.32,2.664,1.171,0.0,2.664,2.293,2.039,1.696,0.0,1.171,0.0,1.171,1.171,0.0,0.0,0.0,0.0,0.0,0.0,0.0,0.0,0.0,0.0,1.696,0.0,1.171,0.0,0.0,3.912,6.111,4.701,3.046,1.696,2.039,1.171,1.696,0.0,1.171,1.696,0.0,2.293,CD4 naive T
CGTTTATCGTAACCAT-1_D18,D18,F,48,healthy,C,10x 3' v3,cryopreserved biobank sample,total PBMC,3559,1510,2.62,0.0,1.338,0.0,0.0,0.0,0.0,1.338,0.0,0.0,1.338,3.156,4.599,3.697,2.505,2.244,2.505,3.029,0.0,0.0,0.0,1.338,0.0,0.0,0.0,0.0,0.0,0.0,4.972,7.093,5.728,2.883,1.338,2.244,1.338,2.244,0.0,0.0,1.338,0.0,0.0,NK
TTGCCAGCGCCATTTT-1_D18,D18,F,48,healthy,C,10x 3' v3,cryopreserved biobank sample,total PBMC,6844,2565,4.72,0.0,0.0,0.0,0.0,0.901,0.0,3.663,0.0,0.0,0.0,0.0,0.0,0.0,0.0,0.0,0.0,0.0,0.0,0.0,2.837,2.65,6.195,3.835,3.803,4.898,1.367,3.409,5.001,5.71,4.579,2.541,2.748,3.501,1.683,1.923,0.0,1.683,1.683,0.0,2.541,CD14 monocyte
TGGGTATACATCTTGT-1_D18,D18,F,48,healthy,C,10x 3' v3,cryopreserved biobank sample,total PBMC,5425,2240,5.45,2.757,2.757,1.876,1.876,0.0,0.0,1.545,0.0,0.0,0.0,0.0,1.045,0.0,0.0,0.0,0.0,0.0,0.0,0.0,0.0,0.0,1.545,0.0,1.045,0.0,0.0,0.0,3.634,6.366,5.182,1.545,0.0,2.125,0.0,2.632,0.0,1.045,0.0,0.0,1.876,CD4 memory T
TCCTCACATCTTCTCG-1_D18,D18,F,48,healthy,C,10x 3' v3,cryopreserved biobank sample,total PBMC,6709,2638,9.93,0.912,0.0,0.0,0.0,0.0,0.0,3.973,0.0,0.0,0.0,0.0,0.912,0.0,0.0,0.0,0.0,0.0,0.0,0.0,4.001,2.668,4.85,4.584,3.822,3.428,0.912,3.789,4.884,5.764,4.198,3.213,0.0,2.134,1.382,1.94,0.0,0.912,1.7,0.0,2.134,CD14 monocyte
CAGTGGGCTTTACATG-1_D18,D18,F,48,healthy,C,10x 3' v3,cryopreserved biobank sample,total PBMC,4209,1789,6.76,0.0,0.0,0.0,0.0,1.217,0.0,2.725,0.0,0.0,0.0,3.301,4.061,3.462,2.87,0.0,2.095,3.108,0.0,1.217,0.0,0.0,0.0,0.0,1.217,0.0,0.0,0.0,4.101,6.48,6.389,2.556,2.352,2.87,2.87,1.75,0.0,0.0,1.75,0.0,0.0,NK
AAGAGATTGGGGTGGC-1_D18,D18,F,48,healthy,C,10x 3' v3,cryopreserved biobank sample,total PBMC,7294,2630,5.76,0.0,0.0,0.0,0.0,0.0,0.0,2.689,0.0,0.863,0.0,0.0,0.863,0.0,0.0,0.0,0.863,0.0,0.0,0.863,3.773,0.0,5.735,4.138,2.935,3.482,0.0,4.454,4.707,5.29,5.432,3.638,1.869,2.935,2.061,0.0,0.0,1.632,1.869,0.0,0.863,CD14 monocyte
ATTTCGATTACTTCAC-1_D18,D18,F,48,healthy,C,10x 3' v3,cryopreserved biobank sample,total PBMC,4625,1846,5.22,0.0,0.0,1.151,0.0,1.151,0.0,3.631,0.0,1.151,1.151,3.572,4.367,4.047,2.267,3.21,2.013,2.013,0.0,0.0,0.0,0.0,0.0,0.0,1.151,0.0,0.0,0.0,4.22,5.886,5.52,1.672,2.013,2.781,1.151,2.013,0.0,0.0,0.0,0.0,1.151,NK
CAAGGGATTTTCTGTC-1_D18,D18,F,48,healthy,C,10x 3' v3,cryopreserved biobank sample,total PBMC,5981,2185,4.71,2.542,2.236,0.0,0.983,0.0,0.0,3.323,0.983,2.666,1.469,0.983,0.0,0.0,0.0,1.794,1.469,0.983,0.0,0.0,0.0,0.983,0.0,0.0,0.0,0.0,0.0,0.0,3.382,6.551,5.568,2.401,2.965,0.983,0.983,0.983,0.0,0.983,0.983,0.0,1.794,CD8 T
TCTGTAATGAGCAGGT-1_D18,D18,F,48,healthy,C,10x 3' v3,cryopreserved biobank sample,total PBMC,3563,1511,2.8,2.71,2.71,1.337,0.0,0.0,0.0,4.931,1.337,2.71,1.889,3.624,2.504,1.889,0.0,0.0,1.889,1.337,0.0,0.0,0.0,0.0,1.337,0.0,1.337,0.0,0.0,1.337,4.705,4.625,5.271,2.243,2.243,2.504,0.0,1.337,0.0,0.0,0.0,0.0,0.0,CD8 T
GGCTTACTACTTGAGT-1_D18,D18,F,48,healthy,C,10x 3' v3,cryopreserved biobank sample,total PBMC,11462,3455,10.22,0.0,0.0,0.0,0.0,0.0,0.0,3.127,0.0,0.0,0.0,0.0,0.627,0.0,0.627,0.0,0.0,0.0,0.627,0.0,2.867,1.286,5.23,2.44,3.127,4.085,1.01,4.222,5.651,5.955,4.48,2.44,2.275,2.581,1.502,0.627,0.0,1.01,0.0,0.0,0.627,CD14 monocyte
TATTTGCTTACTTAAT-1_D18,D18,F,48,healthy,C,10x 3' v3,cryopreserved biobank sample,total PBMC,3846,1603,8.96,2.175,2.434,1.825,2.434,2.175,0.0,1.281,0.0,0.0,0.0,0.0,0.0,0.0,0.0,0.0,0.0,0.0,0.0,0.0,0.0,0.0,0.0,0.0,0.0,0.0,0.0,0.0,4.933,5.492,4.629,1.281,1.825,2.175,2.639,1.281,0.0,0.0,0.0,0.0,0.0,CD4 naive T
TTAGTTATGTAAGGGC-1_D18,D18,F,48,healthy,C,10x 3' v3,cryopreserved biobank sample,total PBMC,6427,2389,2.9,0.0,0.0,0.0,1.414,1.977,0.0,0.0,0.0,0.0,0.0,0.938,0.0,0.938,0.0,0.0,0.0,0.0,0.0,1.735,3.647,0.0,0.0,0.938,0.938,0.0,0.0,0.0,4.218,5.275,5.112,2.172,2.599,3.312,2.172,1.414,0.0,0.938,0.938,0.0,1.735,B
GATTAAAGGTATCATG-1_D18,D18,F,48,healthy,C,10x 3' v3,cryopreserved biobank sample,total PBMC,6303,2266,6.02,0.0,0.95,0.0,0.95,1.751,0.0,0.0,0.0,0.0,0.0,0.0,0.0,0.0,0.0,0.0,0.0,0.0,3.074,4.035,3.386,0.0,0.0,0.0,0.0,0.0,0.0,0.0,4.166,5.483,6.13,2.915,1.429,2.617,1.751,2.494,0.0,1.429,1.429,0.0,1.429,B
ATGTTGCGGCAAACCA-1_D18,D18,F,48,healthy,C,10x 3' v3,cryopreserved biobank sample,total PBMC,7627,2901,5.23,1.287,0.0,0.0,0.0,0.0,0.0,2.736,0.838,0.838,0.0,3.148,5.005,3.203,2.736,1.287,2.32,1.596,0.0,0.0,0.0,0.0,0.0,0.0,0.838,0.0,0.0,0.0,4.843,6.148,5.926,1.596,0.838,1.287,1.596,1.287,0.0,1.287,0.0,0.0,0.0,NK
TTGGCGTGTGAATGAT-1_D18,D18,F,48,healthy,C,10x 3' v3,cryopreserved biobank sample,total PBMC,8347,3063,9.69,0.0,0.0,0.0,0.0,0.0,0.0,4.148,0.0,0.0,0.0,0.0,0.0,0.0,0.0,0.0,0.0,0.788,0.0,0.0,4.289,1.757,4.441,4.321,4.185,2.733,1.223,4.109,3.914,6.177,5.039,3.168,1.945,2.563,1.757,1.757,0.0,1.223,1.223,0.0,0.0,CD14 monocyte
GGCCATGCAGAAGTAG-1_D18,D18,F,48,healthy,C,10x 3' v3,cryopreserved biobank sample,total PBMC,7057,2490,5.1,2.251,2.09,0.0,2.251,2.39,1.344,1.344,0.0,0.0,0.0,0.0,0.0,0.0,0.0,0.0,0.883,0.0,0.0,0.0,0.0,0.0,0.0,0.0,0.0,0.0,0.0,0.0,4.275,5.064,5.803,2.09,0.0,2.621,0.0,1.897,0.0,0.883,0.0,0.0,0.0,CD4 naive T
TCTCATGTAGGAACTC-1_D18,D18,F,48,healthy,C,10x 3' v3,cryopreserved biobank sample,total PBMC,2581,1227,7.64,0.0,0.0,0.0,0.0,2.535,0.0,0.0,0.0,0.0,0.0,0.0,0.0,0.0,0.0,0.0,0.0,0.0,2.803,1.584,2.535,0.0,0.0,1.584,0.0,0.0,0.0,0.0,4.079,5.688,4.622,0.0,2.803,1.584,1.584,2.535,0.0,0.0,0.0,0.0,0.0,B
TAACGGTCTACATACG-1_D18,D18,F,48,healthy,C,10x 3' v3,cryopreserved biobank sample,total PBMC,5530,2202,8.91,2.108,1.033,0.0,0.0,0.0,0.0,3.399,2.614,0.0,2.307,1.53,2.307,1.53,0.0,1.033,0.0,0.0,0.0,0.0,0.0,0.0,1.033,0.0,1.033,0.0,0.0,0.0,4.191,5.772,6.308,3.663,1.86,3.27,2.307,2.472,0.0,1.86,0.0,0.0,1.53,CD8 T
CCTAAAGACAATTACT-1_D18,D18,F,48,healthy,C,10x 3' v3,cryopreserved biobank sample,total PBMC,3462,1412,5.16,0.0,0.0,0.0,0.0,1.913,0.0,2.737,0.0,0.0,0.0,3.055,4.211,4.122,2.909,2.268,2.909,3.855,0.0,0.0,0.0,0.0,0.0,0.0,0.0,0.0,0.0,0.0,3.855,6.779,6.119,1.913,2.737,2.737,0.0,1.358,0.0,0.0,0.0,0.0,2.268,NK
AGGTGGTGGAAAAGCT-1_D18,D18,F,48,healthy,C,10x 3' v3,cryopreserved biobank sample,total PBMC,5886,2445,7.47,2.68,1.808,2.251,0.993,0.0,0.0,3.397,0.0,0.993,0.0,1.481,1.481,0.0,0.0,0.0,0.993,0.0,0.0,0.0,0.0,0.0,0.0,0.0,0.0,0.0,0.0,0.993,4.454,6.134,5.402,2.791,2.054,3.339,1.481,2.251,0.0,0.993,0.993,0.0,0.993,CD4 memory T
CTCGTTTCCGGAGGGA-1_D18,D18,F,48,healthy,C,10x 3' v3,cryopreserved biobank sample,total PBMC,4397,1851,11.17,2.515,2.057,1.713,1.186,2.057,1.186,2.515,0.0,0.0,0.0,1.186,0.0,0.0,0.0,0.0,1.186,0.0,0.0,0.0,0.0,0.0,1.186,0.0,0.0,0.0,0.0,0.0,4.956,7.152,5.677,2.312,1.186,2.515,0.0,2.057,0.0,1.186,0.0,0.0,2.515,CD4 memory T
CCCCTGCACTCACCTG-1_D18,D18,F,48,healthy,C,10x 3' v3,cryopreserved biobank sample,total PBMC,4827,1838,3.91,1.638,0.0,2.597,0.0,0.0,0.0,1.638,0.0,0.0,0.0,1.638,0.0,0.0,0.0,0.0,0.0,0.0,0.0,0.0,0.0,0.0,1.122,1.122,1.638,0.0,0.0,1.122,3.468,4.523,5.735,2.597,1.976,3.748,0.0,0.0,0.0,1.638,0.0,0.0,2.229,CD4 memory T
GGCACTTCATTTAAGG-1_D18,D18,F,48,healthy,C,10x 3' v3,cryopreserved biobank sample,total PBMC,3246,1413,6.23,2.59,2.59,1.406,3.358,0.0,1.969,0.0,0.0,0.0,0.0,0.0,0.0,0.0,0.0,0.0,0.0,0.0,0.0,0.0,0.0,0.0,0.0,0.0,0.0,0.0,0.0,0.0,4.661,6.483,5.156,3.117,1.969,1.969,1.406,1.969,0.0,1.406,1.406,0.0,2.327,CD4 naive T
AGCTGACCAGGCCAAG-1_D18,D18,F,48,healthy,C,10x 3' v3,cryopreserved biobank sample,total PBMC,5504,2315,8.14,0.0,0.0,0.0,0.0,1.036,0.0,3.756,0.0,0.0,0.0,0.0,0.0,0.0,0.0,0.0,0.0,0.0,0.0,0.0,3.204,1.533,5.688,4.5,4.324,4.017,0.0,3.798,4.416,5.771,3.62,1.864,2.953,3.341,1.864,1.864,0.0,0.0,2.112,0.0,0.0,CD14 monocyte
GCGTATTCCTCACCTA-1_D18,D18,F,48,healthy,C,10x 3' v3,cryopreserved biobank sample,total PBMC,3111,1557,7.11,0.0,0.0,0.0,0.0,0.0,0.0,1.439,0.0,0.0,1.439,2.005,4.612,4.643,1.439,2.005,2.365,1.439,0.0,0.0,0.0,0.0,0.0,0.0,0.0,0.0,0.0,0.0,4.839,6.59,3.399,2.837,2.365,2.837,2.365,1.439,0.0,0.0,0.0,0.0,0.0,NK
GGTGCTGCACTTCGCC-1_D18,D18,F,48,healthy,C,10x 3' v3,cryopreserved biobank sample,total PBMC,8398,2970,4.93,0.0,0.0,0.0,0.0,1.218,0.0,3.464,0.0,1.52,0.784,2.998,4.944,3.978,2.802,1.52,1.939,1.939,0.0,0.0,0.0,0.0,1.218,1.218,0.0,0.0,0.784,0.0,3.666,6.046,4.421,0.0,1.52,2.558,1.939,2.354,0.0,1.218,0.0,0.0,2.097,NK
GCACCCAAGGTCAGTA-1_D18,D18,F,48,healthy,C,10x 3' v3,cryopreserved biobank sample,total PBMC,5761,2543,5.44,0.0,0.0,0.0,0.0,1.498,0.0,1.826,0.0,0.0,0.0,0.0,0.0,0.0,0.0,0.0,0.0,0.0,2.576,3.0,3.576,0.0,1.006,1.006,1.006,0.0,0.0,0.0,4.204,5.796,5.725,1.826,1.006,2.27,1.498,2.072,0.0,1.006,1.826,0.0,1.498,B
CACCATCAACAATAAA-1_D18,D18,F,48,healthy,C,10x 3' v3,cryopreserved biobank sample,total PBMC,5485,2080,4.32,1.038,0.0,0.0,0.0,0.0,0.0,2.622,1.038,0.0,0.0,3.13,4.524,3.917,3.047,2.48,2.314,1.536,0.0,0.0,0.0,0.0,1.038,0.0,0.0,0.0,0.0,0.0,4.828,5.393,5.926,1.038,0.0,1.038,1.038,2.115,0.0,1.536,1.536,0.0,1.038,NK
GACTCATCAAATCTTG-1_D18,D18,F,48,healthy,C,10x 3' v3,cryopreserved biobank sample,total PBMC,6960,2711,6.83,2.264,2.634,0.891,3.236,0.891,1.354,2.264,0.0,0.0,0.891,0.0,0.0,0.0,0.0,0.0,0.0,0.0,0.0,0.891,0.0,0.0,1.354,0.891,0.0,0.0,0.0,0.0,4.607,5.078,5.736,1.67,1.67,2.525,1.354,1.909,0.0,0.0,1.67,0.0,1.909,CD4 naive T
AGCTTGCCCCGGGCCT-1_D18,D18,F,48,healthy,C,10x 3' v3,cryopreserved biobank sample,total PBMC,4878,1986,5.17,1.967,2.219,2.42,1.967,1.967,1.115,1.967,0.0,0.0,1.115,0.0,0.0,0.0,0.0,0.0,1.115,0.0,0.0,0.0,0.0,0.0,0.0,0.0,0.0,0.0,0.0,0.0,4.513,4.64,5.13,0.0,1.629,1.629,1.115,1.115,0.0,0.0,0.0,0.0,2.219,CD4 naive T
GAGATACTGACATATT-1_D18,D18,F,48,healthy,C,10x 3' v3,cryopreserved biobank sample,total PBMC,4151,1798,3.01,1.227,1.227,0.0,0.0,1.761,0.0,3.678,2.108,1.761,0.0,1.761,3.314,2.108,0.0,0.0,0.0,0.0,0.0,0.0,0.0,0.0,0.0,0.0,0.0,0.0,0.0,0.0,4.474,5.982,5.499,2.364,2.108,1.227,1.227,0.0,0.0,0.0,0.0,0.0,0.0,CD8 T
ACCTTGCTTCTGAAGT-1_D18,D18,F,48,healthy,C,10x 3' v3,cryopreserved biobank sample,total PBMC,4351,1726,8.16,0.0,0.0,0.0,0.0,0.0,1.193,2.694,0.0,0.0,0.0,2.838,3.632,4.4,3.691,1.722,2.066,2.066,0.0,0.0,0.0,0.0,0.0,0.0,0.0,0.0,0.0,0.0,4.713,5.043,5.029,2.965,2.322,2.525,2.694,1.722,0.0,0.0,0.0,0.0,1.722,NK
CGCGTCTGGCCGATTA-1_D18,D18,F,48,healthy,C,10x 3' v3,cryopreserved biobank sample,total PBMC,5699,2231,8.92,0.0,0.0,0.0,0.0,0.0,0.0,4.403,0.0,0.0,0.0,0.0,0.0,0.0,0.0,0.0,0.0,0.0,1.013,0.0,3.915,2.445,4.314,3.679,3.949,3.536,1.013,2.821,4.598,5.363,4.914,3.842,2.821,2.082,2.28,3.17,0.0,1.506,2.082,0.0,2.082,CD14 monocyte
CTGGATGTGTATGAGA-1_D18,D18,F,48,healthy,C,10x 3' v3,cryopreserved biobank sample,total PBMC,4597,2047,5.03,2.787,2.018,1.155,0.0,0.0,0.0,1.155,0.0,0.0,0.0,0.0,0.0,0.0,0.0,1.155,0.0,0.0,0.0,0.0,0.0,0.0,0.0,0.0,1.155,0.0,0.0,0.0,4.637,5.491,4.928,1.155,3.448,2.912,2.272,2.475,0.0,0.0,1.155,0.0,1.155,CD4 naive T
TCGGTGAATACGAACT-1_D18,D18,F,48,healthy,C,10x 3' v3,cryopreserved biobank sample,total PBMC,3938,1638,6.31,0.0,0.0,0.0,1.264,0.0,0.0,1.805,0.0,0.0,0.0,0.0,0.0,0.0,0.0,0.0,0.0,0.0,2.787,3.729,4.126,0.0,1.805,0.0,0.0,0.0,0.0,0.0,5.157,5.645,5.636,2.154,1.805,1.805,1.805,2.154,0.0,0.0,1.264,0.0,1.264,B
TGCGAGTCTGGATCTG-1_D18,D18,F,48,healthy,C,10x 3' v3,cryopreserved biobank sample,total PBMC,6243,2319,11.45,0.956,0.0,0.0,0.0,0.0,0.0,3.675,0.0,0.0,0.0,0.0,0.956,0.956,0.0,0.0,0.0,0.0,0.0,0.0,4.125,2.502,3.86,4.559,3.083,3.545,0.0,4.434,5.328,5.512,4.453,3.083,2.735,2.198,1.436,2.002,0.0,1.759,1.759,0.0,0.956,CD14 monocyte
TCGAAAAGGCGAGTCC-1_D18,D18,F,48,healthy,C,10x 3' v3,cryopreserved biobank sample,total PBMC,10904,3698,5.28,0.651,0.0,0.0,0.651,1.042,0.0,3.382,0.0,0.0,0.0,0.0,0.0,0.0,0.0,0.0,0.0,0.651,0.0,0.0,4.219,2.752,4.849,4.38,2.914,3.922,1.042,3.605,4.297,6.699,2.406,3.053,3.284,3.095,2.406,0.0,0.0,1.872,2.121,0.0,0.0,CD14 monocyte
TTCAGATAACCTTGTA-1_D18,D18,F,48,healthy,C,10x 3' v3,cryopreserved biobank sample,total PBMC,4928,1730,3.28,0.0,0.0,0.0,0.0,1.108,0.0,2.722,0.0,0.0,0.0,3.381,4.742,3.31,2.411,1.958,3.31,3.149,0.0,0.0,0.0,1.108,0.0,0.0,0.0,0.0,0.0,0.0,3.678,5.852,5.829,1.621,2.21,3.149,1.621,2.21,0.0,1.621,0.0,0.0,1.958,NK
TTTCTGCGACGAAGGC-1_D18,D18,F,48,healthy,C,10x 3' v3,cryopreserved biobank sample,total PBMC,8933,2942,7.22,0.0,0.0,0.0,0.0,1.175,0.0,4.043,0.0,0.0,0.0,0.0,0.0,0.0,0.751,0.0,0.0,0.0,0.0,0.0,3.693,2.405,5.703,4.442,4.542,3.103,0.0,3.895,5.622,5.7,5.002,3.824,2.589,3.665,2.179,1.887,0.0,0.0,0.751,0.0,0.751,CD14 monocyte
CTTAGCATTATGTCCG-1_D18,D18,F,48,healthy,C,10x 3' v3,cryopreserved biobank sample,total PBMC,3804,1708,4.03,0.0,0.0,0.0,0.0,0.0,0.0,1.289,0.0,0.0,0.0,3.763,3.763,4.64,2.82,1.289,1.834,1.289,0.0,0.0,0.0,0.0,0.0,0.0,0.0,0.0,0.0,0.0,4.689,5.688,6.881,2.965,2.444,1.834,0.0,2.965,0.0,0.0,0.0,0.0,0.0,NK
TAGCTACAAGCCAGGG-1_D18,D18,F,48,healthy,C,10x 3' v3,cryopreserved biobank sample,total PBMC,7603,2662,10.77,0.0,0.0,0.0,0.0,0.84,0.0,3.7,0.0,0.0,0.0,0.0,1.289,0.0,0.0,0.0,0.0,0.0,1.289,0.0,2.966,2.444,5.42,4.972,4.006,3.523,0.0,3.307,4.33,3.957,4.981,3.258,2.025,3.206,0.84,1.289,0.0,0.84,1.834,0.0,2.025,CD14 monocyte
TGGGTAGCGATCTGAC-1_D18,D18,F,48,healthy,C,10x 3' v3,cryopreserved biobank sample,total PBMC,5959,2267,6.23,0.0,0.0,0.0,0.0,0.0,0.0,2.669,0.0,0.0,0.0,0.0,0.985,0.0,0.0,0.0,0.0,0.0,0.0,0.0,3.441,3.543,5.435,4.605,3.76,3.265,0.0,4.442,4.83,5.276,4.499,3.441,1.472,3.385,0.0,2.043,0.0,1.472,0.0,0.0,2.24,CD14 monocyte
TCTTTCCCAAATCGCC-1_D18,D18,F,48,healthy,C,10x 3' v3,cryopreserved biobank sample,total PBMC,4596,1654,5.63,2.643,2.273,2.787,1.156,0.0,0.0,2.643,0.0,0.0,0.0,1.156,0.0,0.0,0.0,0.0,0.0,0.0,0.0,0.0,0.0,1.156,0.0,0.0,0.0,0.0,0.0,0.0,5.165,5.715,5.26,2.273,1.156,2.475,1.156,2.019,0.0,0.0,0.0,0.0,1.677,CD4 memory T
TAGCAACTCGACGTAG-1_D18,D18,F,48,healthy,C,10x 3' v3,cryopreserved biobank sample,total PBMC,14055,4171,22.8,0.0,0.0,0.0,0.0,1.347,0.537,3.475,0.0,0.537,0.0,0.0,0.537,0.0,0.0,0.0,0.0,0.0,0.0,0.0,4.095,3.006,4.583,2.933,3.84,3.942,0.885,4.269,4.86,5.069,5.51,4.164,2.516,3.9,2.813,1.142,0.0,0.885,1.662,0.0,0.537,CD14 monocyte
GATTAAGGGCGTGGGC-1_D18,D18,F,48,healthy,C,10x 3' v3,cryopreserved biobank sample,total PBMC,10822,3430,4.99,0.0,0.0,0.0,0.0,1.047,0.0,3.684,0.0,0.0,0.0,0.0,0.654,0.0,0.0,0.0,0.0,0.0,0.0,0.0,4.476,1.879,4.64,4.171,3.389,3.291,1.047,4.658,2.816,5.015,4.898,2.011,1.726,3.291,2.326,1.726,0.0,1.047,1.047,0.0,1.547,CD14 monocyte
TAGCGGCGCGCGTGTT-1_D18,D18,F,48,healthy,C,10x 3' v3,cryopreserved biobank sample,total PBMC,4408,2028,3.66,2.952,2.682,2.31,0.0,1.711,0.0,2.513,0.0,0.0,0.0,1.184,1.184,0.0,0.0,0.0,0.0,0.0,0.0,0.0,0.0,0.0,0.0,0.0,0.0,0.0,0.0,0.0,3.619,5.255,3.734,2.31,0.0,3.165,2.31,1.711,0.0,1.184,0.0,0.0,1.184,CD4 naive T
ATCGAACTAGAGGCCA-1_D18,D18,F,48,healthy,C,10x 3' v3,cryopreserved biobank sample,total PBMC,2976,1228,9.32,3.052,0.0,1.472,2.879,0.0,1.472,2.044,0.0,0.0,0.0,0.0,0.0,0.0,0.0,0.0,0.0,0.0,0.0,0.0,0.0,0.0,0.0,0.0,1.472,0.0,0.0,0.0,3.636,5.188,5.8,0.0,1.472,2.044,1.472,0.0,0.0,2.044,2.044,0.0,2.044,CD4 naive T
CCATTTATCAGCACTA-1_D18,D18,F,48,healthy,C,10x 3' v3,cryopreserved biobank sample,total PBMC,3201,1323,9.01,0.0,0.0,0.0,0.0,0.0,0.0,1.981,0.0,0.0,0.0,2.811,4.151,3.473,3.13,3.473,1.417,2.339,0.0,0.0,0.0,0.0,0.0,0.0,0.0,0.0,0.0,0.0,4.483,6.172,5.767,2.983,0.0,2.602,1.417,1.981,0.0,0.0,0.0,0.0,0.0,NK
ACCAACATTCCAACTC-1_D18,D18,F,48,healthy,C,10x 3' v3,cryopreserved biobank sample,total PBMC,3162,1298,8.79,2.614,0.0,1.991,0.0,1.426,0.0,2.35,0.0,0.0,0.0,0.0,1.426,0.0,0.0,0.0,1.426,0.0,0.0,0.0,0.0,0.0,1.426,0.0,0.0,0.0,0.0,1.426,4.716,6.514,4.797,2.35,0.0,0.0,0.0,2.822,0.0,1.426,2.614,0.0,1.426,CD4 memory T
GACACGGGTTTATCAG-1_D18,D18,F,48,healthy,C,10x 3' v3,cryopreserved biobank sample,total PBMC,4058,1568,6.31,0.0,0.0,0.0,0.0,0.0,0.0,3.868,0.0,0.0,0.0,0.0,0.0,0.0,1.243,0.0,0.0,1.243,0.0,0.0,3.868,2.127,5.212,3.918,3.7,2.904,0.0,4.917,4.317,5.264,5.142,2.904,3.244,3.143,3.031,1.78,0.0,2.385,1.78,0.0,0.0,CD14 monocyte
GCGCGGGTCGTGTGCC-1_D18,D18,F,48,healthy,C,10x 3' v3,cryopreserved biobank sample,total PBMC,3268,1505,2.77,3.351,2.321,1.401,1.401,1.401,1.963,1.401,0.0,0.0,0.0,0.0,0.0,0.0,0.0,0.0,0.0,0.0,0.0,0.0,1.401,0.0,1.401,0.0,0.0,0.0,0.0,0.0,4.426,6.462,5.235,2.321,2.791,2.583,2.321,1.401,0.0,1.963,0.0,0.0,0.0,CD4 naive T
GCCCACATAAATCCTC-1_D18,D18,F,48,healthy,C,10x 3' v3,cryopreserved biobank sample,total PBMC,2478,1154,5.78,3.505,3.505,2.205,1.616,0.0,0.0,0.0,0.0,0.0,0.0,2.573,0.0,0.0,0.0,1.616,0.0,0.0,0.0,0.0,1.616,0.0,1.616,0.0,0.0,0.0,0.0,0.0,3.619,5.618,5.065,2.573,2.573,3.227,2.842,2.205,0.0,0.0,2.205,0.0,1.616,CD4 memory T
TGTGACAACCCAGTAC-1_D18,D18,F,48,healthy,C,10x 3' v3,cryopreserved biobank sample,total PBMC,5029,2114,5.68,2.828,3.362,2.56,1.605,1.095,1.605,2.828,1.095,0.0,0.0,0.0,1.605,0.0,0.0,0.0,0.0,0.0,0.0,0.0,0.0,0.0,0.0,0.0,0.0,0.0,0.0,0.0,4.389,4.807,5.566,1.605,1.941,1.095,1.095,1.095,0.0,0.0,0.0,0.0,0.0,CD4 memory T
CAACATGCTCTCGTAA-1_D18,D18,F,48,healthy,C,10x 3' v3,cryopreserved biobank sample,total PBMC,3536,1527,7.7,0.0,0.0,0.0,0.0,0.0,0.0,1.896,0.0,0.0,0.0,0.0,0.0,1.342,0.0,0.0,0.0,0.0,1.896,2.889,3.469,0.0,1.342,0.0,0.0,0.0,0.0,0.0,4.349,6.066,4.419,2.717,1.342,2.25,0.0,2.511,0.0,0.0,1.342,0.0,0.0,B
GAGCTACGGATTTTCT-1_D18,D18,F,48,healthy,C,10x 3' v3,cryopreserved biobank sample,total PBMC,5663,2083,6.05,0.0,1.017,0.0,0.0,0.0,0.0,3.247,0.0,0.0,0.0,0.0,0.0,0.0,0.0,0.0,1.017,0.0,0.0,0.0,3.1,1.511,4.736,5.189,3.921,3.685,2.285,3.988,4.945,5.66,3.542,3.49,2.827,3.176,1.84,2.926,0.0,0.0,1.511,0.0,0.0,CD14 monocyte
CTACGTGCTACGACGC-1_D18,D18,F,48,healthy,C,10x 3' v3,cryopreserved biobank sample,total PBMC,3636,1463,5.82,0.0,0.0,2.225,0.0,0.0,0.0,4.205,1.322,2.225,1.322,4.357,3.249,3.604,1.322,1.322,1.872,0.0,0.0,0.0,0.0,0.0,0.0,1.872,0.0,0.0,0.0,0.0,4.321,5.59,6.031,0.0,2.691,2.862,2.225,0.0,0.0,1.322,2.225,0.0,1.322,CD8 T
CACATCGAACAAGGAG-1_D18,D18,F,48,healthy,C,10x 3' v3,cryopreserved biobank sample,total PBMC,4851,1889,5.35,2.593,0.0,2.224,0.0,1.972,1.119,3.396,0.0,3.164,1.634,2.736,2.224,1.119,0.0,1.634,1.119,0.0,0.0,0.0,0.0,0.0,0.0,0.0,0.0,0.0,0.0,0.0,3.921,5.647,6.282,2.862,1.972,2.224,1.972,2.224,0.0,1.119,0.0,0.0,1.634,CD8 T
GGTGCCGAAGTAAAGA-1_D18,D18,F,48,healthy,C,10x 3' v3,cryopreserved biobank sample,total PBMC,11210,3509,2.19,0.0,0.0,0.0,0.0,0.0,0.0,3.069,0.638,0.0,0.0,0.0,0.0,0.0,0.0,0.0,0.638,0.0,0.0,0.0,2.982,2.2,4.863,4.512,2.783,2.936,1.024,4.178,4.955,6.149,3.578,2.837,1.98,2.837,1.519,0.638,0.0,1.024,1.302,0.0,1.024,CD14 monocyte
AAATGTCACACCGATT-1_D18,D18,F,48,healthy,C,10x 3' v3,cryopreserved biobank sample,total PBMC,7818,2606,7.48,0.0,0.0,0.0,0.0,1.576,0.0,3.795,0.0,0.0,0.0,0.0,0.0,0.0,0.0,0.0,1.269,0.0,0.0,0.0,4.698,2.298,4.65,4.025,4.52,2.94,1.811,3.878,3.673,5.465,4.193,2.624,2.527,3.124,3.231,2.298,0.0,0.824,1.269,0.0,0.0,CD14 monocyte
GGTCGTAGCGTGTCAA-1_D18,D18,F,48,healthy,C,10x 3' v3,cryopreserved biobank sample,total PBMC,3858,1605,5.78,3.079,2.431,2.636,1.279,1.279,1.279,1.279,0.0,0.0,0.0,1.279,0.0,0.0,0.0,0.0,0.0,0.0,0.0,0.0,0.0,0.0,0.0,0.0,1.279,0.0,0.0,0.0,4.811,4.49,5.445,1.822,2.806,2.952,2.172,2.172,0.0,2.636,1.279,0.0,1.279,CD4 memory T
TATGTCGAGAAAGACA-1_D18,D18,F,48,healthy,C,10x 3' v3,cryopreserved biobank sample,total PBMC,3430,1489,3.48,1.365,1.365,1.365,1.922,0.0,1.365,0.0,0.0,0.0,0.0,0.0,0.0,0.0,0.0,0.0,0.0,0.0,0.0,0.0,0.0,0.0,0.0,0.0,0.0,0.0,0.0,0.0,4.792,6.47,5.323,1.365,0.0,2.277,0.0,2.917,0.0,1.365,0.0,0.0,0.0,CD4 naive T
GAACACCAAGACCCTA-1_D18,D18,F,48,healthy,C,10x 3' v3,cryopreserved biobank sample,total PBMC,6326,2392,3.39,0.0,0.0,0.0,0.0,1.426,0.0,0.0,0.0,0.0,0.0,0.0,0.0,0.0,0.0,0.0,0.0,0.0,2.187,3.141,4.003,0.0,0.948,0.948,0.948,0.0,0.0,0.0,4.256,5.665,5.692,2.49,2.187,1.426,1.991,0.0,0.0,0.0,1.426,0.0,0.0,B
GACGAGCGCAATACCG-1_D18,D18,F,48,healthy,C,10x 3' v3,cryopreserved biobank sample,total PBMC,6286,2433,3.35,0.0,0.0,0.0,0.0,1.431,0.0,2.729,0.0,0.952,0.0,3.853,3.708,3.491,2.619,1.753,2.729,2.729,0.0,0.0,0.952,0.0,0.952,0.0,0.0,0.0,0.0,0.952,4.816,4.307,5.688,1.431,1.753,1.997,1.997,0.0,0.0,0.0,0.952,0.0,2.192,NK
ACCACGCTTATCACAC-1_D18,D18,F,48,healthy,C,10x 3' v3,cryopreserved biobank sample,total PBMC,5584,2308,2.74,0.0,0.0,0.0,0.0,1.522,0.0,2.84,1.026,0.0,0.0,2.298,3.824,3.113,3.03,2.1,2.298,2.605,0.0,0.0,0.0,0.0,0.0,0.0,0.0,0.0,0.0,0.0,5.203,6.595,5.232,2.298,2.298,1.522,1.522,2.1,0.0,0.0,1.522,0.0,0.0,NK
GAATCAGTTCTTGTAA-1_D18,D18,F,48,healthy,C,10x 3' v3,cryopreserved biobank sample,total PBMC,3993,1535,4.95,0.0,0.0,0.0,0.0,1.254,0.0,2.4,0.0,0.0,0.0,3.159,3.513,4.427,3.046,1.793,1.254,2.4,0.0,0.0,0.0,0.0,0.0,1.254,0.0,0.0,0.0,0.0,4.365,6.405,5.848,1.793,0.0,2.774,1.793,2.142,0.0,1.254,1.254,0.0,1.254,NK
ATAAGCCAGATCCGAA-1_D18,D18,F,48,healthy,C,10x 3' v3,cryopreserved biobank sample,total PBMC,6312,2075,6.36,0.0,0.0,0.949,0.0,0.949,0.0,2.352,0.949,0.0,0.0,1.993,4.302,4.674,3.209,2.492,2.914,1.428,0.0,0.0,0.0,0.0,0.0,0.0,0.0,0.0,0.0,0.0,4.281,6.035,5.392,0.0,1.993,2.824,2.352,1.993,0.0,0.949,0.949,0.0,0.0,NK
TCATAAAAACCGAACC-1_D18,D18,F,48,healthy,C,10x 3' v3,cryopreserved biobank sample,total PBMC,5138,2102,6.1,0.0,0.0,0.0,0.0,0.0,0.0,2.919,0.0,1.081,0.0,0.0,0.0,0.0,0.0,0.0,0.0,0.0,0.0,0.0,4.207,2.173,3.27,3.019,2.919,2.683,0.0,4.317,5.067,4.207,4.016,2.808,2.808,2.919,2.683,0.0,0.0,0.0,1.923,0.0,1.081,CD14 monocyte
GCTCCGCCAATCTATG-1_D18,D18,F,48,healthy,C,10x 3' v3,cryopreserved biobank sample,total PBMC,7831,2727,10.73,0.823,0.0,2.793,0.0,0.823,1.575,1.268,0.0,0.823,0.823,0.823,2.296,0.0,0.0,0.0,0.0,0.0,0.0,0.0,0.823,0.0,0.823,0.0,0.823,0.0,0.0,0.0,4.624,6.171,5.397,3.494,2.159,2.938,2.159,0.823,0.0,1.268,0.823,0.0,1.268,CD4 memory T
ATTTTACGACTGGAGA-1_D18,D18,F,48,healthy,C,10x 3' v3,cryopreserved biobank sample,total PBMC,4444,1798,4.56,3.332,2.506,1.179,0.0,1.179,0.0,4.291,1.179,2.506,1.705,3.332,3.611,3.057,0.0,1.179,0.0,1.705,0.0,0.0,0.0,0.0,0.0,0.0,0.0,0.0,0.0,0.0,4.008,4.732,6.05,3.057,2.945,2.945,2.048,1.705,0.0,2.048,0.0,0.0,1.179,CD8 T
AGATTATCGGACATGA-1_D18,D18,F,48,healthy,C,10x 3' v3,cryopreserved biobank sample,total PBMC,5329,1965,5.53,2.506,2.141,2.34,1.559,0.0,0.0,2.884,0.0,0.0,1.057,1.057,1.559,0.0,0.0,0.0,0.0,0.0,0.0,1.057,1.057,0.0,0.0,1.559,0.0,0.0,0.0,0.0,4.491,5.09,4.827,2.34,1.559,2.141,1.892,2.34,0.0,0.0,0.0,0.0,1.559,CD4 memory T
CGTACAGAAACGGAGA-1_D18,D18,F,48,healthy,C,10x 3' v3,cryopreserved biobank sample,total PBMC,8253,3270,8.34,0.0,0.0,0.794,0.0,1.231,0.0,2.113,0.0,0.0,0.0,0.0,0.0,0.0,0.0,0.0,0.0,0.0,0.0,0.0,3.015,2.249,4.597,4.701,3.587,3.587,1.231,3.683,4.755,5.395,3.363,3.443,1.231,2.888,2.249,2.113,0.0,0.794,1.231,0.0,1.534,CD14 monocyte
GATCGTCTGCCCCACT-1_D18,D18,F,48,healthy,C,10x 3' v3,cryopreserved biobank sample,total PBMC,2529,1255,7.99,2.554,2.187,0.0,0.0,0.0,0.0,5.187,2.187,2.554,2.554,3.702,2.187,2.822,1.6,0.0,1.6,0.0,0.0,0.0,0.0,1.6,1.6,0.0,0.0,0.0,0.0,0.0,3.88,6.095,6.139,1.6,2.822,1.6,0.0,2.822,0.0,0.0,0.0,0.0,2.554,CD8 T
ATCGTAAGATTATAGT-1_D18,D18,F,48,healthy,C,10x 3' v3,cryopreserved biobank sample,total PBMC,7168,2640,9.09,0.0,0.873,0.873,0.0,0.873,0.0,4.533,0.0,0.0,0.0,0.0,0.0,0.873,0.0,0.0,0.0,0.0,0.0,0.0,4.198,1.884,4.736,4.015,3.851,4.04,1.332,4.563,5.449,5.563,4.472,2.876,2.076,2.607,2.607,1.646,0.0,0.873,0.0,0.0,1.884,CD14 monocyte
CGTTGCCTTGCTCTAC-1_D18,D18,F,48,healthy,C,10x 3' v3,cryopreserved biobank sample,total PBMC,4337,1860,7.0,0.0,2.325,2.069,1.196,1.196,1.196,3.356,0.0,0.0,0.0,0.0,1.725,0.0,0.0,0.0,1.196,0.0,0.0,0.0,0.0,0.0,0.0,0.0,0.0,0.0,0.0,0.0,4.345,3.635,4.51,1.196,2.069,2.697,1.196,1.196,0.0,0.0,1.725,0.0,1.725,CD4 memory T
TGCTTAAGGGTGGCTT-1_D18,D18,F,48,healthy,C,10x 3' v3,cryopreserved biobank sample,total PBMC,4394,1815,7.27,3.168,2.313,2.313,2.313,1.714,0.0,2.058,0.0,1.187,0.0,0.0,0.0,0.0,0.0,0.0,0.0,0.0,0.0,0.0,0.0,0.0,0.0,0.0,0.0,0.0,0.0,0.0,3.888,5.349,6.227,1.714,2.313,1.714,1.187,0.0,0.0,0.0,0.0,0.0,1.714,CD4 naive T
CTGGTGCCCTGCAGTA-1_D18,D18,F,48,healthy,C,10x 3' v3,cryopreserved biobank sample,total PBMC,3998,1663,9.84,0.0,0.0,0.0,0.0,0.0,0.0,2.603,0.0,0.0,0.0,2.398,4.07,3.98,3.045,1.253,2.398,3.259,1.253,0.0,0.0,0.0,0.0,0.0,0.0,0.0,0.0,0.0,4.949,5.861,5.464,2.141,2.398,1.792,2.141,1.253,0.0,0.0,1.253,0.0,1.253,NK
ATGTAAGTTACTTGGT-1_D18,D18,F,48,healthy,C,10x 3' v3,cryopreserved biobank sample,total PBMC,5668,2082,8.67,0.0,0.0,0.0,0.0,2.45,0.0,0.0,0.0,0.0,0.0,0.0,0.0,0.0,0.0,0.0,0.0,0.0,2.716,2.285,3.099,0.0,0.0,1.017,1.017,0.0,0.0,0.0,4.194,6.123,4.969,1.017,2.087,1.839,1.017,1.017,0.0,1.017,1.51,0.0,1.839,B
TACCGCCTATAACAAC-1_D18,D18,F,48,healthy,C,10x 3' v3,cryopreserved biobank sample,total PBMC,3570,1515,4.67,1.335,0.0,2.502,2.502,0.0,0.0,1.335,0.0,0.0,0.0,0.0,0.0,0.0,0.0,0.0,0.0,0.0,0.0,0.0,0.0,0.0,1.335,0.0,1.335,1.335,0.0,0.0,2.502,4.537,5.026,0.0,2.241,2.241,1.887,1.887,0.0,0.0,0.0,0.0,0.0,CD4 naive T
CAGTGTGTGTGTGAAG-1_D18,D18,F,48,healthy,C,10x 3' v3,cryopreserved biobank sample,total PBMC,4741,1958,8.42,0.0,0.0,0.0,0.0,0.0,0.0,2.245,1.134,0.0,0.0,2.758,4.519,4.396,2.614,2.446,1.992,1.134,1.134,0.0,0.0,0.0,0.0,0.0,1.652,0.0,0.0,0.0,4.726,5.64,5.867,2.446,1.652,3.347,1.134,2.245,0.0,1.992,1.652,0.0,0.0,NK
GCACACGGGTTCCAGG-1_D18,D18,F,48,healthy,C,10x 3' v3,cryopreserved biobank sample,total PBMC,4587,2051,7.11,0.0,0.0,0.0,0.0,0.0,0.0,3.127,0.0,0.0,0.0,3.748,2.915,4.68,3.748,0.0,2.274,2.274,0.0,0.0,0.0,0.0,0.0,1.157,0.0,0.0,0.0,0.0,4.016,6.731,6.274,1.157,2.477,2.789,1.157,2.645,0.0,1.157,1.157,0.0,0.0,NK
CTGGGGAGTGAACTCC-1_D18,D18,F,48,healthy,C,10x 3' v3,cryopreserved biobank sample,total PBMC,3588,1672,5.58,1.332,2.875,1.332,0.0,0.0,0.0,3.021,0.0,0.0,1.332,0.0,1.332,0.0,0.0,0.0,0.0,0.0,0.0,0.0,0.0,0.0,0.0,0.0,0.0,0.0,0.0,0.0,4.086,6.425,4.861,2.236,0.0,2.875,1.332,1.883,0.0,1.332,1.332,0.0,1.332,CD4 memory T
GACTATATCACACGCA-1_D18,D18,F,48,healthy,C,10x 3' v3,cryopreserved biobank sample,total PBMC,4952,1988,6.99,2.717,1.105,1.617,1.105,1.105,0.0,2.206,0.0,0.0,0.0,0.0,2.407,0.0,0.0,0.0,0.0,0.0,0.0,0.0,0.0,0.0,0.0,1.617,1.105,0.0,0.0,0.0,4.737,6.503,5.435,1.617,2.574,2.574,1.617,2.206,0.0,0.0,0.0,0.0,2.206,CD4 memory T
ACGTGAGAAGCGAGCG-1_D18,D18,F,48,healthy,C,10x 3' v3,cryopreserved biobank sample,total PBMC,4696,1908,6.35,1.66,0.0,0.0,1.141,1.141,0.0,1.141,0.0,1.141,0.0,0.0,0.0,0.0,0.0,0.0,0.0,0.0,2.0,1.66,3.004,1.141,1.66,0.0,1.141,0.0,0.0,0.0,4.637,5.066,5.802,2.455,3.196,2.0,1.66,2.623,0.0,1.141,0.0,0.0,1.66,B
GTTCACCAGAGTATTC-1_D18,D18,F,48,healthy,C,10x 3' v3,cryopreserved biobank sample,total PBMC,3497,1427,4.56,0.0,0.0,0.0,0.0,0.0,0.0,1.35,0.0,0.0,0.0,0.0,0.0,0.0,0.0,0.0,0.0,0.0,2.728,3.714,3.286,0.0,1.35,0.0,0.0,0.0,0.0,0.0,4.496,5.659,5.781,2.899,2.259,2.259,1.35,1.905,0.0,1.35,0.0,0.0,1.35,B
TGGCCGGAAAATTAAC-1_D18,D18,F,48,healthy,C,10x 3' v3,cryopreserved biobank sample,total PBMC,5473,2496,14.86,2.316,1.869,1.869,1.869,1.039,0.0,1.869,0.0,0.0,0.0,0.0,0.0,0.0,0.0,0.0,0.0,0.0,0.0,0.0,0.0,0.0,0.0,0.0,1.039,0.0,0.0,0.0,4.116,5.233,5.281,2.316,1.039,3.919,2.117,1.869,0.0,1.869,1.538,0.0,1.039,CD4 naive T
GCTTGGGGTACTACTG-1_D18,D18,F,48,healthy,C,10x 3' v3,cryopreserved biobank sample,total PBMC,8215,2901,9.79,2.823,1.958,1.77,3.019,1.77,1.537,0.796,0.0,0.0,0.0,0.796,0.796,0.0,0.0,0.0,0.0,0.796,0.0,0.0,0.0,0.0,1.234,0.796,0.0,0.0,0.0,0.0,3.625,4.727,5.533,3.486,2.958,2.481,2.117,1.958,0.0,1.234,0.796,0.0,0.796,CD4 naive T
GGGAGTCATTTATCCT-1_D18,D18,F,48,healthy,C,10x 3' v3,cryopreserved biobank sample,total PBMC,9670,3186,5.99,0.71,0.71,0.0,0.71,1.82,0.0,3.365,0.0,0.71,0.0,3.4,4.364,3.883,3.028,2.227,1.636,2.109,0.0,0.0,0.0,0.0,0.0,0.0,0.0,0.0,0.0,0.0,3.168,5.571,5.404,0.71,1.975,2.922,1.975,0.71,0.0,1.412,0.0,0.0,0.71,NK
GTAGACGCAGGCTCTC-1_D18,D18,F,48,healthy,C,10x 3' v3,cryopreserved biobank sample,total PBMC,10571,3626,6.7,0.0,0.0,0.0,0.0,0.0,0.0,3.53,0.0,0.0,0.0,0.0,0.0,0.0,0.0,0.0,0.666,0.0,0.0,0.0,4.249,1.345,5.474,4.165,4.165,3.557,1.565,4.54,5.253,3.989,4.276,2.781,2.434,3.125,1.345,1.062,0.0,1.746,0.0,0.0,1.062,CD14 monocyte
AACTAATTTCGAGAGT-1_D18,D18,F,48,healthy,C,10x 3' v3,cryopreserved biobank sample,total PBMC,3477,1434,4.95,0.0,0.0,0.0,0.0,0.0,0.0,1.355,0.0,0.0,0.0,3.051,4.365,4.401,3.051,2.526,1.91,3.393,0.0,1.355,0.0,0.0,0.0,1.355,0.0,0.0,0.0,0.0,4.069,6.063,5.236,1.91,1.355,1.91,0.0,3.393,0.0,1.91,1.355,0.0,1.355,NK
GGTGAACAGTACAGCG-1_D18,D18,F,48,healthy,C,10x 3' v3,cryopreserved biobank sample,total PBMC,7886,2770,3.42,3.272,2.411,1.993,0.0,1.569,1.263,2.411,0.0,0.0,0.0,1.263,1.569,0.0,0.0,0.0,0.0,0.0,0.0,0.0,0.0,0.0,0.819,0.0,0.819,0.0,0.0,0.0,3.597,6.785,5.119,1.993,3.487,1.569,1.804,1.263,0.0,1.569,1.804,0.0,2.153,CD4 memory T
TACCCACAGTGTGGTG-1_D18,D18,F,48,healthy,C,10x 3' v3,cryopreserved biobank sample,total PBMC,3441,1455,11.58,2.274,2.274,2.536,2.274,1.362,1.362,2.274,0.0,0.0,0.0,1.362,0.0,0.0,0.0,0.0,0.0,1.362,0.0,0.0,0.0,0.0,0.0,0.0,0.0,0.0,0.0,0.0,4.08,5.262,4.08,2.743,1.362,2.274,1.919,0.0,0.0,0.0,0.0,0.0,0.0,CD4 naive T
AATCTATCCACCAAGA-1_D18,D18,F,48,healthy,C,10x 3' v3,cryopreserved biobank sample,total PBMC,5643,1981,3.73,3.02,2.288,2.596,0.0,1.843,0.0,2.93,0.0,0.0,0.0,1.514,0.0,0.0,0.0,0.0,0.0,0.0,0.0,0.0,1.02,1.02,0.0,0.0,0.0,0.0,0.0,0.0,4.198,4.91,5.888,1.514,3.02,1.02,1.02,1.843,0.0,1.514,0.0,0.0,0.0,CD4 naive T
GACGCACAGCTGAATT-1_D18,D18,F,48,healthy,C,10x 3' v3,cryopreserved biobank sample,total PBMC,2996,1328,8.11,0.0,0.0,0.0,0.0,0.0,0.0,2.664,0.0,0.0,0.0,2.038,5.019,4.68,2.399,2.038,2.399,2.399,0.0,0.0,0.0,0.0,0.0,0.0,0.0,0.0,0.0,1.467,4.741,6.27,6.307,2.664,0.0,2.873,1.467,0.0,0.0,0.0,0.0,0.0,2.038,NK
CAAGTCTCCATCGTGC-1_D18,D18,F,48,healthy,C,10x 3' v3,cryopreserved biobank sample,total PBMC,2436,1111,6.19,0.0,0.0,0.0,0.0,2.22,0.0,2.22,0.0,0.0,0.0,3.392,4.2,2.858,2.22,1.63,2.589,2.22,0.0,0.0,0.0,0.0,0.0,0.0,2.22,0.0,0.0,0.0,3.636,5.858,5.527,1.63,2.589,0.0,1.63,2.858,0.0,0.0,0.0,0.0,0.0,NK
GTTACGAGTAACTTGG-1_D18,D18,F,48,healthy,C,10x 3' v3,cryopreserved biobank sample,total PBMC,4533,1807,16.92,0.0,0.0,0.0,0.0,0.0,0.0,3.759,0.0,0.0,0.0,0.0,1.165,0.0,0.0,0.0,0.0,0.0,1.165,0.0,3.706,2.03,5.35,3.988,3.529,3.809,0.0,4.359,4.893,5.101,5.35,1.689,2.8,2.285,2.285,2.03,0.0,1.165,1.165,0.0,1.689,CD14 monocyte
TGCACGCACTATCAGA-1_D18,D18,F,48,healthy,C,10x 3' v3,cryopreserved biobank sample,total PBMC,2986,1322,3.82,2.041,2.041,2.667,2.876,1.47,2.402,2.876,0.0,1.47,1.47,0.0,0.0,0.0,0.0,0.0,0.0,0.0,0.0,0.0,0.0,0.0,1.47,0.0,0.0,0.0,0.0,0.0,4.357,5.766,5.447,2.402,1.47,3.718,0.0,0.0,0.0,0.0,2.041,0.0,1.47,CD4 naive T
CAGCCCTGGAGGTTAC-1_D18,D18,F,48,healthy,C,10x 3' v3,cryopreserved biobank sample,total PBMC,5013,2014,3.66,0.0,0.0,1.097,0.0,1.097,0.0,2.831,0.0,0.0,0.0,2.942,4.392,4.416,2.942,1.607,2.563,1.607,0.0,0.0,0.0,0.0,1.097,1.097,0.0,0.0,0.0,0.0,4.842,5.935,5.103,1.607,2.195,1.944,1.944,2.396,0.0,0.0,1.097,0.0,1.097,NK
CGTCAGCAGAGTCCTT-1_D18,D18,F,48,healthy,C,10x 3' v3,cryopreserved biobank sample,total PBMC,6292,2313,7.2,0.0,0.0,0.0,0.0,0.951,0.0,0.0,0.0,0.0,0.0,0.0,0.0,0.0,0.0,0.0,0.0,0.951,3.388,2.999,3.388,0.0,0.951,0.0,0.0,0.0,0.0,0.0,3.537,5.904,5.995,2.728,1.996,1.752,0.0,1.43,0.0,0.951,2.191,0.0,0.951,B
ATAATTGCTCACTTTA-1_D18,D18,F,48,healthy,C,10x 3' v3,cryopreserved biobank sample,total PBMC,6721,2489,6.34,2.435,1.38,1.698,0.0,0.0,0.0,4.026,1.38,1.698,2.133,3.718,2.133,2.133,0.0,2.295,0.0,0.0,0.0,0.911,0.911,0.0,0.0,0.911,0.0,0.0,0.0,0.911,4.958,4.24,5.987,0.911,2.295,2.435,0.911,2.667,0.0,0.911,0.0,0.0,1.698,CD8 T
CCGCAAGTACGTAGTT-1_D18,D18,F,48,healthy,C,10x 3' v3,cryopreserved biobank sample,total PBMC,4244,1751,12.61,0.0,0.0,0.0,1.211,1.211,0.0,2.344,0.0,0.0,0.0,2.988,4.336,2.862,2.088,2.344,2.088,3.593,0.0,1.211,0.0,0.0,1.211,0.0,0.0,0.0,0.0,0.0,4.835,6.522,6.319,3.293,2.548,1.211,1.743,2.717,0.0,1.743,1.211,0.0,1.743,NK
GTTATTGCACGTGCTT-1_D18,D18,F,48,healthy,C,10x 3' v3,cryopreserved biobank sample,total PBMC,5173,2125,6.94,1.582,2.167,1.917,1.582,2.676,1.076,1.582,0.0,0.0,0.0,0.0,0.0,0.0,0.0,0.0,0.0,0.0,0.0,0.0,0.0,0.0,1.076,0.0,0.0,0.0,0.0,0.0,3.859,6.516,5.855,2.676,1.582,0.0,1.582,2.676,0.0,2.167,1.582,0.0,1.076,CD4 naive T
CACAAACAACACCATA-1_D18,D18,F,48,healthy,C,10x 3' v3,cryopreserved biobank sample,total PBMC,3491,1452,5.88,1.907,1.907,2.522,2.261,1.907,1.907,2.729,0.0,0.0,0.0,0.0,0.0,0.0,0.0,0.0,1.352,0.0,0.0,0.0,0.0,0.0,0.0,0.0,0.0,0.0,0.0,0.0,4.203,5.589,5.439,2.901,0.0,1.907,1.352,2.522,0.0,2.261,0.0,0.0,0.0,CD4 naive T
TTTTAGGGCCTGAGAC-1_D18,D18,F,48,healthy,C,10x 3' v3,cryopreserved biobank sample,total PBMC,9072,3119,4.0,0.0,0.0,0.743,0.0,0.743,0.0,2.487,1.165,0.0,0.0,2.983,3.39,4.4,2.391,0.743,1.874,2.391,0.0,0.0,0.0,0.0,1.46,0.0,0.0,0.0,0.0,0.0,3.784,5.121,3.496,1.874,2.165,1.165,1.165,1.165,0.0,0.0,1.46,0.0,1.688,NK
ACTTCGCTTCGGGCCA-1_D18,D18,F,48,healthy,C,10x 3' v3,cryopreserved biobank sample,total PBMC,5811,2125,6.75,0.0,0.0,0.0,0.0,1.491,0.0,2.065,0.0,0.0,0.0,2.262,3.895,4.086,1.491,2.568,3.703,2.262,0.0,0.0,0.0,0.0,1.001,1.001,0.0,0.0,0.0,0.0,3.465,5.67,5.711,1.001,0.0,1.001,1.491,2.065,0.0,0.0,1.001,0.0,2.065,NK
TCCTAAGTTGCCACCA-1_D18,D18,F,48,healthy,C,10x 3' v3,cryopreserved biobank sample,total PBMC,3238,1335,4.78,0.0,0.0,0.0,1.408,0.0,0.0,2.329,0.0,0.0,0.0,0.0,0.0,0.0,0.0,0.0,0.0,0.0,1.408,2.972,3.247,0.0,0.0,0.0,0.0,0.0,0.0,0.0,4.089,6.134,5.918,1.971,2.329,2.8,1.408,0.0,0.0,1.408,1.408,0.0,0.0,B
CGCCCACGGTCTCACC-1_D18,D18,F,48,healthy,C,10x 3' v3,cryopreserved biobank sample,total PBMC,4776,2036,4.86,0.0,0.0,0.0,0.0,0.0,0.0,3.758,0.0,0.0,0.0,2.238,2.238,3.412,3.977,1.985,1.129,2.44,0.0,0.0,0.0,0.0,0.0,0.0,0.0,0.0,0.0,0.0,4.951,5.479,5.733,1.129,1.646,1.985,2.877,1.129,0.0,1.129,0.0,0.0,0.0,NK
CTTTCTGGTTTGGTTA-1_D18,D18,F,48,healthy,C,10x 3' v3,cryopreserved biobank sample,total PBMC,2714,1180,9.2,2.49,1.544,1.544,1.544,2.49,1.544,1.544,0.0,0.0,0.0,0.0,0.0,0.0,0.0,0.0,1.544,0.0,0.0,0.0,0.0,0.0,0.0,0.0,0.0,0.0,0.0,0.0,3.288,6.016,5.352,2.125,2.125,3.417,1.544,1.544,0.0,0.0,0.0,0.0,1.544,CD4 naive T
CTTTTCGCTAGAAAAC-1_D18,D18,F,48,healthy,C,10x 3' v3,cryopreserved biobank sample,total PBMC,4507,1734,3.96,0.0,0.0,1.169,0.0,0.0,1.169,2.805,0.0,0.0,0.0,3.712,4.545,4.83,2.931,2.29,2.29,2.661,0.0,0.0,0.0,0.0,0.0,0.0,1.693,0.0,0.0,0.0,4.337,6.233,5.875,0.0,2.493,0.0,1.169,0.0,0.0,0.0,0.0,0.0,0.0,NK
ATGCGTCAAATTTATT-1_D18,D18,F,48,healthy,C,10x 3' v3,cryopreserved biobank sample,total PBMC,7149,2756,5.8,0.0,1.648,0.0,0.0,0.0,0.0,2.079,0.0,0.0,0.0,3.583,3.152,2.878,3.414,3.414,2.24,2.24,0.0,0.875,0.0,0.0,0.0,0.0,0.0,0.0,0.0,0.0,5.121,6.641,5.768,2.079,1.648,2.24,0.0,2.079,0.0,1.648,0.875,0.0,1.334,NK
GTGAATGGCCAAGTCA-1_D18,D18,F,48,healthy,C,10x 3' v3,cryopreserved biobank sample,total PBMC,8471,2759,4.28,0.0,0.0,0.0,0.0,0.0,0.0,4.44,0.0,0.0,0.0,0.0,0.78,0.0,0.0,0.0,0.78,0.0,0.0,0.78,3.562,2.638,4.468,3.418,4.034,3.418,1.212,4.729,4.686,4.607,4.883,2.346,1.212,3.799,1.744,0.0,0.0,1.212,1.513,0.0,1.513,CD14 monocyte
TGTGCTTCGCCGGACG-1_D18,D18,F,48,healthy,C,10x 3' v3,cryopreserved biobank sample,total PBMC,4550,1973,9.54,1.162,1.162,1.162,0.0,0.0,0.0,2.281,0.0,0.0,0.0,2.652,4.488,3.942,3.588,0.0,2.796,2.796,0.0,0.0,1.162,0.0,1.162,0.0,2.027,0.0,0.0,0.0,3.942,5.57,5.258,2.796,2.027,2.652,2.652,0.0,1.162,0.0,1.162,0.0,1.686,NK
GTCATAAGTGATACGA-1_D18,D18,F,48,healthy,C,10x 3' v3,cryopreserved biobank sample,total PBMC,3390,1449,5.12,0.0,0.0,0.0,0.0,0.0,0.0,3.075,0.0,0.0,1.374,2.929,4.618,4.828,3.51,0.0,1.932,1.932,0.0,0.0,1.374,0.0,1.374,0.0,0.0,0.0,0.0,0.0,3.203,6.362,5.618,3.418,1.932,1.932,2.549,1.932,0.0,1.374,0.0,0.0,1.932,NK
CGACCCCTCGCATCGG-1_D18,D18,F,48,healthy,C,10x 3' v3,cryopreserved biobank sample,total PBMC,3167,1366,6.63,2.349,1.99,2.612,1.425,1.425,0.0,1.99,1.425,0.0,0.0,0.0,0.0,0.0,0.0,0.0,0.0,0.0,0.0,0.0,0.0,0.0,0.0,1.425,0.0,0.0,0.0,0.0,2.821,4.769,5.923,1.99,2.349,1.99,1.99,1.425,0.0,0.0,1.425,0.0,1.99,CD4 naive T
ACAACCCCCATGTTCG-1_D18,D18,F,48,healthy,C,10x 3' v3,cryopreserved biobank sample,total PBMC,5595,2033,8.46,1.025,0.0,1.025,1.025,1.025,0.0,1.025,0.0,0.0,0.0,2.462,4.464,4.033,3.933,2.296,2.098,1.025,0.0,0.0,0.0,0.0,1.025,1.521,0.0,0.0,0.0,0.0,4.332,5.867,5.171,1.85,1.85,2.462,1.85,2.296,0.0,0.0,0.0,0.0,0.0,NK
GTTCGCGTTACGCTCA-1_D18,D18,F,48,healthy,C,10x 3' v3,cryopreserved biobank sample,total PBMC,4053,1610,5.97,0.0,0.0,0.0,0.0,0.0,0.0,3.032,0.0,1.243,1.243,2.129,4.25,4.602,1.781,2.905,3.245,1.781,0.0,0.0,1.243,0.0,0.0,0.0,0.0,0.0,0.0,0.0,4.25,5.57,6.131,2.76,3.76,0.0,1.243,1.781,0.0,1.781,0.0,0.0,1.243,NK
GCTTGATGAGCGAGCT-1_D18,D18,F,48,healthy,C,10x 3' v3,cryopreserved biobank sample,total PBMC,4978,2139,6.93,0.0,0.0,0.0,0.0,0.0,0.0,2.712,0.0,0.0,0.0,0.0,0.0,0.0,0.0,0.0,0.0,0.0,0.0,0.0,3.501,2.569,3.936,4.047,3.438,2.949,1.613,4.47,4.924,5.621,3.975,1.102,1.95,3.223,1.95,1.95,0.0,2.402,1.102,0.0,0.0,CD14 monocyte
CCTCTACATAGTCTCG-1_D18,D18,F,48,healthy,C,10x 3' v3,cryopreserved biobank sample,total PBMC,6680,2549,5.62,0.0,0.0,0.0,0.0,0.915,0.0,3.019,1.385,0.0,0.0,2.441,4.133,4.133,3.859,3.089,2.441,1.944,0.0,0.0,0.0,0.915,0.0,0.915,0.0,0.0,0.0,0.915,4.309,4.756,4.995,2.563,2.771,3.019,2.441,1.703,0.0,0.0,0.0,0.0,2.301,NK
ACGCCGGGGCTATATG-1_D18,D18,F,48,healthy,C,10x 3' v3,cryopreserved biobank sample,total PBMC,9526,2726,5.63,0.718,0.0,0.0,0.0,0.718,0.0,2.684,1.423,0.718,0.0,2.53,5.052,4.108,3.785,3.137,2.442,1.988,0.0,0.0,0.0,0.0,0.0,0.718,1.131,0.718,0.718,0.0,4.673,5.437,4.997,1.131,1.423,3.091,1.649,2.241,0.0,1.131,2.122,0.0,2.346,NK
CCACTTCGGTCTAGGC-1_D18,D18,F,48,healthy,C,10x 3' v3,cryopreserved biobank sample,total PBMC,7393,2830,9.7,0.0,0.0,0.0,0.0,0.856,0.0,3.66,0.0,0.0,0.0,0.0,0.0,0.0,0.0,0.0,0.0,0.0,0.0,0.0,3.178,2.348,5.769,4.034,4.147,4.742,0.856,4.472,4.895,6.148,5.183,2.993,2.049,2.21,1.621,0.856,0.0,0.856,0.856,0.0,0.856,CD14 monocyte
CCCGATGTACGTCCTA-1_D18,D18,F,48,healthy,C,10x 3' v3,cryopreserved biobank sample,total PBMC,9109,3204,5.24,0.0,0.741,0.0,0.0,0.0,0.0,4.667,0.0,0.0,0.0,0.0,0.741,0.741,0.741,0.0,0.0,0.0,0.0,0.0,4.117,1.162,4.219,4.099,3.422,3.983,1.162,3.18,3.646,4.355,4.921,2.651,2.281,3.033,2.387,2.387,0.0,0.741,0.741,0.0,1.87,CD14 monocyte
GGGGCTGGACCCTAAC-1_D18,D18,F,48,healthy,C,10x 3' v3,cryopreserved biobank sample,total PBMC,6696,2567,7.29,0.0,0.0,0.0,0.0,0.0,0.0,3.824,0.0,0.0,0.0,0.0,0.914,0.0,0.0,0.0,0.0,0.0,0.0,0.0,3.947,2.136,3.888,3.888,3.888,3.975,0.914,4.003,5.423,6.087,4.131,2.438,0.914,2.858,2.438,0.914,0.0,2.299,0.0,0.0,1.383,CD14 monocyte
TACTACGGTATGGTTT-1_D18,D18,F,48,healthy,C,10x 3' v3,cryopreserved biobank sample,total PBMC,3723,1573,5.03,0.0,0.0,0.0,0.0,0.0,0.0,2.84,0.0,0.0,0.0,2.986,4.465,4.181,3.113,2.204,1.305,1.305,0.0,0.0,0.0,0.0,0.0,0.0,0.0,0.0,0.0,0.0,3.581,6.745,5.153,0.0,2.204,2.986,1.305,1.852,0.0,0.0,1.305,0.0,2.463,NK
TGCGGCTTTACGCATC-1_D18,D18,F,48,healthy,C,10x 3' v3,cryopreserved biobank sample,total PBMC,9249,3098,4.69,0.0,0.733,0.0,0.733,0.733,0.0,2.846,0.733,0.0,0.0,2.267,3.631,4.008,3.119,0.733,1.445,2.373,0.0,0.0,0.0,0.0,0.0,0.733,1.445,0.0,0.0,0.0,3.714,5.892,4.99,1.151,2.013,2.267,2.148,2.267,0.0,0.733,0.0,0.0,1.151,NK
GATACTCTTCTATCGA-1_D18,D18,F,48,healthy,C,10x 3' v3,cryopreserved biobank sample,total PBMC,5043,1951,4.7,0.0,0.0,1.093,0.0,1.093,0.0,2.7,0.0,0.0,1.093,3.883,4.166,3.962,3.036,2.557,2.557,2.557,0.0,0.0,0.0,0.0,1.603,0.0,1.603,1.093,0.0,0.0,4.309,4.804,5.168,1.603,1.939,2.825,1.939,2.19,0.0,0.0,0.0,0.0,1.093,NK
GGGGATCAAGCACTAA-1_D18,D18,F,48,healthy,C,10x 3' v3,cryopreserved biobank sample,total PBMC,4862,1739,6.18,0.0,0.0,0.0,0.0,0.0,0.0,3.788,0.0,0.0,0.0,0.0,0.0,0.0,0.0,0.0,0.0,0.0,1.117,0.0,4.47,0.0,5.652,3.246,3.691,3.461,1.632,1.97,5.911,4.755,4.807,2.222,1.632,3.246,1.117,2.734,0.0,0.0,2.222,0.0,1.117,CD14 monocyte
GGTTCGCTGGGAACTG-1_D18,D18,F,48,healthy,C,10x 3' v3,cryopreserved biobank sample,total PBMC,9115,3416,6.07,1.161,2.978,1.457,2.651,2.86,2.651,1.161,0.0,0.0,0.0,0.0,0.0,0.0,0.0,0.0,0.0,0.0,0.0,0.0,0.0,0.0,1.161,0.0,0.0,0.0,0.0,0.0,3.701,6.109,5.034,0.0,0.741,3.347,1.161,1.684,0.0,1.161,1.457,0.0,1.457,CD4 naive T
CAGACATCTTGCGGAA-1_D18,D18,F,48,healthy,C,10x 3' v3,cryopreserved biobank sample,total PBMC,4609,1819,5.62,2.27,2.64,1.675,2.472,2.016,0.0,1.675,0.0,0.0,0.0,0.0,0.0,0.0,0.0,0.0,0.0,0.0,0.0,0.0,0.0,0.0,0.0,0.0,0.0,0.0,0.0,0.0,4.191,6.157,5.364,2.27,2.27,3.575,0.0,2.472,0.0,0.0,0.0,0.0,2.016,CD4 naive T
AAAAAATGTGCAGGAC-1_D18,D18,F,48,healthy,C,10x 3' v3,cryopreserved biobank sample,total PBMC,5992,2329,8.02,0.0,0.0,0.0,0.0,0.0,0.0,0.0,0.0,0.982,0.0,0.0,0.0,0.0,0.0,0.0,0.0,0.0,2.774,3.9,3.793,0.0,1.467,0.982,0.0,0.0,0.0,0.0,4.396,5.444,5.788,2.235,0.982,2.399,2.873,0.982,0.0,1.467,0.0,0.0,0.982,B
GGGCTCCGTTGTGGGT-1_D18,D18,F,48,healthy,C,10x 3' v3,cryopreserved biobank sample,total PBMC,4319,1751,8.84,1.728,2.701,2.328,1.199,1.199,0.0,4.587,1.728,3.084,1.728,4.114,4.74,3.437,0.0,1.199,0.0,1.199,0.0,0.0,0.0,0.0,1.199,0.0,1.199,1.199,0.0,0.0,3.754,6.406,4.379,2.532,2.328,1.199,2.073,1.199,0.0,1.728,1.728,0.0,2.073,CD8 T
GAGAAAGGTGTATGAC-1_D18,D18,F,48,healthy,C,10x 3' v3,cryopreserved biobank sample,total PBMC,4754,2170,8.52,0.0,0.0,0.0,0.0,1.65,0.0,2.242,0.0,1.133,0.0,1.65,3.093,4.625,4.127,2.242,2.242,1.989,0.0,0.0,1.133,1.133,0.0,1.133,1.133,0.0,0.0,0.0,4.493,6.019,5.615,3.267,1.989,1.989,1.65,2.242,0.0,1.65,2.444,0.0,2.612,NK
TAGAAGGGGCGTTGCT-1_D18,D18,F,48,healthy,C,10x 3' v3,cryopreserved biobank sample,total PBMC,3299,1336,3.39,1.394,0.0,0.0,0.0,2.782,0.0,0.0,0.0,0.0,0.0,0.0,1.394,0.0,0.0,0.0,0.0,0.0,2.312,2.954,1.394,0.0,0.0,0.0,0.0,0.0,0.0,0.0,3.699,4.615,4.923,2.782,1.394,1.955,1.394,1.955,0.0,1.394,0.0,0.0,1.955,B
GATAAATCGGTGACGC-1_D18,D18,F,48,healthy,C,10x 3' v3,cryopreserved biobank sample,total PBMC,4323,1558,3.94,2.7,2.971,1.198,0.0,1.198,0.0,3.806,2.327,2.531,2.072,3.183,4.254,2.531,1.198,1.727,1.727,1.198,0.0,0.0,0.0,0.0,0.0,0.0,0.0,0.0,0.0,0.0,3.275,5.959,6.216,2.531,1.727,3.575,1.198,2.531,0.0,1.198,0.0,0.0,2.531,CD8 T
CGATAGCTCAGGGTAG-1_D18,D18,F,48,healthy,C,10x 3' v3,cryopreserved biobank sample,total PBMC,3878,1573,2.85,2.426,2.167,1.275,0.0,1.818,2.167,2.802,0.0,0.0,1.275,1.275,0.0,0.0,0.0,0.0,0.0,0.0,0.0,0.0,0.0,0.0,0.0,0.0,0.0,0.0,0.0,0.0,3.464,5.112,6.068,2.426,2.426,1.818,1.275,3.288,0.0,1.275,1.275,0.0,0.0,CD4 naive T
CGCCATGCAATCGTTG-1_D18,D18,F,48,healthy,C,10x 3' v3,cryopreserved biobank sample,total PBMC,4186,1714,4.32,0.0,0.0,0.0,1.221,1.754,0.0,2.357,0.0,0.0,0.0,0.0,0.0,0.0,0.0,0.0,0.0,0.0,2.357,3.114,3.728,0.0,0.0,0.0,1.221,0.0,0.0,0.0,4.466,4.955,4.989,2.357,2.1,1.754,1.221,0.0,0.0,1.221,1.221,0.0,2.561,B
CTGCTAGGTCTCGCTA-1_D18,D18,F,48,healthy,C,10x 3' v3,cryopreserved biobank sample,total PBMC,4487,1827,3.34,0.0,0.0,0.0,0.0,1.697,0.0,1.172,0.0,0.0,0.0,0.0,0.0,0.0,0.0,0.0,0.0,0.0,2.81,3.716,3.472,0.0,0.0,1.172,0.0,0.0,0.0,0.0,4.451,5.273,5.488,0.0,1.172,2.294,2.497,0.0,0.0,0.0,1.172,0.0,1.172,B
ACTCGTGCCTGCGACA-1_D18,D18,F,48,healthy,C,10x 3' v3,cryopreserved biobank sample,total PBMC,6854,2551,14.51,0.0,0.0,0.0,0.0,0.0,0.0,2.747,0.0,0.0,0.0,0.0,0.0,0.0,0.0,0.0,0.0,0.0,0.0,0.0,3.953,2.539,4.084,4.691,2.836,3.802,0.0,4.132,5.552,4.928,4.781,3.895,1.682,2.836,2.116,1.922,0.0,0.9,1.682,0.0,0.0,CD14 monocyte
GCTTAAAACCAACGCC-1_D18,D18,F,48,healthy,C,10x 3' v3,cryopreserved biobank sample,total PBMC,4397,1699,3.75,0.0,0.0,0.0,0.0,1.186,0.0,2.515,0.0,0.0,0.0,0.0,0.0,0.0,0.0,0.0,0.0,0.0,3.067,1.186,3.167,0.0,1.186,0.0,0.0,0.0,0.0,0.0,4.907,6.27,5.38,2.312,2.684,2.515,2.057,1.186,0.0,2.057,1.713,0.0,2.057,B
GCGGATGCACCAACGG-1_D18,D18,F,48,healthy,C,10x 3' v3,cryopreserved biobank sample,total PBMC,4218,1722,4.11,3.207,0.0,1.215,1.748,0.0,2.35,1.215,0.0,0.0,0.0,0.0,0.0,0.0,0.0,0.0,0.0,0.0,0.0,0.0,0.0,0.0,0.0,0.0,0.0,0.0,0.0,0.0,3.532,6.212,5.996,1.215,2.093,1.215,1.215,0.0,0.0,0.0,0.0,0.0,1.215,CD4 naive T
ATTAGTGTGCAGTCAG-1_D18,D18,F,48,healthy,C,10x 3' v3,cryopreserved biobank sample,total PBMC,2749,1236,7.18,0.0,2.113,0.0,0.0,2.478,0.0,4.081,1.534,2.113,1.534,2.954,2.744,1.534,0.0,2.954,0.0,1.534,0.0,0.0,0.0,0.0,0.0,0.0,0.0,0.0,0.0,0.0,4.521,5.515,5.126,1.534,2.744,2.113,2.954,3.276,0.0,0.0,0.0,0.0,1.534,CD8 T
TTCGTTGGTCGGGATG-1_D18,D18,F,48,healthy,C,10x 3' v3,cryopreserved biobank sample,total PBMC,4779,1863,5.25,3.339,1.646,2.439,2.237,1.646,1.129,1.129,0.0,0.0,0.0,0.0,1.646,0.0,0.0,0.0,0.0,0.0,0.0,0.0,0.0,0.0,1.646,0.0,0.0,0.0,0.0,0.0,2.607,5.452,5.088,2.439,0.0,2.987,0.0,1.129,0.0,1.129,1.985,0.0,1.129,CD4 naive T
AAGATCCATCGAAGGG-1_D18,D18,F,48,healthy,C,10x 3' v3,cryopreserved biobank sample,total PBMC,6635,2174,6.59,0.0,0.0,0.919,0.0,0.0,0.0,2.569,0.0,0.0,0.0,2.447,5.032,4.43,2.307,2.144,0.919,1.709,0.0,0.0,0.0,0.0,0.0,0.919,0.0,0.0,0.0,0.919,3.486,5.419,4.668,2.144,1.39,3.223,1.709,2.307,0.0,1.39,0.919,0.0,1.709,NK
TGTGTGTCTAAGTTAC-1_D18,D18,F,48,healthy,C,10x 3' v3,cryopreserved biobank sample,total PBMC,6027,2436,5.06,2.535,2.394,2.23,0.0,0.0,0.0,3.668,0.0,2.658,2.033,3.709,3.991,3.188,0.978,0.0,0.978,0.978,0.0,0.0,0.0,0.0,0.978,0.978,0.0,0.0,0.0,0.0,4.258,5.147,6.232,0.978,2.23,2.23,0.978,0.0,0.0,1.463,0.0,0.0,2.033,CD8 T
CTGAACCTTCGACGGT-1_D18,D18,F,48,healthy,C,10x 3' v3,cryopreserved biobank sample,total PBMC,3547,1565,8.24,0.0,0.0,0.0,0.0,1.34,0.0,3.032,0.0,0.0,1.34,2.886,4.602,3.946,3.272,1.34,0.0,2.247,0.0,0.0,0.0,0.0,0.0,0.0,0.0,0.0,0.0,0.0,4.783,6.18,4.709,0.0,1.893,2.508,2.247,1.893,0.0,0.0,0.0,0.0,1.34,NK
TTTGGCTAAGCACGAC-1_D18,D18,F,48,healthy,C,10x 3' v3,cryopreserved biobank sample,total PBMC,4654,1725,6.25,1.147,3.204,2.008,1.147,1.667,0.0,4.361,1.147,0.0,2.631,2.631,3.503,1.147,0.0,1.667,2.008,0.0,0.0,0.0,0.0,0.0,0.0,1.147,1.147,0.0,0.0,0.0,3.437,5.247,5.375,1.667,2.463,2.261,0.0,0.0,0.0,0.0,1.147,0.0,1.147,CD8 T
GTCCCCTCGAACCAGG-1_D18,D18,F,48,healthy,C,10x 3' v3,cryopreserved biobank sample,total PBMC,3274,1443,6.24,0.0,0.0,0.0,0.0,1.4,0.0,2.319,1.4,0.0,0.0,3.544,5.28,4.348,3.108,2.319,1.961,1.4,0.0,0.0,0.0,0.0,0.0,0.0,0.0,0.0,0.0,0.0,4.862,5.2,5.864,2.319,1.961,2.319,0.0,1.961,0.0,1.4,1.4,0.0,2.319,NK
GCAACACGCGGGCGTA-1_D18,D18,F,48,healthy,C,10x 3' v3,cryopreserved biobank sample,total PBMC,17116,5274,8.93,0.0,0.0,0.0,0.0,0.0,0.0,3.535,0.0,0.774,0.0,0.0,0.46,0.0,0.0,0.0,0.0,0.46,0.0,0.46,3.721,1.013,5.418,4.281,4.045,3.427,0.774,4.034,5.007,5.744,4.264,3.328,0.774,3.348,1.923,1.627,0.0,0.46,1.013,0.0,2.005,CD14 monocyte
ACTTAAGGTTGAGATA-1_D18,D18,F,48,healthy,C,10x 3' v3,cryopreserved biobank sample,total PBMC,5188,2028,13.65,0.0,0.0,0.0,0.0,1.074,0.0,3.628,0.0,0.0,0.0,0.0,1.58,0.0,0.0,0.0,0.0,0.0,0.0,0.0,4.281,2.674,4.598,4.333,3.575,0.0,1.58,4.041,2.91,5.465,4.358,3.678,2.531,3.26,3.1,1.914,0.0,1.074,1.914,0.0,2.165,CD14 monocyte
GACTACACTGTGTACT-1_D18,D18,F,48,healthy,C,10x 3' v3,cryopreserved biobank sample,total PBMC,7057,3133,3.9,2.513,1.344,0.883,2.252,2.09,0.883,1.897,0.0,0.0,0.0,0.883,0.0,0.0,0.0,0.0,0.0,0.0,0.0,0.0,0.0,0.0,0.0,0.0,0.0,0.0,0.0,0.0,4.255,5.704,6.206,3.103,2.513,1.658,2.09,2.09,0.0,1.897,1.658,0.0,2.09,CD4 naive T
GCCTGTGTGCAGATCA-1_D18,D18,F,48,healthy,C,10x 3' v3,cryopreserved biobank sample,total PBMC,9735,3008,4.14,0.0,0.0,0.0,0.0,1.117,0.0,2.103,1.117,0.707,0.0,0.0,0.707,0.0,0.0,0.0,0.0,0.0,0.0,0.0,2.916,2.51,4.57,4.121,3.427,3.876,1.117,4.879,4.894,6.057,5.003,2.103,0.707,2.733,1.814,1.406,0.0,1.117,0.707,0.0,1.406,CD14 monocyte
GTAGCCCAAACCCTGT-1_D18,D18,F,48,healthy,C,10x 3' v3,cryopreserved biobank sample,total PBMC,4305,1785,10.53,2.848,2.331,2.076,0.0,1.201,1.201,1.731,0.0,0.0,0.0,0.0,0.0,0.0,1.201,0.0,0.0,0.0,0.0,0.0,0.0,0.0,1.201,0.0,1.731,0.0,0.0,0.0,4.382,5.432,6.42,1.731,2.076,2.848,0.0,3.279,0.0,1.201,2.076,0.0,0.0,CD4 naive T
AGGTATAGTACCGCTT-1_D18,D18,F,48,healthy,C,10x 3' v3,cryopreserved biobank sample,total PBMC,10159,3079,5.43,0.0,0.0,0.0,0.685,1.779,0.0,2.288,0.685,0.0,1.088,4.045,2.758,3.317,3.163,1.779,3.12,2.818,0.0,0.0,0.0,0.0,0.685,1.088,0.0,0.0,0.0,0.0,4.275,6.191,5.108,1.779,1.779,1.779,2.066,2.47,0.0,0.685,1.597,0.0,1.597,NK
CCGCCCGCTAGGTTGC-1_D18,D18,F,48,healthy,C,10x 3' v3,cryopreserved biobank sample,total PBMC,3499,1409,3.71,2.259,2.52,2.259,0.0,0.0,0.0,4.111,1.35,3.285,1.904,2.727,2.259,3.285,1.904,1.35,1.904,0.0,0.0,0.0,0.0,0.0,0.0,2.52,0.0,0.0,0.0,0.0,4.748,5.798,3.904,2.259,2.52,2.898,2.259,0.0,0.0,1.35,1.35,0.0,1.904,CD8 T
TGTTAAGTGGCACTAG-1_D18,D18,F,48,healthy,C,10x 3' v3,cryopreserved biobank sample,total PBMC,3419,1428,10.44,1.367,2.749,0.0,0.0,0.0,0.0,3.195,1.367,2.542,1.367,3.067,2.749,1.924,0.0,2.28,0.0,0.0,0.0,0.0,0.0,0.0,0.0,0.0,0.0,0.0,0.0,1.367,4.18,5.74,5.631,2.92,1.367,3.195,1.924,3.067,0.0,0.0,0.0,0.0,1.367,CD8 T
CCAACGCCCCATCCCT-1_D18,D18,F,48,healthy,C,10x 3' v3,cryopreserved biobank sample,total PBMC,4465,1829,5.42,0.0,0.0,0.0,0.0,0.0,0.0,2.67,0.0,0.0,0.0,2.94,4.481,4.082,2.044,3.244,2.94,2.299,0.0,0.0,0.0,0.0,0.0,0.0,0.0,0.0,0.0,0.0,4.043,6.233,6.478,1.176,1.176,1.176,0.0,2.299,0.0,1.176,0.0,0.0,1.176,NK
TTCTTCGATACCAAAG-1_D18,D18,F,48,healthy,C,10x 3' v3,cryopreserved biobank sample,total PBMC,7348,2603,8.27,0.0,0.0,0.0,0.0,0.0,0.0,4.415,0.0,0.0,0.0,0.0,0.0,0.0,0.0,0.0,0.859,0.0,0.0,0.0,3.126,1.863,4.849,3.666,3.701,4.153,1.314,3.939,5.466,4.849,5.024,3.827,2.771,3.734,1.626,1.314,0.0,0.0,1.314,0.0,2.584,CD14 monocyte
TTCTGTTGATGTGATA-1_D18,D18,F,48,healthy,C,10x 3' v3,cryopreserved biobank sample,total PBMC,7555,2642,7.78,0.0,0.0,0.0,0.0,0.843,0.0,4.496,0.0,0.0,0.0,0.0,0.0,0.0,0.0,0.0,0.0,0.0,0.0,0.0,4.451,1.84,5.704,4.319,3.988,3.489,0.843,4.167,5.557,5.191,5.074,3.829,3.264,3.529,1.84,2.558,0.0,1.294,2.031,0.0,1.604,CD14 monocyte
AAGGTCCGACCATCAA-1_D18,D18,F,48,healthy,C,10x 3' v3,cryopreserved biobank sample,total PBMC,6587,2573,7.19,0.0,0.0,0.0,0.924,1.956,0.0,1.395,0.0,0.0,0.0,0.924,0.0,0.0,0.0,0.0,0.0,0.0,1.715,3.581,3.103,0.0,0.0,0.0,0.0,0.0,0.0,0.0,4.302,6.194,5.439,2.685,1.395,2.313,1.715,0.924,0.0,1.956,1.956,0.0,0.924,B
ACCGTTAATGCAGATG-1_D18,D18,F,48,healthy,C,10x 3' v3,cryopreserved biobank sample,total PBMC,4059,1636,10.32,0.0,0.0,0.0,1.242,0.0,0.0,3.031,0.0,0.0,0.0,2.589,3.497,5.406,3.814,2.759,1.242,1.242,0.0,0.0,0.0,0.0,0.0,0.0,1.242,1.242,0.0,0.0,4.097,6.146,5.384,1.78,2.759,2.385,1.78,2.589,0.0,0.0,2.127,0.0,0.0,NK
TGTCCACATTCATTGC-1_D18,D18,F,48,healthy,C,10x 3' v3,cryopreserved biobank sample,total PBMC,6692,2399,6.41,0.0,0.0,0.0,0.0,0.0,0.0,3.607,0.0,0.0,0.0,3.43,3.43,4.057,3.685,1.383,3.215,2.769,0.0,0.0,0.0,0.0,0.914,0.0,0.0,0.0,0.0,0.0,4.631,4.993,5.436,2.299,2.137,3.273,2.137,1.383,0.0,0.914,0.0,0.0,2.299,NK
CCGACGTCGCACAGCT-1_D18,D18,F,48,healthy,C,10x 3' v3,cryopreserved biobank sample,total PBMC,5909,2440,7.66,0.0,0.0,0.0,0.0,0.99,0.0,0.0,0.0,0.0,0.0,0.0,0.0,0.0,0.0,0.0,0.0,0.0,2.553,3.501,2.677,0.0,0.0,0.0,0.0,0.0,0.0,0.0,3.844,5.117,6.447,3.501,2.677,3.768,2.553,0.99,0.0,0.0,0.0,0.0,0.99,B
TCAGGAGCCCGCAATG-1_D18,D18,F,48,healthy,C,10x 3' v3,cryopreserved biobank sample,total PBMC,2958,1202,4.11,2.885,0.0,0.0,0.0,1.477,0.0,4.986,2.049,1.477,1.477,3.058,2.885,2.411,0.0,0.0,1.477,0.0,0.0,0.0,0.0,0.0,1.477,1.477,0.0,0.0,0.0,0.0,4.277,5.382,5.687,0.0,2.411,2.676,1.477,0.0,0.0,0.0,0.0,0.0,1.477,CD8 T
GCTCCCATTGCCGCCC-1_D18,D18,F,48,healthy,C,10x 3' v3,cryopreserved biobank sample,total PBMC,4141,1638,3.77,3.225,1.763,1.228,2.11,0.0,0.0,2.571,0.0,0.0,0.0,1.763,1.228,0.0,0.0,0.0,0.0,0.0,0.0,0.0,0.0,0.0,0.0,1.228,0.0,0.0,0.0,0.0,4.035,5.54,5.191,2.571,1.228,2.11,1.228,1.763,0.0,0.0,1.228,0.0,1.228,CD4 memory T
CCGATGTGAAATCCCA-1_D18,D18,F,48,healthy,C,10x 3' v3,cryopreserved biobank sample,total PBMC,10767,3694,6.0,0.0,0.0,0.0,0.657,0.657,0.0,2.875,0.0,0.0,0.0,0.0,1.331,0.0,0.0,0.0,0.0,0.0,0.0,0.0,3.879,3.566,4.522,4.055,4.117,4.022,1.05,3.84,5.351,4.663,5.472,3.512,2.926,2.331,1.331,1.331,0.0,1.551,0.0,0.0,1.331,CD14 monocyte
CAGCGGCAGGAGAGGA-1_D18,D18,F,48,healthy,C,10x 3' v3,cryopreserved biobank sample,total PBMC,4887,1917,9.28,1.628,1.628,2.419,1.114,1.114,0.0,2.419,0.0,0.0,0.0,1.965,1.628,0.0,0.0,0.0,0.0,0.0,0.0,0.0,1.114,0.0,0.0,1.114,0.0,0.0,0.0,0.0,4.313,5.625,4.835,0.0,1.628,1.114,1.114,2.419,0.0,0.0,1.114,0.0,1.114,CD4 memory T
CCATCTGCTATCTGAG-1_D18,D18,F,48,healthy,C,10x 3' v3,cryopreserved biobank sample,total PBMC,4515,1795,7.34,0.0,0.0,0.0,0.0,0.0,0.0,2.034,0.0,0.0,0.0,4.418,4.244,3.041,2.66,1.168,0.0,2.66,0.0,0.0,1.168,0.0,0.0,0.0,0.0,0.0,0.0,0.0,4.945,5.775,5.74,2.491,1.168,1.692,0.0,1.168,0.0,1.168,0.0,0.0,2.034,NK
AATTCGGTCACAATAC-1_D18,D18,F,48,healthy,C,10x 3' v3,cryopreserved biobank sample,total PBMC,4243,1761,13.61,0.0,0.0,0.0,0.0,1.211,0.0,3.101,0.0,0.0,0.0,0.0,1.211,0.0,0.0,0.0,0.0,0.0,0.0,0.0,3.202,0.0,4.132,4.48,4.506,3.377,0.0,3.202,3.771,5.167,5.053,3.526,2.344,2.548,0.0,1.211,0.0,0.0,0.0,0.0,1.211,CD14 monocyte
GTCCCTCAACGAGATA-1_D18,D18,F,48,healthy,C,10x 3' v3,cryopreserved biobank sample,total PBMC,6259,2275,7.15,0.0,0.955,0.0,0.0,0.0,0.0,2.922,0.955,0.0,0.955,3.823,4.606,4.469,4.042,0.0,0.955,2.733,0.955,0.0,0.0,0.0,0.955,0.0,0.0,0.0,0.0,0.0,3.89,5.671,5.896,0.955,2.0,2.733,1.757,0.955,0.0,0.955,0.0,0.0,1.757,NK
ACTATGCCCGCGAGCC-1_D18,D18,F,48,healthy,C,10x 3' v3,cryopreserved biobank sample,total PBMC,2958,1235,4.13,3.205,1.477,1.477,0.0,0.0,0.0,2.885,0.0,0.0,0.0,0.0,1.477,0.0,0.0,0.0,0.0,0.0,0.0,0.0,0.0,0.0,0.0,0.0,1.477,0.0,0.0,0.0,4.449,5.031,4.939,0.0,1.477,3.55,2.676,1.477,0.0,0.0,2.676,0.0,0.0,CD4 memory T
AATGTGAGTCAACCGA-1_D18,D18,F,48,healthy,C,10x 3' v3,cryopreserved biobank sample,total PBMC,5899,2588,3.34,0.0,0.0,0.0,1.479,2.555,0.0,0.0,0.992,0.992,0.0,0.0,0.0,0.0,0.0,0.0,0.0,0.0,2.249,4.012,2.789,0.0,0.992,0.0,0.0,0.0,0.0,0.0,4.581,5.887,5.868,2.978,2.789,1.806,2.249,2.052,0.0,2.249,0.0,0.0,1.806,B
CCTCGGTCCAACGGTA-1_D18,D18,F,48,healthy,C,10x 3' v3,cryopreserved biobank sample,total PBMC,3946,1507,6.32,0.0,0.0,0.0,0.0,0.0,0.0,1.262,0.0,0.0,0.0,1.262,0.0,0.0,0.0,0.0,0.0,0.0,2.41,3.786,3.727,0.0,0.0,0.0,1.262,0.0,0.0,0.0,4.869,5.678,6.062,1.262,1.262,1.803,2.152,2.41,0.0,1.262,0.0,0.0,2.152,B
CAACTTTCTCATTCCA-1_D18,D18,F,48,healthy,C,10x 3' v3,cryopreserved biobank sample,total PBMC,11710,3547,6.0,0.0,0.0,0.0,0.0,0.996,0.0,3.068,0.0,0.0,0.0,0.0,0.0,0.0,0.0,0.0,0.996,0.0,0.0,0.0,3.282,1.812,5.302,4.741,5.141,3.939,0.617,3.816,4.806,5.839,4.263,2.685,2.625,3.344,1.662,2.562,0.0,1.27,1.27,0.0,1.485,CD14 monocyte
TAAAGCGACTATTTCT-1_D18,D18,F,48,healthy,C,10x 3' v3,cryopreserved biobank sample,total PBMC,4752,2027,4.15,1.133,0.0,0.0,0.0,1.133,0.0,2.243,0.0,0.0,0.0,3.345,4.057,4.128,3.856,1.65,0.0,2.881,0.0,0.0,0.0,0.0,0.0,0.0,0.0,0.0,0.0,0.0,5.238,5.871,5.238,2.444,1.99,1.133,0.0,2.243,0.0,0.0,1.65,0.0,2.243,NK
TACTCCTTTACTCCCT-1_D18,D18,F,48,healthy,C,10x 3' v3,cryopreserved biobank sample,total PBMC,7351,2630,4.24,3.064,2.681,1.863,2.583,2.054,1.314,0.859,0.0,0.0,0.0,0.0,0.0,0.0,0.0,0.0,0.0,0.0,0.0,0.0,0.0,0.0,0.0,1.314,0.859,0.0,0.0,0.0,3.594,3.99,5.424,1.625,0.0,2.475,1.314,2.215,0.0,1.863,0.0,0.0,2.583,CD4 naive T
ACGAAACTTTCGACTA-1_D18,D18,F,48,healthy,C,10x 3' v3,cryopreserved biobank sample,total PBMC,8667,2813,8.8,0.0,0.0,0.0,0.0,0.0,0.0,3.924,0.0,0.0,0.0,0.0,0.0,0.0,0.0,0.0,0.767,0.0,0.0,0.0,4.747,2.842,4.674,3.273,4.511,3.75,0.767,3.75,4.938,4.954,5.363,3.026,2.842,3.181,2.07,2.206,0.0,1.196,1.196,0.0,1.496,CD14 monocyte
AACTACAAGGTACTCT-1_D18,D18,F,48,healthy,C,10x 3' v3,cryopreserved biobank sample,total PBMC,6200,2438,6.7,2.368,1.441,1.441,2.509,0.96,0.0,2.742,0.0,0.0,0.96,0.96,1.441,0.0,0.0,0.0,0.0,0.0,0.0,0.0,0.96,0.0,0.0,0.0,0.0,0.0,0.0,0.0,3.347,5.343,5.319,3.289,3.347,2.368,2.008,2.008,0.0,0.0,1.441,0.0,2.742,CD4 memory T
ACCTTCCCTGCGTCAA-1_D18,D18,F,48,healthy,C,10x 3' v3,cryopreserved biobank sample,total PBMC,5535,2164,11.59,0.0,0.0,0.0,0.0,0.0,0.0,1.529,0.0,0.0,0.0,0.0,0.0,0.0,0.0,0.0,1.032,0.0,0.0,0.0,2.107,1.032,5.523,3.662,4.495,3.662,1.032,3.978,4.105,5.463,4.804,3.512,3.039,3.398,2.738,1.859,0.0,1.032,1.032,0.0,2.107,CD16 monocyte
CGGTGTAATGTTCCGA-1_D18,D18,F,48,healthy,C,10x 3' v3,cryopreserved biobank sample,total PBMC,3275,1525,4.77,2.789,0.0,1.4,2.581,1.4,0.0,3.451,0.0,0.0,0.0,0.0,1.4,0.0,0.0,0.0,0.0,0.0,0.0,0.0,0.0,0.0,1.4,0.0,0.0,0.0,0.0,0.0,3.778,4.387,5.792,1.961,3.778,2.961,0.0,1.961,0.0,1.4,1.4,0.0,1.961,CD4 memory T
AGCATGATCATTCCCC-1_D18,D18,F,48,healthy,C,10x 3' v3,cryopreserved biobank sample,total PBMC,3712,1586,8.14,0.0,0.0,0.0,0.0,0.0,0.0,2.989,0.0,0.0,0.0,1.307,0.0,0.0,0.0,0.0,0.0,0.0,0.0,1.307,3.902,3.584,5.14,4.468,3.422,2.989,1.307,4.784,4.557,5.3,4.437,2.843,2.466,3.584,2.206,1.307,0.0,0.0,1.307,0.0,2.843,CD14 monocyte
GGAGCCACATTTCAGA-1_D18,D18,F,48,healthy,C,10x 3' v3,cryopreserved biobank sample,total PBMC,5151,2121,6.01,0.0,0.0,0.0,1.079,1.921,0.0,0.0,0.0,0.0,0.0,0.0,0.0,0.0,0.0,0.0,0.0,0.0,2.371,3.582,3.016,0.0,2.371,0.0,0.0,0.0,0.0,0.0,4.175,5.865,5.387,0.0,1.586,3.016,1.079,1.586,0.0,0.0,1.079,0.0,1.586,B
ACGCAATACTATTGTG-1_D18,D18,F,48,healthy,C,10x 3' v3,cryopreserved biobank sample,total PBMC,2532,1278,3.66,0.0,0.0,0.0,0.0,1.599,0.0,2.553,0.0,0.0,0.0,3.207,4.715,4.382,3.032,2.186,3.032,1.599,0.0,0.0,0.0,0.0,0.0,0.0,0.0,0.0,0.0,1.599,4.43,6.764,4.75,1.599,2.186,3.032,1.599,0.0,0.0,0.0,2.186,0.0,2.186,NK
CTACGTATTAGCGTCC-1_D18,D18,F,48,healthy,C,10x 3' v3,cryopreserved biobank sample,total PBMC,7518,2711,13.07,0.0,0.0,0.0,0.0,1.844,0.0,3.609,0.0,0.0,0.0,0.0,0.846,0.0,0.0,0.0,0.846,0.0,0.0,0.0,4.086,1.298,4.804,4.586,2.907,3.534,0.0,3.365,4.471,5.437,5.128,3.217,1.298,1.608,0.846,0.846,0.0,1.608,0.0,0.0,2.035,CD14 monocyte
TCCCCAATACAGTAAT-1_D18,D18,F,48,healthy,C,10x 3' v3,cryopreserved biobank sample,total PBMC,4950,1952,8.68,1.105,0.0,0.0,0.0,0.0,0.0,1.617,1.105,1.105,0.0,2.407,3.816,3.228,3.621,1.617,1.954,2.574,0.0,0.0,0.0,0.0,1.105,0.0,0.0,0.0,0.0,0.0,4.959,5.921,5.963,1.105,1.105,2.717,1.105,2.206,0.0,1.617,0.0,0.0,0.0,NK
GAGTCCATCCCATGCG-1_D18,D18,F,48,healthy,C,10x 3' v3,cryopreserved biobank sample,total PBMC,3507,1579,8.35,0.0,0.0,0.0,0.0,1.902,0.0,0.0,0.0,0.0,0.0,0.0,0.0,0.0,0.0,0.0,0.0,0.0,3.639,3.639,3.043,0.0,1.348,1.348,0.0,0.0,0.0,0.0,4.555,5.301,5.813,0.0,1.902,2.725,1.348,1.348,0.0,0.0,0.0,0.0,1.348,B
GCCAGGCCCCCACTAA-1_D18,D18,F,48,healthy,C,10x 3' v3,cryopreserved biobank sample,total PBMC,5289,2369,6.66,2.991,1.565,1.565,0.0,0.0,0.0,4.864,1.565,2.891,1.565,3.795,2.147,1.565,1.565,1.062,0.0,0.0,0.0,0.0,0.0,0.0,0.0,0.0,0.0,0.0,0.0,0.0,3.795,6.019,5.267,2.78,2.656,2.347,1.062,1.062,0.0,1.062,1.565,0.0,1.898,CD8 T
GTATCCCCCTGGCGGC-1_D18,D18,F,48,healthy,C,10x 3' v3,cryopreserved biobank sample,total PBMC,5644,2560,8.35,0.0,0.0,0.0,0.0,0.0,0.0,2.83,0.0,0.0,0.0,2.09,4.87,3.773,3.438,2.595,1.514,1.843,0.0,0.0,0.0,0.0,0.0,1.019,0.0,0.0,0.0,1.514,4.785,5.121,5.222,2.09,1.843,1.019,1.019,2.72,0.0,1.019,0.0,0.0,1.843,NK
GCTGTTTAGGTTGCGC-1_D18,D18,F,48,healthy,C,10x 3' v3,cryopreserved biobank sample,total PBMC,8922,3392,9.91,0.0,0.0,0.0,0.0,1.176,0.0,3.576,0.0,0.0,0.0,0.0,0.0,0.0,0.0,0.0,0.0,0.0,0.0,0.0,4.43,2.18,2.941,4.119,3.983,3.545,1.702,3.545,4.624,5.671,4.981,2.815,1.888,3.153,2.299,1.702,0.0,1.176,1.176,0.0,1.176,CD14 monocyte
TAAGGACCTAGGTCAA-1_D18,D18,F,48,healthy,C,10x 3' v3,cryopreserved biobank sample,total PBMC,2793,1313,9.19,0.0,0.0,0.0,0.0,0.0,0.0,0.0,0.0,0.0,0.0,2.729,2.729,4.544,1.522,2.463,0.0,2.729,0.0,0.0,0.0,0.0,0.0,0.0,0.0,0.0,0.0,0.0,4.686,5.423,4.78,3.261,1.522,2.463,0.0,1.522,0.0,0.0,1.522,0.0,0.0,NK
CCTGTGTATTGATATG-1_D18,D18,F,48,healthy,C,10x 3' v3,cryopreserved biobank sample,total PBMC,13663,4292,7.73,0.0,0.0,0.0,0.0,0.0,0.0,3.567,0.0,0.549,0.0,0.0,0.0,0.0,0.549,0.0,0.902,0.0,0.0,0.0,3.524,1.539,4.503,3.684,3.165,2.795,1.539,3.567,4.832,4.734,4.158,2.542,1.685,3.225,0.0,2.119,0.0,0.549,1.685,0.0,0.549,CD14 monocyte
GCGTGCTGTCTGCGCT-1_D18,D18,F,48,healthy,C,10x 3' v3,cryopreserved biobank sample,total PBMC,6541,2418,6.25,0.0,0.0,0.0,0.0,0.0,0.0,2.157,0.0,0.928,0.0,0.0,0.0,0.0,0.0,0.0,0.0,0.0,0.0,0.0,3.744,1.962,5.57,4.246,4.053,2.157,1.962,3.295,5.485,5.956,5.149,2.79,1.72,3.744,2.46,2.32,0.0,1.401,1.401,0.0,1.401,CD14 monocyte
CGCGTAAAATCACCGG-1_D18,D18,F,48,healthy,C,10x 3' v3,cryopreserved biobank sample,total PBMC,4694,2002,9.89,2.254,2.767,1.66,2.455,1.141,1.141,2.455,0.0,0.0,0.0,0.0,0.0,0.0,0.0,0.0,0.0,0.0,0.0,0.0,0.0,0.0,1.141,0.0,0.0,0.0,0.0,0.0,3.912,5.376,5.228,2.455,2.0,2.0,2.254,1.141,0.0,0.0,1.66,0.0,1.141,CD4 naive T
GGCCGGTGGTGATTAG-1_D18,D18,F,48,healthy,C,10x 3' v3,cryopreserved biobank sample,total PBMC,7623,2719,5.86,2.736,1.287,1.832,1.596,1.832,2.183,2.647,0.0,0.0,0.0,0.0,0.838,0.0,0.0,0.0,0.0,0.0,0.0,0.0,0.0,0.0,0.0,0.0,0.0,0.0,0.0,0.0,4.923,5.792,5.04,2.647,3.09,1.596,2.023,1.287,0.0,0.838,0.838,0.0,0.838,CD4 naive T
GTGAACTAGATTTTGC-1_D18,D18,F,48,healthy,C,10x 3' v3,cryopreserved biobank sample,total PBMC,4204,1742,11.4,2.726,2.353,1.218,2.997,1.218,1.218,1.751,0.0,0.0,0.0,0.0,0.0,0.0,0.0,0.0,0.0,0.0,0.0,0.0,1.218,0.0,0.0,0.0,0.0,0.0,0.0,0.0,2.871,5.682,4.515,2.557,3.21,2.557,3.302,2.096,0.0,0.0,0.0,0.0,0.0,CD4 naive T
AAAAGCTAAAATAAGA-1_D18,D18,F,48,healthy,C,10x 3' v3,cryopreserved biobank sample,total PBMC,2439,1143,3.4,2.588,3.068,1.629,0.0,1.629,1.629,2.588,0.0,0.0,0.0,0.0,0.0,0.0,0.0,0.0,0.0,0.0,0.0,0.0,0.0,0.0,0.0,0.0,0.0,0.0,0.0,0.0,4.199,5.493,5.155,2.219,1.629,3.635,2.219,2.588,0.0,1.629,0.0,0.0,2.588,CD4 naive T
ATCAATGACTTTCCGT-1_D18,D18,F,48,healthy,C,10x 3' v3,cryopreserved biobank sample,total PBMC,4966,1854,4.95,0.0,0.0,0.0,0.0,1.952,0.0,1.952,0.0,0.0,0.0,1.952,4.084,4.241,3.051,2.84,3.72,2.951,0.0,0.0,0.0,0.0,1.103,1.103,0.0,0.0,0.0,0.0,4.269,5.587,6.091,1.615,2.84,2.84,1.952,1.615,0.0,1.103,0.0,0.0,2.203,NK
GAAGAAATGCGATATG-1_D18,D18,F,48,healthy,C,10x 3' v3,cryopreserved biobank sample,total PBMC,2064,896,5.62,3.014,3.014,1.765,2.743,1.765,0.0,0.0,0.0,0.0,0.0,0.0,0.0,0.0,0.0,0.0,0.0,0.0,0.0,1.765,0.0,0.0,0.0,0.0,0.0,0.0,0.0,0.0,4.48,5.624,4.533,1.765,2.369,0.0,2.743,0.0,0.0,0.0,0.0,0.0,0.0,CD4 naive T
CCACTTACTGCGATAC-1_D18,D18,F,48,healthy,C,10x 3' v3,cryopreserved biobank sample,total PBMC,2760,1338,6.0,1.531,1.531,1.531,1.531,0.0,0.0,0.0,0.0,0.0,0.0,0.0,1.531,0.0,0.0,0.0,0.0,0.0,1.531,0.0,0.0,0.0,0.0,0.0,0.0,0.0,0.0,0.0,2.74,5.185,5.801,2.11,2.11,2.474,1.531,2.11,0.0,0.0,1.531,0.0,1.531,CD4 naive T
ATTACTCCGTAGCAGT-1_D18,D18,F,48,healthy,C,10x 3' v3,cryopreserved biobank sample,total PBMC,5067,2010,7.04,0.0,1.09,0.0,0.0,0.0,0.0,1.934,0.0,1.09,0.0,2.185,4.831,5.08,4.221,1.09,2.185,1.934,0.0,0.0,0.0,0.0,0.0,0.0,1.09,0.0,0.0,1.09,4.892,5.66,6.103,1.934,2.696,2.185,0.0,1.599,0.0,0.0,1.09,0.0,0.0,NK
TACGGCTGGATAGTTC-1_D18,D18,F,48,healthy,C,10x 3' v3,cryopreserved biobank sample,total PBMC,5009,1918,7.09,0.0,1.097,0.0,1.097,0.0,0.0,3.366,0.0,1.097,0.0,3.217,4.593,3.93,2.563,1.944,0.0,3.043,0.0,0.0,0.0,0.0,0.0,1.097,1.097,0.0,0.0,0.0,4.531,5.738,5.967,2.396,1.097,2.832,1.944,1.608,0.0,1.097,1.097,0.0,0.0,NK
TCACGCCCTTGGCAGT-1_D18,D18,F,48,healthy,C,10x 3' v3,cryopreserved biobank sample,total PBMC,2762,1351,3.33,0.0,0.0,0.0,0.0,1.53,0.0,0.0,0.0,0.0,0.0,3.514,4.39,4.905,3.709,2.109,0.0,1.53,0.0,0.0,0.0,0.0,0.0,1.53,1.53,0.0,0.0,0.0,4.076,4.663,6.109,2.109,0.0,1.53,1.53,0.0,0.0,0.0,1.53,0.0,2.74,NK
ACCGGTCAAAGAACAC-1_D18,D18,F,48,healthy,C,10x 3' v3,cryopreserved biobank sample,total PBMC,7880,2946,9.81,0.0,0.0,0.0,0.819,0.819,0.0,0.0,0.0,0.0,0.819,0.0,0.0,0.0,0.0,0.819,0.0,0.0,2.412,3.728,3.87,0.0,0.819,0.0,0.819,0.0,0.0,0.0,4.526,3.995,6.107,1.264,1.264,1.57,1.264,0.819,0.0,1.57,0.819,0.0,1.57,B
GGTGAGGATTTGTAGT-1_D18,D18,F,48,healthy,C,10x 3' v3,cryopreserved biobank sample,total PBMC,6653,2447,5.49,2.676,2.142,1.706,2.304,1.388,0.918,1.706,0.0,0.0,0.0,0.0,0.0,0.0,0.0,0.0,0.0,0.0,0.0,0.0,0.0,0.0,0.0,0.0,0.0,0.0,0.0,0.0,4.637,5.57,4.81,2.946,1.388,3.279,0.918,1.706,0.0,0.0,0.0,0.0,2.304,CD4 naive T
ACAATCAATTCATACA-1_D18,D18,F,48,healthy,C,10x 3' v3,cryopreserved biobank sample,total PBMC,2304,1012,5.3,2.641,0.0,0.0,0.0,1.675,0.0,4.123,1.675,0.0,0.0,3.446,3.793,4.255,0.0,2.27,1.675,0.0,0.0,0.0,0.0,0.0,0.0,0.0,0.0,0.0,0.0,0.0,4.371,5.085,6.095,1.675,0.0,2.27,0.0,2.27,0.0,0.0,0.0,0.0,1.675,CD8 T
GTCCCCCGAGGACATA-1_D18,D18,F,48,healthy,C,10x 3' v3,cryopreserved biobank sample,total PBMC,4886,1877,5.04,0.0,0.0,0.0,0.0,1.114,0.0,2.586,0.0,0.0,0.0,0.0,0.0,0.0,0.0,0.0,0.0,0.0,1.114,0.0,3.686,3.067,6.066,4.598,4.257,2.419,0.0,3.954,4.313,5.286,4.257,3.829,1.114,2.586,1.966,1.628,0.0,1.628,0.0,0.0,0.0,CD14 monocyte
CGGTTTTCCATGGTGA-1_D18,D18,F,48,healthy,C,10x 3' v3,cryopreserved biobank sample,total PBMC,1892,898,6.04,2.448,2.825,3.097,2.825,0.0,0.0,1.838,0.0,0.0,0.0,0.0,0.0,0.0,0.0,0.0,0.0,0.0,1.838,0.0,0.0,0.0,0.0,0.0,0.0,0.0,0.0,0.0,4.165,5.137,4.968,1.838,2.448,2.448,1.838,2.825,0.0,1.838,1.838,0.0,1.838,CD4 naive T
AAGGGGATGACTTTTG-1_D18,D18,F,48,healthy,C,10x 3' v3,cryopreserved biobank sample,total PBMC,4530,2036,3.53,0.0,0.0,0.0,0.0,1.165,0.0,3.139,1.165,1.165,0.0,2.285,3.81,4.926,3.038,1.689,1.689,2.656,0.0,0.0,0.0,0.0,0.0,0.0,0.0,0.0,0.0,0.0,4.54,5.918,6.183,2.656,2.285,2.031,1.689,0.0,0.0,0.0,1.165,0.0,2.031,NK
AGATACGTTACGCCTC-1_D18,D18,F,48,healthy,C,10x 3' v3,cryopreserved biobank sample,total PBMC,6247,2188,7.4,0.0,0.0,0.0,0.0,0.0,0.0,3.34,0.0,0.0,0.0,0.0,0.0,0.0,0.0,0.0,0.956,0.0,0.0,0.0,3.752,3.082,5.598,4.909,4.015,3.082,0.956,4.223,4.796,5.121,3.789,3.589,2.198,1.435,0.956,0.0,0.0,0.956,0.0,0.0,2.502,CD14 monocyte
ATAGTTCCTTCTAAAA-1_D18,D18,F,48,healthy,C,10x 3' v3,cryopreserved biobank sample,total PBMC,2844,1313,6.91,2.447,1.508,2.447,0.0,0.0,0.0,0.0,0.0,0.0,0.0,0.0,0.0,0.0,1.508,0.0,1.508,0.0,0.0,0.0,0.0,0.0,1.508,0.0,2.083,0.0,0.0,1.508,4.668,4.792,5.942,3.095,0.0,1.508,2.083,0.0,0.0,1.508,1.508,0.0,0.0,CD4 naive T
TACCGCGTCTCCTGTC-1_D18,D18,F,48,healthy,C,10x 3' v3,cryopreserved biobank sample,total PBMC,9724,3116,3.48,0.707,0.0,0.0,0.707,0.707,0.0,1.117,0.707,0.0,0.707,1.632,4.592,3.665,3.162,1.632,2.222,3.359,0.0,0.0,0.707,0.0,1.407,0.707,1.407,0.0,0.0,0.0,4.016,5.561,5.842,2.104,2.104,1.632,0.707,1.117,0.0,0.707,0.0,0.0,0.0,NK
GCTGTTCGAAGTGGCG-1_D18,D18,F,48,healthy,C,10x 3' v3,cryopreserved biobank sample,total PBMC,7120,2509,3.13,1.651,2.244,1.651,1.651,0.0,0.0,2.244,0.0,0.0,0.0,0.0,0.877,0.0,0.0,0.0,0.0,0.0,0.0,0.0,0.0,0.0,0.0,0.0,0.0,0.0,0.0,0.0,4.858,5.22,6.153,2.958,2.082,2.613,1.651,2.244,0.0,0.0,0.0,0.0,1.337,CD4 memory T
TTTCTATACTCAATGG-1_D18,D18,F,48,healthy,C,10x 3' v3,cryopreserved biobank sample,total PBMC,4737,1939,5.36,1.653,2.245,1.653,1.653,0.0,0.0,3.187,0.0,0.0,0.0,2.245,1.135,0.0,0.0,1.135,0.0,0.0,0.0,0.0,0.0,0.0,0.0,0.0,0.0,0.0,0.0,0.0,3.985,5.991,5.806,1.992,1.135,1.135,1.992,1.653,0.0,1.135,1.135,0.0,2.245,CD4 memory T
TATTCATGGGTACTTC-1_D18,D18,F,48,healthy,C,10x 3' v3,cryopreserved biobank sample,total PBMC,3822,1678,5.89,2.961,1.285,1.83,0.0,0.0,1.285,3.695,0.0,0.0,0.0,3.394,2.645,2.645,0.0,0.0,0.0,0.0,0.0,0.0,0.0,0.0,0.0,1.83,1.285,0.0,0.0,0.0,3.926,5.647,5.53,2.961,2.18,1.285,1.285,0.0,0.0,0.0,1.285,0.0,2.439,CD8 T
GACCTCCTTGAGCTGC-1_D18,D18,F,48,healthy,C,10x 3' v3,cryopreserved biobank sample,total PBMC,4242,1755,7.61,3.293,2.088,0.0,2.345,1.743,1.743,2.088,0.0,0.0,0.0,1.211,0.0,0.0,0.0,1.211,1.211,0.0,0.0,0.0,0.0,0.0,0.0,1.743,0.0,0.0,0.0,0.0,4.239,5.954,5.516,2.345,1.743,3.526,1.743,2.088,0.0,1.743,0.0,0.0,0.0,CD4 naive T
ATGTCTGGATGGTACG-1_D18,D18,F,48,healthy,C,10x 3' v3,cryopreserved biobank sample,total PBMC,2133,1028,7.24,1.738,2.339,2.712,0.0,1.738,1.738,2.339,0.0,0.0,0.0,1.738,1.738,0.0,0.0,0.0,0.0,0.0,0.0,0.0,0.0,0.0,0.0,0.0,0.0,0.0,0.0,0.0,4.126,5.239,5.675,0.0,2.339,0.0,1.738,2.712,0.0,0.0,0.0,0.0,2.339,CD4 memory T
ATCTGAGGGCGATTAT-1_D18,D18,F,48,healthy,C,10x 3' v3,cryopreserved biobank sample,total PBMC,3998,1568,7.17,3.157,2.398,2.603,0.0,1.253,0.0,1.253,1.253,0.0,0.0,0.0,0.0,0.0,0.0,0.0,0.0,0.0,0.0,0.0,0.0,0.0,0.0,0.0,1.253,0.0,0.0,0.0,4.298,6.207,5.066,2.14,1.792,2.603,2.773,2.14,0.0,2.14,0.0,0.0,0.0,CD4 memory T
CGTGATGAGAGGCTGG-1_D18,D18,F,48,healthy,C,10x 3' v3,cryopreserved biobank sample,total PBMC,7002,2442,5.12,3.479,0.887,1.665,1.904,0.0,1.35,1.904,0.0,0.887,0.887,0.0,0.887,0.0,0.0,0.0,0.0,0.0,0.0,0.0,0.0,0.0,0.887,0.0,1.35,0.0,0.0,0.0,3.813,6.164,5.372,1.904,1.35,2.629,2.259,1.35,0.0,0.887,0.0,0.0,2.097,CD4 naive T
GGCTGCAAAGGCCCCA-1_D18,D18,F,48,healthy,C,10x 3' v3,cryopreserved biobank sample,total PBMC,8338,3156,4.68,0.0,0.0,0.0,0.0,0.0,0.0,3.866,0.0,0.0,0.788,0.0,0.788,0.0,0.0,0.0,0.0,0.0,0.0,0.788,1.223,2.24,5.523,2.564,4.853,2.653,1.223,4.168,5.218,5.875,4.755,2.734,3.788,2.734,1.757,1.526,0.0,0.0,0.788,0.0,1.223,CD14 monocyte
TGTCATCCTGTCAGAC-1_D18,D18,F,48,healthy,C,10x 3' v3,cryopreserved biobank sample,total PBMC,6393,2414,5.25,0.0,0.0,0.0,0.0,0.0,0.942,4.569,0.0,0.942,0.0,0.0,0.0,0.0,0.0,0.0,0.0,0.0,0.0,0.0,4.048,2.177,5.145,4.719,4.569,2.812,0.0,2.713,4.705,5.844,4.152,2.34,2.481,3.61,2.902,2.481,0.0,1.739,1.739,0.0,1.418,CD14 monocyte
TGAAGCCCCACCCGGG-1_D18,D18,F,48,healthy,C,10x 3' v3,cryopreserved biobank sample,total PBMC,6648,2549,6.9,3.614,2.143,2.305,0.0,0.0,0.918,1.388,0.0,0.0,0.0,1.388,0.0,0.0,0.0,0.0,0.0,0.0,0.0,0.0,0.918,0.0,0.0,0.918,1.388,0.0,0.0,0.0,4.721,6.265,6.194,3.387,3.023,2.775,1.948,1.388,0.0,1.388,1.388,0.0,0.0,CD4 memory T
AGGGGGACCAGTGATA-1_D18,D18,F,48,healthy,C,10x 3' v3,cryopreserved biobank sample,total PBMC,6912,3023,7.67,0.0,0.0,0.0,0.0,0.0,0.0,2.532,0.0,0.0,0.0,0.0,0.0,0.0,0.0,0.0,0.0,0.0,0.0,0.895,3.349,2.409,4.334,4.075,3.057,3.916,1.359,3.399,5.12,5.84,5.03,2.409,2.27,2.532,2.27,1.359,0.0,0.0,1.359,0.0,1.359,CD14 monocyte
TGCCAGTAAAGCTTGA-1_D18,D18,F,48,healthy,C,10x 3' v3,cryopreserved biobank sample,total PBMC,3274,1454,8.07,0.0,0.0,0.0,1.4,0.0,0.0,0.0,0.0,0.0,0.0,0.0,0.0,0.0,0.0,0.0,0.0,0.0,2.961,4.025,3.236,0.0,0.0,0.0,0.0,0.0,0.0,0.0,4.128,4.495,6.129,1.4,2.319,2.581,2.961,1.4,0.0,1.4,1.4,0.0,2.319,B
TGACGGTTTCGTATAT-1_D18,D18,F,48,healthy,C,10x 3' v3,cryopreserved biobank sample,total PBMC,5055,2090,10.3,0.0,0.0,0.0,0.0,1.091,0.0,3.125,0.0,0.0,0.0,4.067,4.584,4.849,3.653,1.936,2.187,3.285,0.0,0.0,0.0,1.091,0.0,0.0,1.601,0.0,0.0,0.0,5.107,5.176,5.083,2.388,1.091,3.6,2.698,2.187,0.0,1.601,0.0,0.0,0.0,NK
TCTCATCCTAAGAACT-1_D18,D18,F,48,healthy,C,10x 3' v3,cryopreserved biobank sample,total PBMC,2373,1053,7.65,2.244,2.882,2.613,1.651,0.0,0.0,3.094,0.0,0.0,0.0,0.0,1.651,0.0,0.0,0.0,0.0,0.0,0.0,0.0,1.651,0.0,0.0,0.0,0.0,0.0,0.0,0.0,5.028,5.228,5.732,0.0,1.651,1.651,1.651,1.651,0.0,0.0,0.0,0.0,1.651,CD4 memory T
CGAAGCTTACGCTCAC-1_D18,D18,F,48,healthy,C,10x 3' v3,cryopreserved biobank sample,total PBMC,8748,2772,5.11,3.425,3.017,2.689,1.718,1.488,0.762,1.718,0.0,0.0,0.0,0.0,2.317,0.0,0.0,0.0,0.762,0.0,0.0,0.0,0.0,0.762,1.19,0.0,1.19,0.762,0.0,0.762,4.502,6.204,2.317,2.96,2.424,1.488,1.19,2.833,0.0,1.488,0.0,0.0,1.718,CD4 memory T
CTGCTTCATTTGCTCC-1_D18,D18,F,48,healthy,C,10x 3' v3,cryopreserved biobank sample,total PBMC,4716,2030,4.91,2.619,1.656,1.996,0.0,1.996,0.0,4.452,1.138,2.451,1.996,3.553,3.424,3.668,1.138,1.138,2.451,0.0,0.0,0.0,0.0,1.138,1.138,1.138,0.0,0.0,0.0,0.0,3.424,5.866,6.115,3.1,1.656,1.996,1.138,0.0,0.0,1.138,0.0,0.0,1.656,CD8 T
ACACTAGTAGGCTTCA-1_D18,D18,F,48,healthy,C,10x 3' v3,cryopreserved biobank sample,total PBMC,3306,1559,8.61,3.34,1.953,1.953,2.31,0.0,0.0,2.573,0.0,0.0,0.0,0.0,1.392,0.0,0.0,0.0,0.0,0.0,0.0,0.0,0.0,0.0,0.0,1.392,0.0,0.0,0.0,1.392,3.534,5.388,6.022,1.953,1.953,2.952,3.099,1.953,0.0,0.0,0.0,0.0,0.0,CD4 memory T
TTCCAGGAGCGCATTG-1_D18,D18,F,48,healthy,C,10x 3' v3,cryopreserved biobank sample,total PBMC,5194,2178,3.76,2.797,2.797,1.073,2.163,1.913,0.0,1.913,0.0,0.0,0.0,0.0,0.0,0.0,0.0,0.0,0.0,0.0,0.0,0.0,0.0,0.0,1.073,1.579,1.073,0.0,0.0,0.0,4.225,5.295,6.117,1.073,1.913,2.363,1.073,2.163,0.0,2.363,0.0,0.0,0.0,CD4 naive T
TCTGTTCATATCTCGG-1_D18,D18,F,48,healthy,C,10x 3' v3,cryopreserved biobank sample,total PBMC,7865,2581,7.85,0.0,0.0,0.0,0.0,0.0,0.0,3.528,0.0,0.0,0.0,0.0,0.0,0.0,0.0,0.0,0.0,0.0,0.0,0.0,3.898,2.618,5.067,4.726,4.396,3.845,0.0,3.321,5.229,5.443,4.792,3.061,3.321,3.845,1.265,1.572,0.0,1.996,1.265,0.0,1.572,CD14 monocyte
AACATTTGGAGTACAG-1_D18,D18,F,48,healthy,C,10x 3' v3,cryopreserved biobank sample,total PBMC,7100,2698,3.21,1.892,2.803,2.085,2.085,0.0,1.339,0.0,0.0,0.0,0.879,1.339,0.0,0.0,0.0,0.0,0.879,0.0,0.0,0.0,0.879,0.0,0.0,0.879,0.0,0.0,0.0,0.0,3.972,4.363,5.577,1.892,0.879,2.246,1.654,1.892,0.0,1.339,2.085,0.0,1.339,CD4 memory T
ATCACAGGCCTTGGGA-1_D18,D18,F,48,healthy,C,10x 3' v3,cryopreserved biobank sample,total PBMC,8236,2812,12.89,0.0,0.0,0.0,0.795,0.795,0.0,2.664,0.0,0.0,1.232,3.129,4.318,4.019,3.322,3.23,2.114,1.768,0.0,0.0,0.0,0.0,0.0,0.0,0.0,0.0,0.0,0.795,4.366,6.16,4.777,2.576,2.956,2.576,1.768,1.768,0.0,0.0,0.0,0.0,0.0,NK
GCGCGGGTACGGGACC-1_D18,D18,F,48,healthy,C,10x 3' v3,cryopreserved biobank sample,total PBMC,5355,1949,8.01,2.136,2.136,1.555,0.0,1.555,0.0,2.136,0.0,1.053,1.053,1.555,2.502,0.0,0.0,0.0,0.0,0.0,0.0,0.0,0.0,0.0,1.887,1.053,0.0,0.0,0.0,0.0,4.107,5.184,6.258,0.0,1.053,1.555,0.0,2.136,0.0,0.0,1.053,0.0,1.887,CD8 T
AATCAGCGGCTGTCTT-1_D18,D18,F,48,healthy,C,10x 3' v3,cryopreserved biobank sample,total PBMC,4906,1891,2.14,0.0,0.0,0.0,0.0,0.0,0.0,1.962,1.625,0.0,0.0,2.962,3.732,4.062,1.962,3.314,2.582,1.625,0.0,0.0,0.0,0.0,0.0,1.111,0.0,0.0,0.0,0.0,5.137,6.697,5.049,2.582,2.214,1.962,1.111,1.625,0.0,1.625,0.0,0.0,1.111,NK
TGTGTTTCTCTAGTGA-1_D18,D18,F,48,healthy,C,10x 3' v3,cryopreserved biobank sample,total PBMC,3067,1281,8.49,0.0,1.449,0.0,0.0,0.0,0.0,0.0,0.0,0.0,0.0,3.024,4.56,4.241,3.413,0.0,0.0,2.378,0.0,0.0,0.0,0.0,0.0,0.0,0.0,1.449,1.449,0.0,3.77,6.32,5.568,2.378,1.449,3.024,2.018,2.642,0.0,0.0,1.449,0.0,1.449,NK
ATACCTTATTGCTCCC-1_D19,D19,F,56,SLE,C,10x 3' v3,cryopreserved biobank sample,total PBMC,4001,1564,7.87,2.398,2.398,0.0,1.253,0.0,0.0,3.157,1.792,1.253,0.0,1.792,1.792,1.253,0.0,0.0,0.0,0.0,0.0,0.0,0.0,0.0,1.792,0.0,1.253,0.0,0.0,0.0,4.151,5.875,5.832,1.253,3.258,1.792,1.792,2.602,0.0,1.792,0.0,0.0,0.0,CD8 T
CAAGATCGGAAGGGCT-1_D19,D19,F,56,SLE,C,10x 3' v3,cryopreserved biobank sample,total PBMC,9858,3377,8.52,2.786,2.652,1.397,2.652,2.315,1.621,1.958,0.0,0.0,0.7,0.7,0.7,0.0,0.0,0.0,0.7,0.0,0.0,0.0,0.0,0.0,0.0,0.7,0.0,0.0,0.7,0.0,4.358,5.385,6.468,2.411,1.958,0.7,2.786,1.108,0.0,1.108,0.0,0.0,0.0,CD4 naive T
GAGTTTTCTAGCCCAC-1_D19,D19,F,56,SLE,C,10x 3' v3,cryopreserved biobank sample,total PBMC,6859,2514,8.16,2.648,2.115,0.899,0.899,1.365,0.0,3.13,1.682,2.416,1.682,2.539,0.899,0.899,0.899,1.682,0.0,0.0,0.0,0.0,0.0,0.0,0.0,1.365,0.0,0.0,0.0,0.0,4.78,6.597,6.257,2.746,1.365,2.277,1.682,0.899,0.0,1.365,1.365,0.0,0.0,CD8 T
GGAGGCCGCGCGGAGC-1_D19,D19,F,56,SLE,C,10x 3' v3,cryopreserved biobank sample,total PBMC,6305,2482,9.85,1.751,2.915,1.751,2.493,1.751,1.751,1.428,0.0,0.0,0.0,0.0,1.428,0.95,0.0,0.0,0.0,0.0,0.0,0.0,0.95,0.0,0.95,0.95,0.95,0.0,0.0,0.0,4.405,6.193,4.166,2.825,1.751,1.994,2.353,0.0,0.0,1.428,1.751,0.0,0.0,CD4 naive T
TGTATCGAATCATGAT-1_D19,D19,F,56,SLE,C,10x 3' v3,cryopreserved biobank sample,total PBMC,3661,1573,2.08,2.219,1.866,3.002,2.479,1.317,0.0,1.317,0.0,0.0,0.0,0.0,0.0,0.0,0.0,0.0,0.0,0.0,0.0,0.0,0.0,0.0,0.0,0.0,1.866,0.0,1.317,0.0,2.219,6.137,4.884,2.479,1.317,2.479,2.479,1.317,0.0,1.866,1.317,0.0,0.0,CD4 naive T
AAGGATGCGTCGCCGT-1_D19,D19,F,56,SLE,C,10x 3' v3,cryopreserved biobank sample,total PBMC,5791,2122,4.4,2.265,1.821,1.821,1.494,1.003,0.0,2.43,0.0,0.0,1.494,1.003,1.494,1.003,1.003,0.0,0.0,0.0,0.0,0.0,1.003,0.0,0.0,1.003,1.003,0.0,0.0,0.0,2.572,5.843,5.339,3.078,2.696,2.696,1.494,1.821,0.0,0.0,1.003,0.0,0.0,CD4 memory T
AGCAACTATACGACTG-1_D19,D19,F,56,SLE,C,10x 3' v3,cryopreserved biobank sample,total PBMC,7522,3016,10.25,3.216,1.607,1.297,2.83,1.297,2.195,2.034,0.846,0.0,0.0,0.0,0.0,0.0,0.846,0.0,0.0,0.0,0.0,0.0,0.0,0.0,0.846,0.0,0.846,0.0,0.0,0.0,2.195,5.817,5.546,2.454,2.195,2.333,0.0,2.034,0.0,1.843,1.297,0.0,0.0,CD4 naive T
TAGCACTCTTTTCACC-1_D19,D19,F,56,SLE,C,10x 3' v3,cryopreserved biobank sample,total PBMC,3408,1410,8.77,2.923,2.544,0.0,2.544,2.283,0.0,1.37,0.0,0.0,0.0,0.0,0.0,1.37,0.0,0.0,0.0,0.0,0.0,0.0,0.0,0.0,0.0,0.0,0.0,0.0,0.0,1.37,3.311,6.243,5.256,0.0,3.198,2.283,1.927,1.37,0.0,0.0,0.0,0.0,0.0,CD4 naive T
GGTTGCGGATAATATT-1_D19,D19,F,56,SLE,C,10x 3' v3,cryopreserved biobank sample,total PBMC,5117,2024,7.88,2.922,2.377,0.0,0.0,1.083,0.0,1.926,1.083,1.083,1.591,4.488,3.197,1.591,1.591,2.377,2.544,0.0,0.0,0.0,0.0,1.083,0.0,1.083,1.083,0.0,0.0,0.0,4.51,6.02,5.579,2.177,2.544,3.345,2.811,1.083,0.0,1.926,0.0,0.0,0.0,CD8 T
GTGGGGAAATCGGCTG-1_D19,D19,F,56,SLE,C,10x 3' v3,cryopreserved biobank sample,total PBMC,5397,1937,7.18,2.637,2.329,3.146,0.0,1.048,0.0,1.881,0.0,0.0,1.048,1.048,0.0,0.0,0.0,0.0,0.0,0.0,0.0,0.0,0.0,0.0,0.0,0.0,0.0,0.0,0.0,1.048,4.98,4.799,4.887,1.881,1.048,3.063,2.872,2.495,0.0,1.549,1.549,0.0,0.0,CD4 naive T
CGGGTCCGACCTATAG-1_D19,D19,F,56,SLE,C,10x 3' v3,cryopreserved biobank sample,total PBMC,5307,2170,4.67,3.238,1.562,1.895,2.344,0.0,1.059,2.344,0.0,0.0,0.0,1.562,1.059,0.0,0.0,0.0,0.0,0.0,0.0,0.0,0.0,0.0,0.0,0.0,1.059,0.0,0.0,0.0,4.769,5.924,5.022,2.653,2.51,2.653,2.344,1.059,0.0,0.0,0.0,0.0,0.0,CD4 naive T
TAGAGTATAACAACTC-1_D19,D19,F,56,SLE,C,10x 3' v3,cryopreserved biobank sample,total PBMC,6548,2459,8.2,3.451,2.582,0.927,1.4,0.927,0.0,2.319,0.0,0.0,1.961,0.0,0.0,0.0,0.0,0.0,0.0,0.0,0.927,0.0,0.0,0.927,0.0,0.927,0.0,0.0,0.0,0.0,5.288,4.723,5.764,3.037,1.4,1.719,1.719,0.927,0.0,0.0,0.0,0.0,0.0,CD4 memory T
TGTGCTGCAGAGTTCG-1_D19,D19,F,56,SLE,C,10x 3' v3,cryopreserved biobank sample,total PBMC,2752,1226,3.08,0.0,0.0,0.0,0.0,1.533,0.0,0.0,0.0,0.0,0.0,0.0,0.0,0.0,0.0,0.0,0.0,0.0,1.533,3.517,3.275,0.0,1.533,0.0,0.0,0.0,0.0,0.0,3.949,5.284,5.815,3.798,1.533,3.517,2.112,1.533,0.0,0.0,1.533,0.0,0.0,B
TCTCAAGCTGGTAGCT-1_D19,D19,F,56,SLE,C,10x 3' v3,cryopreserved biobank sample,total PBMC,6962,2421,10.05,0.0,0.0,0.891,0.0,0.0,0.0,3.647,0.0,0.0,0.0,0.0,0.0,0.0,0.0,0.0,0.0,0.891,0.0,0.0,3.116,2.403,4.753,4.592,5.243,2.264,2.102,4.043,4.836,5.57,4.451,2.264,0.891,1.669,3.177,1.354,0.0,1.909,2.264,0.0,0.0,CD14 monocyte
TCTTAGTGATATATGT-1_D19,D19,F,56,SLE,C,10x 3' v3,cryopreserved biobank sample,total PBMC,2304,1183,7.13,2.641,2.27,1.675,2.641,0.0,1.675,0.0,0.0,0.0,0.0,0.0,0.0,0.0,0.0,0.0,0.0,0.0,0.0,0.0,0.0,0.0,0.0,0.0,1.675,0.0,0.0,0.0,5.424,5.257,5.865,2.27,1.675,2.27,1.675,1.675,0.0,0.0,0.0,0.0,0.0,CD4 naive T
TGCGAAGGAACATAAT-1_D19,D19,F,56,SLE,C,10x 3' v3,cryopreserved biobank sample,total PBMC,4207,1981,5.58,2.725,2.096,1.75,1.217,1.217,1.75,2.725,0.0,0.0,0.0,0.0,1.217,0.0,0.0,0.0,0.0,0.0,0.0,1.217,0.0,0.0,1.217,0.0,0.0,0.0,0.0,0.0,4.515,5.606,5.825,1.75,2.556,0.0,0.0,2.725,0.0,1.217,1.75,0.0,0.0,CD4 naive T
AAGGTGTGGGCCAGCA-1_D19,D19,F,56,SLE,C,10x 3' v3,cryopreserved biobank sample,total PBMC,6632,2461,5.72,0.0,0.0,0.0,0.0,1.95,0.0,3.439,0.0,0.0,0.0,0.0,0.0,0.0,0.0,0.0,0.0,0.0,0.0,0.0,2.949,2.307,4.972,4.336,5.268,3.337,2.145,2.867,5.002,5.126,4.21,3.834,0.919,3.486,2.57,1.95,0.0,2.145,1.39,0.0,0.0,CD14 monocyte
GGGGACGCGAACTCCC-1_D19,D19,F,56,SLE,C,10x 3' v3,cryopreserved biobank sample,total PBMC,8175,2702,4.14,0.0,0.0,0.0,0.0,0.0,0.0,3.886,0.0,0.0,0.799,0.0,0.0,0.0,0.0,0.0,0.0,1.237,0.0,0.799,3.597,2.827,5.857,4.953,6.244,3.284,1.774,3.237,5.557,6.253,5.944,3.237,2.378,2.378,2.378,1.962,0.0,1.237,0.799,0.0,0.0,CD14 monocyte
GCTCGTCGAAGACTAT-1_D19,D19,F,56,SLE,C,10x 3' v3,cryopreserved biobank sample,total PBMC,5478,1927,2.94,3.346,2.623,2.481,1.868,1.537,1.039,2.481,0.0,0.0,1.039,0.0,0.0,0.0,0.0,0.0,0.0,0.0,0.0,0.0,0.0,0.0,1.537,0.0,0.0,0.0,0.0,0.0,4.689,5.547,5.582,2.315,2.481,1.039,1.039,1.039,0.0,1.537,0.0,0.0,0.0,CD4 naive T
TGTTGACGTTGTTGGA-1_D19,D19,F,56,SLE,C,10x 3' v3,cryopreserved biobank sample,total PBMC,8031,2943,5.55,0.0,0.0,0.0,0.0,0.0,0.0,3.544,0.0,0.0,0.809,0.0,0.809,0.0,0.0,0.0,0.0,0.0,0.0,0.0,3.099,2.137,4.573,5.394,5.517,3.041,0.809,2.979,4.694,4.954,5.159,3.47,2.137,2.688,2.688,2.274,0.0,1.978,2.137,0.0,0.0,CD14 monocyte
TCAAGTGGGATACAGC-1_D19,D19,F,56,SLE,C,10x 3' v3,cryopreserved biobank sample,total PBMC,4900,2145,5.35,1.626,1.112,1.626,1.112,1.112,1.963,2.215,0.0,0.0,1.112,0.0,0.0,0.0,0.0,0.0,0.0,0.0,0.0,0.0,0.0,0.0,0.0,1.626,1.626,0.0,1.112,0.0,3.453,5.792,5.592,1.963,2.727,2.584,2.584,0.0,0.0,0.0,0.0,0.0,0.0,CD4 naive T
TACCGAACCATGCGGC-1_D19,D19,F,56,SLE,C,10x 3' v3,cryopreserved biobank sample,total PBMC,6431,2266,13.1,0.0,0.0,0.0,0.0,0.0,0.0,2.172,0.0,0.0,0.0,0.0,0.0,0.0,0.0,0.0,0.0,3.796,0.0,0.0,3.724,0.0,3.561,3.367,3.516,1.734,2.598,3.927,3.192,5.436,4.819,3.367,1.413,1.413,2.896,1.734,0.0,0.938,1.413,0.0,0.0,CD16 monocyte
GTTGATGACGGTATAC-1_D19,D19,F,56,SLE,C,10x 3' v3,cryopreserved biobank sample,total PBMC,4905,1954,6.32,3.314,2.214,1.625,2.583,0.0,1.625,2.415,0.0,0.0,0.0,0.0,0.0,0.0,0.0,0.0,1.111,0.0,0.0,0.0,0.0,0.0,0.0,0.0,0.0,0.0,0.0,0.0,3.825,5.529,4.485,1.625,1.625,2.726,0.0,0.0,0.0,1.625,0.0,0.0,0.0,CD4 naive T
GGATAGCTTATGTGAA-1_D19,D19,F,56,SLE,C,10x 3' v3,cryopreserved biobank sample,total PBMC,6202,2219,5.27,2.841,2.742,0.96,1.764,0.96,0.0,2.008,0.0,0.0,2.204,0.96,0.96,0.0,0.0,0.0,0.0,0.0,0.0,0.0,1.441,0.0,0.96,0.96,0.96,0.0,0.0,0.0,4.022,5.961,6.048,2.204,1.764,2.368,2.509,0.0,0.0,1.441,0.96,0.0,0.0,CD4 memory T
CGCGCACCGGGTAGAC-1_D19,D19,F,56,SLE,C,10x 3' v3,cryopreserved biobank sample,total PBMC,9227,3195,6.82,2.269,2.269,0.0,0.0,1.674,0.734,3.716,2.015,1.447,1.447,2.471,2.269,0.734,1.674,2.15,1.153,0.0,0.0,0.0,0.0,0.0,0.0,1.447,1.153,0.0,0.0,0.734,4.299,5.279,5.938,2.848,2.783,2.967,2.015,0.0,0.0,1.674,1.447,0.0,0.0,CD8 T
CAATTAACCTTAAGTT-1_D19,D19,F,56,SLE,C,10x 3' v3,cryopreserved biobank sample,total PBMC,11684,3730,6.42,0.0,0.0,0.0,0.0,0.0,0.618,3.315,0.0,0.0,0.0,0.0,0.0,0.0,0.0,0.0,0.0,0.0,0.0,0.998,4.203,2.164,5.656,4.19,5.305,2.987,0.998,2.897,5.118,6.01,4.895,3.433,1.945,3.78,2.257,2.164,0.0,1.272,1.272,0.0,0.0,CD14 monocyte
TGGCAGTAGAAACATC-1_D19,D19,F,56,SLE,C,10x 3' v3,cryopreserved biobank sample,total PBMC,3974,1702,5.55,3.163,0.0,0.0,1.257,1.257,1.257,2.146,1.797,0.0,0.0,2.609,1.797,0.0,0.0,0.0,0.0,0.0,0.0,0.0,0.0,0.0,0.0,1.257,0.0,0.0,0.0,0.0,4.544,5.793,4.76,2.779,1.797,2.146,2.609,1.797,0.0,0.0,1.257,0.0,0.0,CD8 T
AGGAAATCATCTCGAC-1_D19,D19,F,56,SLE,C,10x 3' v3,cryopreserved biobank sample,total PBMC,3163,1330,4.12,2.994,2.35,0.0,0.0,1.991,0.0,0.0,1.991,0.0,2.822,2.35,2.613,1.991,0.0,0.0,0.0,1.426,0.0,0.0,0.0,0.0,0.0,0.0,0.0,0.0,0.0,1.426,4.529,5.432,5.769,1.426,1.991,2.822,1.991,1.426,0.0,1.426,0.0,0.0,0.0,CD8 T
CTCGGTGTCGTCTCTG-1_D19,D19,F,56,SLE,C,10x 3' v3,cryopreserved biobank sample,total PBMC,7085,2338,9.7,0.0,0.0,0.0,0.0,1.341,0.0,3.51,0.0,0.0,0.0,0.0,0.0,0.0,0.0,0.0,0.0,0.88,0.0,0.0,3.769,1.894,4.589,5.146,4.947,2.716,0.88,4.001,3.161,4.807,4.309,2.387,1.655,2.887,0.0,1.341,0.0,2.087,0.88,0.0,0.0,CD14 monocyte
GTGGCCCTGTCCCCTA-1_D19,D19,F,56,SLE,C,10x 3' v3,cryopreserved biobank sample,total PBMC,3988,1522,8.71,2.401,1.794,2.143,1.794,0.0,0.0,1.255,0.0,0.0,1.255,0.0,0.0,0.0,0.0,0.0,0.0,0.0,0.0,1.255,0.0,0.0,0.0,0.0,0.0,0.0,0.0,0.0,4.757,5.229,5.215,2.401,2.401,3.047,1.794,0.0,0.0,1.794,1.255,0.0,0.0,CD4 memory T
TATCCGATGTGTAATA-1_D19,D19,F,56,SLE,C,10x 3' v3,cryopreserved biobank sample,total PBMC,8853,3190,7.12,0.0,0.0,0.0,0.756,1.181,0.756,1.479,0.0,0.0,0.0,0.0,0.0,0.756,0.0,0.0,0.0,0.0,2.187,3.674,2.678,0.0,0.756,0.0,0.756,0.0,0.0,0.0,4.716,5.93,5.705,1.894,1.708,2.306,0.756,2.051,0.0,1.479,0.756,0.0,0.0,B
GCGTTAGGACTGACCC-1_D19,D19,F,56,SLE,C,10x 3' v3,cryopreserved biobank sample,total PBMC,4272,1882,8.26,0.0,0.0,0.0,0.0,0.0,0.0,3.195,1.206,0.0,0.0,1.206,0.0,0.0,0.0,0.0,0.0,2.338,0.0,0.0,4.086,1.206,4.004,4.046,4.086,2.856,1.737,2.082,4.968,5.537,4.866,3.448,2.856,2.082,2.338,2.542,0.0,1.737,2.082,0.0,0.0,CD14 monocyte
TCATCTTCGAAAGGGA-1_D19,D19,F,56,SLE,C,10x 3' v3,cryopreserved biobank sample,total PBMC,6161,2542,4.95,3.408,1.77,1.446,0.964,0.964,2.014,2.21,0.0,0.0,0.0,0.0,0.0,0.0,0.0,0.0,0.0,0.0,0.0,0.0,0.0,0.0,1.446,0.0,0.0,0.0,0.0,0.0,4.085,5.588,4.783,2.515,0.0,2.014,2.014,0.964,0.0,0.964,0.964,0.0,0.0,CD4 naive T
ACGCGCGGAGACGGAT-1_D19,D19,F,56,SLE,C,10x 3' v3,cryopreserved biobank sample,total PBMC,7550,2868,6.05,2.902,2.329,1.294,2.031,2.191,1.294,2.559,2.656,2.191,0.844,0.844,0.844,1.604,0.844,0.0,0.0,0.0,0.0,0.0,0.0,0.844,0.844,0.0,0.844,0.0,0.844,0.0,5.015,5.553,5.31,3.314,1.604,2.656,2.745,1.294,0.0,1.604,0.844,0.0,0.0,CD8 T
ATGGCAGCGCTCCGCA-1_D19,D19,F,56,SLE,C,10x 3' v3,cryopreserved biobank sample,total PBMC,7459,3088,8.32,0.0,0.85,0.0,0.85,0.85,0.0,3.418,0.0,0.0,0.0,3.325,4.366,5.226,3.719,2.202,0.0,3.616,0.0,0.0,0.0,0.0,0.0,1.614,0.0,0.0,0.0,0.0,4.277,6.875,5.518,1.303,1.303,1.303,0.85,1.614,0.0,0.0,1.614,0.0,0.0,NK
GCTTTGCACAACGACT-1_D19,D19,F,56,SLE,C,10x 3' v3,cryopreserved biobank sample,total PBMC,3939,1585,6.72,2.154,2.154,0.0,2.154,1.805,0.0,1.264,0.0,0.0,0.0,0.0,1.264,0.0,0.0,0.0,0.0,0.0,0.0,0.0,0.0,0.0,1.264,0.0,0.0,0.0,0.0,0.0,4.205,5.81,4.909,3.172,3.172,1.805,2.617,2.154,0.0,1.805,1.264,0.0,0.0,CD4 naive T
GAAAACGACACAAACC-1_D19,D19,F,56,SLE,C,10x 3' v3,cryopreserved biobank sample,total PBMC,6919,2828,10.07,2.64,2.269,0.0,0.894,1.359,0.0,1.914,0.0,1.914,1.674,2.64,2.107,0.894,0.0,1.359,0.0,0.894,0.0,0.0,0.0,0.0,0.894,0.894,0.894,0.0,0.0,0.0,5.075,5.161,5.093,2.107,2.64,3.445,1.359,1.914,0.0,1.359,0.894,0.0,0.0,CD8 T
CTTAGTATTAGAAGTC-1_D19,D19,F,56,SLE,C,10x 3' v3,cryopreserved biobank sample,total PBMC,5040,2193,8.8,2.558,1.939,1.093,0.0,1.093,0.0,2.701,1.603,2.19,0.0,0.0,1.603,3.128,1.093,3.128,1.093,1.093,0.0,0.0,0.0,0.0,0.0,0.0,1.093,1.093,0.0,0.0,4.103,6.217,5.381,2.391,1.093,1.093,1.093,0.0,0.0,1.093,0.0,0.0,0.0,CD8 T
GCTAATCATGCCCCCG-1_D19,D19,F,56,SLE,C,10x 3' v3,cryopreserved biobank sample,total PBMC,4391,1825,7.33,2.685,2.058,2.313,0.0,1.187,2.517,2.058,0.0,0.0,0.0,0.0,0.0,0.0,0.0,0.0,0.0,0.0,0.0,0.0,0.0,0.0,0.0,0.0,0.0,0.0,0.0,1.187,4.472,6.419,5.034,2.956,0.0,2.313,1.187,0.0,0.0,0.0,1.187,0.0,0.0,CD4 naive T
TTCTTATTCATCTCAA-1_D19,D19,F,56,SLE,C,10x 3' v3,cryopreserved biobank sample,total PBMC,8133,2956,6.75,0.0,0.0,0.0,0.0,1.241,0.0,1.967,0.0,0.0,0.0,0.0,0.0,0.0,0.0,0.0,0.0,0.0,2.49,2.832,1.241,0.0,0.0,0.802,0.0,0.0,0.0,0.0,5.311,5.494,5.118,1.241,1.241,2.49,2.676,0.802,0.0,1.241,2.262,0.0,0.0,B
AAAAGTGAAAGGGTTA-1_D19,D19,F,56,SLE,C,10x 3' v3,cryopreserved biobank sample,total PBMC,8477,2757,8.19,0.779,0.0,0.0,0.0,0.779,0.0,3.455,0.0,0.0,0.0,0.0,0.0,0.0,0.0,0.0,0.0,0.779,0.0,0.0,4.094,2.225,4.891,4.306,5.645,3.561,1.212,3.899,4.368,5.054,4.864,2.718,1.744,1.931,1.513,2.345,0.0,1.931,0.779,0.0,0.0,CD14 monocyte
AGCTAACGAGCCAACA-1_D19,D19,F,56,SLE,C,10x 3' v3,cryopreserved biobank sample,total PBMC,3429,1495,7.33,3.192,1.922,2.539,2.539,2.277,0.0,2.539,0.0,0.0,0.0,0.0,1.365,0.0,0.0,0.0,0.0,0.0,1.365,0.0,0.0,0.0,0.0,0.0,1.365,0.0,0.0,0.0,4.515,6.036,5.047,1.922,1.922,2.277,1.365,0.0,0.0,0.0,0.0,0.0,0.0,CD4 memory T
TTGGCGCGACCGACCC-1_D19,D19,F,56,SLE,C,10x 3' v3,cryopreserved biobank sample,total PBMC,7445,2857,14.65,0.0,0.0,0.0,0.0,0.0,0.851,2.669,0.0,0.0,0.0,0.0,0.0,0.0,0.0,0.0,0.0,3.653,0.0,0.0,2.84,0.851,4.161,2.669,3.543,2.463,3.278,3.278,4.161,5.758,4.609,2.043,2.916,1.852,3.051,1.615,0.0,2.043,1.305,0.0,0.0,CD16 monocyte
GTGCTCACCGCGATCT-1_D19,D19,F,56,SLE,C,10x 3' v3,cryopreserved biobank sample,total PBMC,3836,1751,3.84,2.641,2.957,0.0,0.0,0.0,0.0,3.39,1.283,1.827,1.283,1.283,2.957,0.0,1.827,2.177,0.0,0.0,0.0,0.0,0.0,0.0,0.0,0.0,0.0,0.0,0.0,0.0,4.837,5.635,5.345,2.177,3.084,1.827,2.812,0.0,0.0,0.0,0.0,0.0,0.0,CD8 T
AGCACGGGATGCATTA-1_D19,D19,F,56,SLE,C,10x 3' v3,cryopreserved biobank sample,total PBMC,5747,2129,7.69,2.437,1.008,2.074,2.074,0.0,0.0,2.579,0.0,0.0,0.0,1.008,0.0,0.0,0.0,0.0,0.0,0.0,0.0,0.0,0.0,0.0,0.0,1.008,1.008,0.0,0.0,0.0,5.155,4.037,4.153,3.003,2.437,2.074,2.272,1.008,0.0,1.008,0.0,0.0,0.0,CD4 naive T
GTACGTCACACGGTTA-1_D19,D19,F,56,SLE,C,10x 3' v3,cryopreserved biobank sample,total PBMC,3422,1495,6.11,2.541,1.367,1.923,1.923,0.0,0.0,3.194,0.0,0.0,1.367,0.0,0.0,0.0,0.0,0.0,0.0,0.0,0.0,0.0,0.0,0.0,0.0,0.0,0.0,0.0,0.0,0.0,3.735,5.576,4.133,2.919,0.0,0.0,2.541,1.923,0.0,0.0,1.923,0.0,0.0,CD4 memory T
GGGTGGGTGACTGAAC-1_D19,D19,F,56,SLE,C,10x 3' v3,cryopreserved biobank sample,total PBMC,3380,1443,4.08,3.206,1.934,2.29,2.552,0.0,0.0,2.552,0.0,0.0,0.0,0.0,0.0,0.0,0.0,0.0,0.0,0.0,0.0,0.0,0.0,0.0,1.376,1.376,0.0,0.0,0.0,0.0,4.621,5.797,4.782,0.0,1.934,2.552,1.934,2.29,0.0,2.29,0.0,0.0,0.0,CD4 naive T
TTAACCCAATCCGGAA-1_D19,D19,F,56,SLE,C,10x 3' v3,cryopreserved biobank sample,total PBMC,3581,1440,4.35,3.365,2.238,1.885,0.0,0.0,0.0,2.705,1.333,0.0,1.885,1.333,0.0,0.0,0.0,0.0,0.0,0.0,0.0,0.0,0.0,0.0,0.0,0.0,0.0,0.0,0.0,0.0,4.7,5.766,5.703,1.885,0.0,1.885,0.0,1.333,0.0,1.333,2.238,0.0,0.0,CD4 memory T
TTAACATCGTGTGCTC-1_D19,D19,F,56,SLE,C,10x 3' v3,cryopreserved biobank sample,total PBMC,5209,1939,5.72,3.18,1.071,0.0,0.0,0.0,0.0,3.006,2.161,0.0,1.911,3.096,2.67,1.911,2.527,2.67,0.0,1.071,0.0,0.0,1.071,0.0,1.071,1.911,0.0,0.0,0.0,0.0,3.394,5.864,4.95,1.071,2.361,2.67,1.577,1.911,0.0,1.911,0.0,0.0,0.0,CD8 T
CTGTCGTTACCCTGTA-1_D19,D19,F,56,SLE,C,10x 3' v3,cryopreserved biobank sample,total PBMC,4946,1813,4.03,0.0,0.0,0.0,0.0,0.0,1.106,2.575,0.0,0.0,0.0,0.0,0.0,0.0,0.0,0.0,0.0,0.0,1.106,0.0,3.621,2.718,5.677,5.22,6.263,3.902,1.618,3.772,4.121,3.861,5.294,2.575,1.618,1.618,1.618,1.955,0.0,1.106,2.207,0.0,0.0,CD14 monocyte
ACCCCATTCAAGATGC-1_D19,D19,F,56,SLE,C,10x 3' v3,cryopreserved biobank sample,total PBMC,6306,2363,5.71,0.95,2.189,1.428,2.353,1.428,0.95,0.0,0.95,0.0,0.0,0.0,0.0,0.0,0.0,0.0,0.0,0.0,0.0,0.0,0.0,0.0,0.0,0.0,0.95,0.0,0.0,0.0,3.665,5.88,5.286,0.95,1.75,2.493,2.353,0.0,0.0,0.0,1.428,0.0,0.0,CD4 naive T
GTGAAGGTTTAACATG-1_D19,D19,F,56,SLE,C,10x 3' v3,cryopreserved biobank sample,total PBMC,16349,4765,9.8,0.0,0.477,0.0,0.0,0.0,0.0,3.053,0.0,0.0,0.0,0.477,0.0,0.0,0.0,0.0,0.0,0.0,0.0,0.0,2.583,0.799,4.49,4.149,5.068,2.671,1.774,3.63,4.654,5.782,4.575,3.834,1.962,3.911,1.774,1.962,0.0,0.477,1.042,0.0,0.0,CD14 monocyte
TCCATGAATATGCGTG-1_D19,D19,F,56,SLE,C,10x 3' v3,cryopreserved biobank sample,total PBMC,12256,3871,7.65,0.0,0.0,0.0,0.0,1.774,0.597,3.54,0.0,0.0,0.0,0.0,0.0,0.0,0.0,0.0,0.0,0.597,0.0,0.0,2.852,2.215,4.321,5.737,6.008,3.733,1.45,4.09,3.911,5.37,4.499,2.699,2.3,2.699,2.452,1.45,0.0,0.597,0.597,0.0,0.0,CD14 monocyte
TTGTGCACTAGGTAAA-1_D19,D19,F,56,SLE,C,10x 3' v3,cryopreserved biobank sample,total PBMC,13801,3969,6.02,0.545,0.0,0.545,0.0,0.545,0.0,3.299,0.0,0.545,0.0,0.0,0.0,0.0,0.0,0.0,0.545,0.0,0.0,0.0,3.987,2.272,4.426,4.46,5.406,2.11,2.018,3.946,5.606,5.919,5.152,2.642,2.018,2.589,2.11,1.361,0.0,0.896,0.545,0.0,0.0,CD14 monocyte
AGTCTTACTTATACTA-1_D19,D19,F,56,SLE,C,10x 3' v3,cryopreserved biobank sample,total PBMC,10799,3818,7.62,0.655,0.0,0.0,0.0,0.0,0.0,3.184,0.0,0.0,0.0,0.0,0.0,0.0,0.0,0.0,0.655,1.329,0.0,0.0,2.328,1.88,5.232,5.212,4.967,2.568,0.655,4.002,5.357,5.752,4.215,3.709,2.636,2.872,2.013,2.234,0.0,1.728,1.329,0.0,0.0,CD14 monocyte
TCAACATTGGATCACG-1_D19,D19,F,56,SLE,C,10x 3' v3,cryopreserved biobank sample,total PBMC,3957,1641,7.17,0.0,0.0,0.0,0.0,0.0,0.0,0.0,0.0,0.0,0.0,0.0,0.0,0.0,0.0,0.0,0.0,0.0,3.055,1.26,3.839,0.0,1.26,0.0,0.0,0.0,0.0,0.0,3.522,5.195,5.181,2.15,0.0,2.613,0.0,0.0,0.0,1.26,0.0,0.0,0.0,B
GTAAGCTACACATTTT-1_D19,D19,F,56,SLE,C,10x 3' v3,cryopreserved biobank sample,total PBMC,5196,2058,6.22,3.259,1.073,2.363,2.797,1.579,0.0,1.073,0.0,0.0,0.0,0.0,0.0,0.0,0.0,0.0,0.0,0.0,0.0,0.0,1.073,1.073,0.0,0.0,0.0,0.0,0.0,0.0,3.933,6.194,6.073,2.529,1.579,3.573,2.163,1.073,0.0,1.073,0.0,1.073,0.0,CD4 naive T
AAAAGATCTAAAGAAG-1_D19,D19,F,56,SLE,C,10x 3' v3,cryopreserved biobank sample,total PBMC,6366,2461,8.72,0.0,0.944,0.0,0.0,0.0,0.0,2.816,0.0,0.0,0.0,2.485,4.131,5.211,2.344,2.717,1.986,1.986,0.0,0.0,0.0,0.0,1.421,0.944,0.944,0.0,0.0,0.944,3.656,4.396,4.452,2.816,2.181,2.988,2.988,1.421,0.0,2.344,0.944,0.0,0.0,NK
CGACCGGGCGCAGATC-1_D19,D19,F,56,SLE,C,10x 3' v3,cryopreserved biobank sample,total PBMC,3086,1541,6.27,2.636,2.372,2.012,1.445,2.012,0.0,2.012,0.0,0.0,0.0,0.0,0.0,0.0,0.0,0.0,0.0,0.0,0.0,0.0,0.0,0.0,0.0,1.445,0.0,0.0,0.0,0.0,4.74,6.046,5.414,2.012,3.165,3.407,3.165,2.012,0.0,1.445,0.0,0.0,0.0,CD4 naive T
TGGGTACGCGGGACCA-1_D19,D19,F,56,SLE,C,10x 3' v3,cryopreserved biobank sample,total PBMC,5497,2236,9.95,3.128,1.534,1.865,0.0,0.0,2.113,2.478,0.0,0.0,0.0,0.0,0.0,1.036,0.0,0.0,0.0,0.0,0.0,0.0,0.0,0.0,0.0,0.0,0.0,0.0,0.0,0.0,4.349,5.229,5.276,2.478,0.0,1.036,2.744,1.865,0.0,0.0,1.865,0.0,0.0,CD4 naive T
TAAGTGATGGTTTCTC-1_D19,D19,F,56,SLE,C,10x 3' v3,cryopreserved biobank sample,total PBMC,4124,1603,7.35,1.231,1.766,2.37,2.37,0.0,0.0,0.0,0.0,0.0,1.231,0.0,0.0,0.0,0.0,0.0,0.0,0.0,0.0,0.0,0.0,0.0,0.0,0.0,0.0,0.0,0.0,0.0,4.121,6.321,6.401,1.766,2.889,1.766,1.231,1.231,0.0,1.231,0.0,0.0,0.0,CD4 naive T
ACGTCCGTCCAGCTTC-1_D19,D19,F,56,SLE,C,10x 3' v3,cryopreserved biobank sample,total PBMC,7873,2731,5.63,0.0,0.0,0.0,0.82,0.0,0.0,2.933,0.0,0.0,0.0,0.0,0.0,0.0,0.0,0.0,0.0,0.0,0.0,0.0,3.118,2.618,5.975,5.654,6.007,4.106,1.264,2.933,4.852,6.001,3.897,3.365,2.292,2.412,2.292,1.264,0.0,1.805,1.805,0.0,0.0,CD14 monocyte
TCTTGTCAACCATTGA-1_D19,D19,F,56,SLE,C,10x 3' v3,cryopreserved biobank sample,total PBMC,4990,2045,7.13,3.809,2.567,3.298,1.1,0.0,0.0,3.221,0.0,0.0,2.199,0.0,1.1,1.1,0.0,0.0,1.611,0.0,0.0,0.0,0.0,0.0,0.0,0.0,0.0,0.0,0.0,0.0,4.513,4.922,5.81,3.369,0.0,1.948,0.0,1.948,0.0,2.199,1.948,0.0,0.0,CD4 naive T
GCGAAATGATTTACGT-1_D19,D19,F,56,SLE,C,10x 3' v3,cryopreserved biobank sample,total PBMC,9806,3561,8.89,0.0,0.0,0.0,0.0,0.703,0.0,4.08,0.0,0.0,0.0,0.0,0.0,0.0,0.0,0.0,0.0,0.0,0.0,0.0,3.351,2.097,5.287,5.037,6.27,3.351,1.625,3.757,5.207,5.445,4.711,4.008,1.808,3.708,2.852,1.401,0.0,1.112,2.215,0.0,0.0,CD14 monocyte
CATCATTACGAATAAA-1_D19,D19,F,56,SLE,C,10x 3' v3,cryopreserved biobank sample,total PBMC,9626,3182,6.25,0.0,0.0,0.0,0.0,1.124,0.0,3.215,0.0,0.0,0.0,0.0,0.0,0.0,0.0,0.0,0.0,0.0,0.0,0.0,3.438,3.127,5.191,5.214,5.088,2.52,0.0,3.404,4.081,5.028,4.663,2.231,2.433,3.404,1.824,2.113,0.0,2.337,1.824,0.0,0.0,CD14 monocyte
CCCAGGCCTGTTGGGG-1_D19,D19,F,56,SLE,C,10x 3' v3,cryopreserved biobank sample,total PBMC,7775,2419,9.26,0.0,0.0,0.0,0.0,1.273,0.0,2.629,0.0,0.0,0.0,0.0,0.0,0.0,0.0,0.0,1.273,0.0,0.0,0.0,3.01,3.333,5.206,5.332,6.431,3.71,0.0,2.424,4.438,3.883,5.02,3.01,2.165,3.072,2.006,0.827,0.0,1.273,1.581,0.0,0.0,CD16 monocyte
GAGTCAAGAAGGTCGT-1_D19,D19,F,56,SLE,C,10x 3' v3,cryopreserved biobank sample,total PBMC,5017,2036,5.19,3.041,2.194,2.194,1.096,1.096,0.0,3.041,0.0,0.0,1.096,0.0,0.0,0.0,0.0,0.0,0.0,0.0,0.0,1.096,0.0,0.0,0.0,0.0,1.607,0.0,0.0,0.0,3.66,4.902,5.04,2.83,1.943,2.941,1.943,0.0,0.0,1.096,1.096,0.0,0.0,CD4 memory T
CTACAGTAGTGTGCGC-1_D19,D19,F,56,SLE,C,10x 3' v3,cryopreserved biobank sample,total PBMC,5693,2033,8.81,3.095,2.083,2.446,2.587,0.0,1.836,2.281,0.0,0.0,0.0,0.0,0.0,0.0,0.0,0.0,0.0,0.0,0.0,0.0,0.0,0.0,1.014,1.014,0.0,0.0,0.0,1.014,3.983,5.287,4.446,2.711,0.0,1.836,1.836,1.014,0.0,1.014,1.014,0.0,0.0,CD4 naive T
TCAGGTCCGCGCAAGG-1_D19,D19,F,56,SLE,C,10x 3' v3,cryopreserved biobank sample,total PBMC,3377,1534,3.39,3.079,1.935,1.935,1.935,0.0,0.0,2.291,1.377,0.0,1.377,0.0,0.0,0.0,1.377,0.0,0.0,0.0,0.0,0.0,0.0,0.0,0.0,0.0,0.0,1.377,0.0,0.0,4.318,6.051,5.925,2.291,0.0,0.0,1.935,0.0,0.0,2.291,0.0,0.0,0.0,CD4 memory T
GTTCGCCTTGCCCCCC-1_D19,D19,F,56,SLE,C,10x 3' v3,cryopreserved biobank sample,total PBMC,5350,2110,4.15,2.137,1.888,0.0,1.054,0.0,1.054,2.337,0.0,0.0,1.556,0.0,0.0,0.0,0.0,0.0,1.054,0.0,0.0,0.0,0.0,0.0,0.0,0.0,0.0,0.0,0.0,0.0,4.466,5.426,5.466,2.337,1.888,1.054,1.888,0.0,0.0,1.054,1.054,0.0,0.0,CD4 naive T
AAGCTGCCGTTGGAGG-1_D19,D19,F,56,SLE,C,10x 3' v3,cryopreserved biobank sample,total PBMC,3841,1600,6.27,2.176,1.282,0.0,1.282,0.0,0.0,2.435,0.0,1.826,1.282,0.0,0.0,0.0,0.0,0.0,0.0,1.282,0.0,0.0,0.0,0.0,0.0,0.0,0.0,0.0,0.0,0.0,3.753,4.337,5.546,2.176,0.0,1.826,1.826,1.282,0.0,1.282,1.282,0.0,0.0,CD4 memory T
GGTTTAACGGGGACCA-1_D19,D19,F,56,SLE,C,10x 3' v3,cryopreserved biobank sample,total PBMC,3904,1730,10.62,1.812,1.27,0.0,0.0,1.27,0.0,3.458,1.812,1.27,1.27,4.049,2.162,2.162,1.812,1.27,1.27,0.0,0.0,0.0,0.0,0.0,0.0,2.162,0.0,0.0,0.0,0.0,4.478,5.645,5.878,3.373,2.42,3.281,3.068,2.162,0.0,0.0,1.812,0.0,0.0,CD8 T
ACTGGGATGGCCATGG-1_D19,D19,F,56,SLE,C,10x 3' v3,cryopreserved biobank sample,total PBMC,5485,2174,8.02,0.0,1.867,0.0,1.867,1.536,1.536,1.038,0.0,0.0,0.0,0.0,0.0,0.0,0.0,0.0,0.0,0.0,0.0,0.0,1.536,0.0,0.0,1.038,1.038,0.0,0.0,0.0,4.843,6.16,5.921,1.536,2.115,2.314,2.115,2.115,0.0,1.536,1.038,0.0,0.0,CD4 naive T
AGGCTACGACTAGATT-1_D19,D19,F,56,SLE,C,10x 3' v3,cryopreserved biobank sample,total PBMC,7176,2762,9.92,2.075,1.883,1.332,0.0,0.0,0.0,2.875,1.332,1.645,1.883,2.497,3.021,1.332,0.873,1.332,0.873,0.0,0.0,0.0,0.0,0.0,0.873,1.332,0.0,0.0,0.0,0.0,4.983,5.436,5.84,2.237,1.332,1.645,1.332,1.645,0.0,1.332,1.332,0.0,0.0,CD8 T
AGATACATTGTCGGTC-1_D19,D19,F,56,SLE,C,10x 3' v3,cryopreserved biobank sample,total PBMC,8355,3035,6.6,0.0,0.0,0.0,0.0,0.0,0.787,2.102,0.0,0.787,0.0,0.0,0.0,0.0,0.0,0.787,0.0,0.0,0.0,0.0,3.983,2.102,4.655,4.108,5.577,2.102,1.756,3.786,4.304,5.447,4.411,3.216,2.563,2.359,3.003,1.756,0.0,1.222,1.944,0.0,0.0,CD14 monocyte
TCAGATGGCGACTTAA-1_D19,D19,F,56,SLE,C,10x 3' v3,cryopreserved biobank sample,total PBMC,4853,1902,4.7,1.972,1.972,0.0,0.0,1.972,1.119,2.224,1.633,2.224,0.0,1.633,1.633,1.119,0.0,0.0,0.0,0.0,0.0,0.0,0.0,0.0,0.0,1.119,1.119,0.0,0.0,0.0,4.583,5.617,5.194,1.972,1.633,2.224,2.224,1.119,0.0,1.972,0.0,0.0,0.0,CD8 T
ACAGCTTAAACGCTGT-1_D19,D19,F,56,SLE,C,10x 3' v3,cryopreserved biobank sample,total PBMC,6330,2502,7.56,2.613,2.186,0.0,0.948,0.0,0.0,1.991,1.425,1.425,1.425,3.269,3.532,2.722,0.948,0.948,1.425,0.0,0.0,0.0,0.0,0.0,0.948,1.425,0.0,0.0,0.0,0.0,4.494,5.659,6.27,1.747,2.349,2.349,2.186,1.747,0.0,0.0,0.948,0.0,0.0,CD8 T
TACGGGACAGAAGGAG-1_D19,D19,F,56,SLE,C,10x 3' v3,cryopreserved biobank sample,total PBMC,7811,2519,10.5,0.0,0.0,0.0,0.824,0.824,0.0,2.299,0.0,0.0,0.0,0.0,0.0,0.0,0.0,0.0,0.0,0.0,0.0,0.0,3.457,3.067,5.841,5.549,3.232,3.737,0.824,4.114,4.026,5.376,5.503,2.42,1.27,3.125,2.42,1.577,0.0,1.577,1.27,0.0,0.0,CD14 monocyte
CTCGGTAGTCGCGGAG-1_D19,D19,F,56,SLE,C,10x 3' v3,cryopreserved biobank sample,total PBMC,2497,1142,5.2,3.893,2.198,0.0,2.566,0.0,0.0,0.0,0.0,0.0,0.0,0.0,0.0,0.0,0.0,0.0,0.0,0.0,0.0,0.0,0.0,0.0,0.0,0.0,0.0,0.0,0.0,0.0,4.112,5.005,5.868,3.046,0.0,1.61,0.0,1.61,0.0,0.0,0.0,0.0,0.0,CD4 naive T
GATTGGTTAGTAACCC-1_D19,D19,F,56,SLE,C,10x 3' v3,cryopreserved biobank sample,total PBMC,9317,3391,10.23,0.0,0.0,0.0,0.0,0.729,0.729,2.142,0.0,0.0,0.0,0.0,0.0,0.0,0.0,0.0,0.0,0.0,0.0,0.0,1.851,1.666,5.873,4.452,5.323,2.366,1.666,2.26,5.235,4.452,4.797,3.94,2.839,3.203,2.366,1.666,0.0,2.366,1.44,0.0,0.0,CD14 monocyte
TTTTCCACGACATTAT-1_D19,D19,F,56,SLE,C,10x 3' v3,cryopreserved biobank sample,total PBMC,4094,1777,4.88,3.022,1.236,0.0,1.772,0.0,0.0,2.896,1.772,1.236,1.236,3.489,1.772,2.377,0.0,3.236,1.772,1.236,0.0,0.0,1.236,0.0,0.0,0.0,0.0,0.0,0.0,0.0,3.628,5.482,5.906,0.0,2.896,2.377,3.022,2.12,0.0,0.0,0.0,0.0,0.0,CD8 T
TTCTGCTTGTTTAGCA-1_D19,D19,F,56,SLE,C,10x 3' v3,cryopreserved biobank sample,total PBMC,5044,2085,6.84,0.0,2.825,2.39,1.093,0.0,1.093,2.189,0.0,0.0,0.0,1.602,1.093,0.0,0.0,0.0,1.093,0.0,0.0,0.0,1.093,0.0,0.0,0.0,0.0,0.0,0.0,0.0,3.547,5.501,5.955,3.488,1.093,1.093,1.093,1.602,0.0,0.0,1.093,0.0,0.0,CD4 memory T
CAAAATATTCGCAGAC-1_D19,D19,F,56,SLE,C,10x 3' v3,cryopreserved biobank sample,total PBMC,8861,3400,4.48,3.755,0.0,0.755,1.181,1.478,0.755,2.508,2.186,2.508,0.0,2.508,1.893,2.05,0.0,0.0,0.755,0.0,0.0,0.0,0.0,0.0,0.0,0.755,0.0,0.0,0.0,0.0,4.01,5.63,5.613,2.508,2.596,2.412,1.181,2.05,0.0,1.181,0.755,0.0,0.0,CD8 T
CACAACATGGTCACTG-1_D19,D19,F,56,SLE,C,10x 3' v3,cryopreserved biobank sample,total PBMC,8704,3461,6.35,2.428,2.202,0.0,0.0,0.0,0.765,3.076,1.909,1.193,1.492,1.722,2.903,2.066,1.193,1.492,0.765,0.0,0.0,0.0,0.0,0.0,0.0,0.0,0.0,0.0,0.0,0.0,4.311,5.687,6.013,1.492,2.202,2.202,1.193,1.492,0.0,2.202,1.193,0.0,0.0,CD8 T
GATTCTCACTTGACAC-1_D19,D19,F,56,SLE,C,10x 3' v3,cryopreserved biobank sample,total PBMC,3266,1363,5.24,2.792,2.321,0.0,0.0,1.402,0.0,3.546,2.792,0.0,1.963,3.631,2.964,2.584,0.0,3.111,0.0,2.321,0.0,0.0,1.402,0.0,0.0,0.0,0.0,0.0,0.0,0.0,4.888,5.077,5.918,1.963,2.792,1.402,0.0,1.402,0.0,0.0,0.0,0.0,0.0,CD8 T
CCCGGCGACTTAATTC-1_D19,D19,F,56,SLE,C,10x 3' v3,cryopreserved biobank sample,total PBMC,9842,3296,4.57,0.0,0.0,0.0,1.109,0.701,0.0,2.848,0.0,0.0,0.0,0.701,0.0,0.0,0.0,0.0,0.0,1.109,0.0,0.0,3.571,0.701,5.046,4.601,4.385,2.412,1.622,4.093,4.689,4.447,4.641,0.701,2.093,3.449,1.398,0.701,0.0,1.109,1.805,0.0,0.0,CD14 monocyte
CATGAGTGGCGCGCCC-1_D19,D19,F,56,SLE,C,10x 3' v3,cryopreserved biobank sample,total PBMC,8308,2966,4.29,0.0,0.0,0.0,0.0,0.0,0.0,3.121,0.0,0.0,0.0,0.0,0.79,0.0,0.0,0.0,0.0,3.475,0.0,0.0,4.402,0.0,3.845,2.947,3.269,0.79,1.76,4.638,4.661,5.956,4.602,2.737,1.76,3.437,2.243,2.107,0.0,1.226,0.0,0.0,0.0,CD16 monocyte
TACCGTCAGTCCTTCT-1_D19,D19,F,56,SLE,C,10x 3' v3,cryopreserved biobank sample,total PBMC,8557,3194,7.85,0.0,0.0,0.0,0.0,0.0,0.0,3.144,0.0,0.0,0.774,0.0,0.0,0.0,0.0,0.0,0.0,0.0,0.0,0.0,1.923,2.919,6.154,4.085,6.025,3.735,1.205,2.98,4.548,5.125,4.458,2.98,1.736,2.629,2.081,1.205,0.0,2.337,0.0,0.0,0.0,CD14 monocyte
GGTCAACTCTCGTCTG-1_D19,D19,F,56,SLE,C,10x 3' v3,cryopreserved biobank sample,total PBMC,6956,2357,4.72,3.236,1.67,0.0,0.891,1.355,0.0,2.98,1.91,0.0,1.355,3.05,2.264,1.91,1.355,1.67,1.355,2.103,0.0,0.0,0.0,0.0,0.0,1.91,0.0,0.0,0.0,0.0,4.365,6.467,5.228,2.404,1.67,1.67,0.0,0.891,0.0,1.355,2.103,0.0,0.0,CD8 T
AGCCTTTTCCTAATTG-1_D19,D19,F,56,SLE,C,10x 3' v3,cryopreserved biobank sample,total PBMC,6421,2580,4.43,3.47,1.415,1.415,0.939,2.709,0.939,3.193,1.736,1.978,0.939,2.98,2.6,1.736,0.939,0.939,0.0,1.415,0.0,0.0,0.0,0.0,0.0,0.0,0.0,0.0,0.0,0.0,3.798,5.975,5.368,0.939,2.336,2.173,0.0,0.939,0.0,0.0,1.736,0.0,0.0,CD8 T
CGTACACAAAAGGGAC-1_D19,D19,F,56,SLE,C,10x 3' v3,cryopreserved biobank sample,total PBMC,7404,2685,7.05,3.231,2.764,0.0,0.0,0.855,0.855,2.991,1.309,1.309,0.855,3.468,2.347,2.577,0.855,1.309,1.309,0.855,0.0,0.855,0.0,0.0,0.0,0.855,1.309,0.0,0.0,0.0,4.679,5.458,5.111,1.62,2.469,2.469,2.469,1.309,0.0,1.309,0.0,0.0,0.0,CD8 T
TGATAGTCTCTGAATC-1_D19,D19,F,56,SLE,C,10x 3' v3,cryopreserved biobank sample,total PBMC,21228,7051,9.07,0.0,0.386,0.0,0.0,0.0,0.386,1.963,0.0,0.386,0.0,0.0,0.386,0.0,0.386,0.0,0.0,1.458,0.0,0.0,3.759,1.342,5.35,3.512,6.059,3.469,1.895,3.526,3.77,5.3,3.68,3.344,1.211,2.584,2.471,1.562,0.0,1.458,1.211,0.0,0.0,CD14 monocyte
CCGCAATCATTGCTGA-1_D19,D19,F,56,SLE,C,10x 3' v3,cryopreserved biobank sample,total PBMC,10773,3469,7.18,0.0,0.0,0.657,1.05,0.0,0.0,3.539,0.0,0.0,0.0,0.0,0.0,0.0,0.0,0.0,0.0,0.657,0.0,0.0,2.417,1.73,4.146,4.27,3.839,2.33,2.131,3.878,5.423,5.71,4.021,1.73,2.131,2.015,2.496,1.73,0.0,2.57,2.33,0.0,0.0,CD16 monocyte
TGTTTGATCCTAAAGT-1_D19,D19,F,56,SLE,C,10x 3' v3,cryopreserved biobank sample,total PBMC,7884,2911,5.77,0.0,0.0,0.0,0.0,0.819,0.819,3.488,0.0,0.0,0.0,0.0,0.0,0.0,0.0,0.0,0.819,1.263,0.0,0.0,3.058,2.411,5.451,5.104,5.39,3.787,1.263,4.04,5.28,4.497,3.407,3.562,2.862,3.87,1.57,1.804,0.0,1.804,1.804,0.0,0.0,CD14 monocyte
AACTTCGAGCTTGAGC-1_D19,D19,F,56,SLE,C,10x 3' v3,cryopreserved biobank sample,total PBMC,5123,2125,9.06,3.64,2.176,2.376,1.925,1.082,0.0,2.685,0.0,1.082,0.0,0.0,0.0,1.082,0.0,1.082,0.0,0.0,0.0,0.0,0.0,0.0,0.0,0.0,0.0,0.0,0.0,0.0,3.532,5.493,6.1,1.59,0.0,2.376,1.925,1.59,0.0,1.925,1.082,0.0,0.0,CD4 memory T
AGCCCATCATGTTACA-1_D19,D19,F,56,SLE,C,10x 3' v3,cryopreserved biobank sample,total PBMC,11664,3819,10.68,0.0,0.0,0.0,0.619,0.619,0.619,3.721,0.0,0.0,0.0,0.0,0.0,0.0,0.0,0.0,0.0,0.0,0.0,0.0,3.219,1.488,5.419,4.192,5.499,3.348,1.273,2.424,4.601,3.801,4.255,3.072,1.273,2.062,2.259,1.488,0.0,1.665,1.488,0.0,0.0,CD14 monocyte
CGCCTCTAGCCCGGCT-1_D19,D19,F,56,SLE,C,10x 3' v3,cryopreserved biobank sample,total PBMC,7810,2670,7.69,0.0,0.0,0.0,0.0,0.0,0.0,3.955,0.824,0.0,0.0,0.0,0.0,0.0,0.0,0.0,0.0,0.824,0.0,0.0,0.824,2.161,5.579,4.321,5.25,3.067,1.812,3.737,3.879,5.352,4.964,2.625,1.812,2.299,2.714,2.42,0.0,1.27,1.577,0.0,0.0,CD14 monocyte
CGACAAGCAGTTAGAT-1_D19,D19,F,56,SLE,C,10x 3' v3,cryopreserved biobank sample,total PBMC,3645,1609,5.62,3.348,0.0,1.87,1.32,0.0,0.0,1.32,0.0,0.0,0.0,0.0,0.0,0.0,0.0,0.0,0.0,0.0,0.0,0.0,0.0,0.0,0.0,0.0,0.0,0.0,0.0,0.0,4.909,5.982,5.989,2.483,2.223,2.86,1.87,1.32,0.0,1.32,0.0,0.0,0.0,CD4 naive T
CAACCGCGTGCATTAG-1_D19,D19,F,56,SLE,C,10x 3' v3,cryopreserved biobank sample,total PBMC,2161,1023,6.06,2.971,2.7,2.328,1.728,0.0,1.728,0.0,1.728,0.0,1.728,0.0,0.0,0.0,0.0,1.728,1.728,0.0,1.728,0.0,0.0,0.0,0.0,0.0,0.0,0.0,0.0,0.0,5.035,5.035,6.099,1.728,0.0,0.0,2.328,0.0,0.0,0.0,0.0,0.0,0.0,CD4 naive T
CCGAACTACTTTTATT-1_D19,D19,F,56,SLE,C,10x 3' v3,cryopreserved biobank sample,total PBMC,8723,3061,13.22,0.0,0.0,0.764,0.0,1.192,0.0,2.32,0.0,0.0,0.0,0.0,0.764,0.0,0.0,0.0,0.0,0.0,0.0,0.0,2.962,2.064,4.589,5.14,4.026,3.175,0.0,4.324,5.186,5.52,4.789,2.064,1.72,2.766,2.836,1.192,0.0,0.764,2.32,0.0,0.0,CD14 monocyte
CTCCAATTAACGCTGA-1_D19,D19,F,56,SLE,C,10x 3' v3,cryopreserved biobank sample,total PBMC,11302,3527,8.93,0.634,2.089,0.634,2.718,1.296,1.019,2.193,0.0,0.0,0.634,0.0,0.0,0.0,0.0,0.0,0.0,0.0,0.0,0.0,0.634,0.0,0.0,0.0,0.0,0.0,0.0,0.634,4.464,6.309,5.781,2.453,2.829,2.594,1.513,1.296,0.634,1.842,1.019,0.0,0.0,CD4 naive T
ACAGTTAAATTTGTGT-1_D19,D19,F,56,SLE,C,10x 3' v3,cryopreserved biobank sample,total PBMC,4506,1962,4.39,2.493,1.694,2.036,1.694,1.169,0.0,2.29,0.0,0.0,1.169,0.0,0.0,0.0,0.0,0.0,0.0,0.0,0.0,0.0,0.0,0.0,0.0,0.0,0.0,0.0,0.0,0.0,4.145,5.455,4.522,2.036,2.29,2.931,2.805,2.493,0.0,0.0,1.169,0.0,0.0,CD4 naive T
ATTCACCTGGAAGATT-1_D19,D19,F,56,SLE,C,10x 3' v3,cryopreserved biobank sample,total PBMC,8280,2708,3.56,0.0,0.0,0.0,0.792,0.792,0.0,3.07,0.792,0.0,0.792,0.0,0.0,0.0,0.0,0.792,0.0,0.0,0.0,0.0,3.44,1.951,4.949,3.873,4.193,1.951,2.11,3.401,4.851,4.879,5.281,3.739,3.07,3.07,2.11,1.763,0.0,1.531,1.951,0.0,0.0,CD14 monocyte
CCGCCGGTGATTCTCG-1_D19,D19,F,56,SLE,C,10x 3' v3,cryopreserved biobank sample,total PBMC,8962,3273,11.77,0.749,0.0,0.0,0.749,0.0,1.173,2.176,0.0,0.0,0.0,0.0,0.749,0.0,0.0,0.0,0.0,2.176,0.0,0.0,3.744,1.47,4.267,2.876,4.371,0.0,1.173,3.999,5.092,5.387,3.891,2.666,2.176,2.498,2.402,1.698,0.0,1.884,2.402,0.0,0.0,CD16 monocyte
ATTCATGATGAGCTGC-1_D19,D19,F,56,SLE,C,10x 3' v3,cryopreserved biobank sample,total PBMC,4109,1727,5.63,3.486,1.769,2.116,1.234,1.234,1.769,1.769,0.0,0.0,1.234,0.0,0.0,0.0,0.0,0.0,0.0,0.0,0.0,0.0,0.0,0.0,0.0,1.234,0.0,0.0,0.0,0.0,4.456,5.518,5.936,1.234,2.747,2.116,1.769,1.234,0.0,0.0,1.234,0.0,0.0,CD4 naive T
TTAACGAACGGAGGTG-1_D19,D19,F,56,SLE,C,10x 3' v3,cryopreserved biobank sample,total PBMC,2626,1264,3.71,2.154,2.154,0.0,1.57,0.0,0.0,2.154,0.0,0.0,0.0,0.0,2.154,0.0,0.0,0.0,0.0,0.0,0.0,0.0,1.57,0.0,0.0,0.0,0.0,0.0,0.0,0.0,3.844,5.531,5.081,0.0,0.0,1.57,1.57,1.57,0.0,2.52,0.0,0.0,0.0,CD4 naive T
GCAGCAGGACTTGCGA-1_D19,D19,F,56,SLE,C,10x 3' v3,cryopreserved biobank sample,total PBMC,8843,3250,4.16,2.754,2.307,2.598,2.188,0.757,0.0,1.48,0.0,0.757,0.0,0.0,0.0,0.0,0.0,0.0,0.0,0.0,0.0,0.0,0.0,0.0,0.0,0.757,0.0,0.0,0.0,1.182,4.264,6.099,6.065,3.646,1.182,2.754,1.709,2.414,0.0,2.188,1.48,0.0,0.0,CD4 naive T
GTACCCCCGCGCGCTT-1_D19,D19,F,56,SLE,C,10x 3' v3,cryopreserved biobank sample,total PBMC,4075,1615,6.19,1.24,2.124,2.124,2.585,0.0,0.0,2.124,0.0,0.0,1.24,1.24,0.0,0.0,0.0,0.0,0.0,0.0,0.0,0.0,0.0,0.0,0.0,0.0,0.0,0.0,0.0,0.0,3.494,5.166,4.668,3.139,2.381,2.9,2.124,0.0,0.0,0.0,0.0,0.0,0.0,CD4 memory T
GAGACAAGATTGGGGT-1_D19,D19,F,56,SLE,C,10x 3' v3,cryopreserved biobank sample,total PBMC,6757,2548,5.38,0.0,0.0,0.0,0.908,1.694,0.0,1.934,0.0,0.0,0.0,0.0,0.0,0.0,0.0,0.908,0.0,0.0,0.908,2.553,3.319,0.0,0.0,0.0,0.908,0.0,0.0,0.0,3.676,5.674,4.317,2.553,2.128,1.694,2.43,2.76,0.0,1.376,0.0,0.0,0.0,B
CTCTTGCCAAATTTTT-1_D19,D19,F,56,SLE,C,10x 3' v3,cryopreserved biobank sample,total PBMC,5117,2092,4.92,1.591,1.083,0.0,0.0,0.0,0.0,3.274,1.083,0.0,1.926,3.784,3.588,3.588,0.0,1.926,1.591,1.591,0.0,0.0,0.0,0.0,0.0,0.0,0.0,0.0,0.0,0.0,4.722,5.877,5.007,3.197,2.377,2.923,2.544,1.083,0.0,1.926,1.083,0.0,0.0,CD8 T
CTACGGGCACGCGGAT-1_D19,D19,F,56,SLE,C,10x 3' v3,cryopreserved biobank sample,total PBMC,5273,1998,13.19,0.0,0.0,0.0,0.0,0.0,0.0,2.994,0.0,0.0,0.0,1.063,0.0,0.0,0.0,0.0,0.0,2.35,0.0,0.0,2.35,0.0,4.978,3.085,4.822,2.15,2.658,3.709,4.366,4.48,3.798,3.662,2.15,3.085,1.063,1.567,0.0,2.35,1.9,0.0,0.0,CD16 monocyte
CCGTGTAGGTATCAAA-1_D19,D19,F,56,SLE,C,10x 3' v3,cryopreserved biobank sample,total PBMC,6244,2716,5.31,2.735,3.007,2.002,2.002,0.0,0.0,2.362,0.0,0.0,0.956,0.0,0.0,0.0,0.0,0.0,0.0,0.0,0.956,0.0,0.956,0.0,0.0,0.0,0.0,0.0,0.0,0.0,2.834,4.313,5.472,2.626,2.735,1.436,0.956,0.956,0.0,2.002,0.956,0.0,0.0,CD4 naive T
GCAGTGATAGAAGAGA-1_D19,D19,F,56,SLE,C,10x 3' v3,cryopreserved biobank sample,total PBMC,10331,3241,6.53,0.0,0.0,0.0,0.0,0.0,0.0,2.273,0.0,0.0,0.0,0.0,0.0,0.677,0.0,0.0,0.0,1.077,0.0,0.0,3.104,3.06,6.034,4.456,5.828,2.86,2.051,3.657,3.552,4.479,4.998,3.579,3.579,3.682,2.609,1.918,0.0,0.677,1.362,0.0,0.0,CD14 monocyte
CTAATGCACCCTGATG-1_D19,D19,F,56,SLE,C,10x 3' v3,cryopreserved biobank sample,total PBMC,7719,2919,9.46,0.0,0.0,0.0,0.0,0.0,0.831,2.952,0.0,0.0,0.0,0.0,0.0,0.831,0.0,0.0,0.0,0.831,0.0,0.0,3.808,2.012,5.01,4.852,5.241,3.191,1.278,2.881,3.508,5.551,5.002,3.079,1.586,3.243,2.43,1.822,0.0,1.278,2.012,0.0,0.0,CD14 monocyte
TTAACATACGAACGCG-1_D19,D19,F,56,SLE,C,10x 3' v3,cryopreserved biobank sample,total PBMC,7526,2703,6.26,0.0,0.0,0.0,0.0,0.845,0.0,2.659,0.0,0.0,0.0,0.0,0.0,0.0,0.0,0.0,0.0,0.0,0.0,0.845,2.976,1.843,3.833,3.041,4.191,3.71,0.845,4.171,4.455,5.805,2.748,2.332,3.103,3.409,2.748,1.297,0.0,1.843,1.297,0.0,0.0,CD14 monocyte
AGGTTTCATTAGCAAT-1_D19,D19,F,56,SLE,C,10x 3' v3,cryopreserved biobank sample,total PBMC,10687,3877,6.86,0.0,0.0,0.0,0.0,0.66,0.66,2.504,0.0,0.0,0.0,0.0,0.0,0.0,0.0,0.0,0.0,0.0,0.0,0.0,3.028,1.055,3.599,4.722,5.766,2.424,0.66,2.577,4.353,5.368,4.839,3.337,3.028,3.155,1.557,2.022,0.0,1.337,0.0,0.0,0.0,CD14 monocyte
CCAGACCCGCGTATCA-1_D19,D19,F,56,SLE,C,10x 3' v3,cryopreserved biobank sample,total PBMC,7947,3119,4.71,3.48,1.797,2.924,1.258,0.0,0.0,1.797,0.0,0.0,0.815,0.815,2.146,0.0,0.0,0.0,0.0,0.0,0.0,0.0,0.0,0.0,0.815,1.258,0.0,0.0,0.0,0.0,4.117,5.906,5.476,3.051,2.283,1.987,2.283,0.815,0.0,1.797,0.815,0.0,0.0,CD4 memory T
CGAGATATATCACCGG-1_D19,D19,F,56,SLE,C,10x 3' v3,cryopreserved biobank sample,total PBMC,11399,4259,11.69,0.63,0.0,0.0,0.0,0.63,0.63,2.872,0.0,0.0,0.0,0.0,0.0,0.0,0.0,0.0,0.0,0.0,0.0,0.0,2.186,2.186,4.833,5.403,6.503,3.17,1.684,3.011,5.442,5.945,4.833,4.37,2.65,2.186,2.92,1.684,0.0,2.366,1.835,0.0,0.0,CD14 monocyte
GTTTAAAACATAGCGG-1_D19,D19,F,56,SLE,C,10x 3' v3,cryopreserved biobank sample,total PBMC,6587,2499,5.69,0.0,0.0,0.0,0.0,0.0,0.0,2.576,0.0,0.0,0.0,0.0,0.0,0.0,0.0,0.0,1.395,0.0,0.0,0.0,2.685,1.395,5.059,4.4,6.398,2.453,1.395,3.662,4.632,5.592,3.872,2.453,1.956,1.715,2.313,1.956,0.0,2.453,1.956,0.0,0.0,CD14 monocyte
GCAGTCGATACACACA-1_D19,D19,F,56,SLE,C,10x 3' v3,cryopreserved biobank sample,total PBMC,10075,3275,6.21,0.0,0.0,0.0,0.689,0.689,0.0,2.937,0.0,0.0,0.0,0.0,0.0,0.0,0.0,0.0,0.689,0.689,0.0,0.689,2.296,0.689,5.755,6.177,5.359,3.394,1.094,3.754,4.837,5.755,3.963,2.391,1.381,2.766,2.632,1.603,0.0,2.701,1.094,0.0,0.0,CD14 monocyte
TTACTCTCTGCCACCC-1_D19,D19,F,56,SLE,C,10x 3' v3,cryopreserved biobank sample,total PBMC,6920,2549,4.91,2.827,2.639,1.674,1.674,1.358,0.0,1.674,0.894,0.0,0.894,0.0,0.0,0.0,0.0,0.0,0.0,0.0,0.894,0.0,0.0,0.0,0.894,0.0,0.0,0.0,0.0,0.0,3.445,5.801,5.39,0.894,2.408,2.639,2.738,0.0,0.0,1.914,0.894,0.0,0.0,CD4 naive T
GAAGTTAGGATTCTCC-1_D19,D19,F,56,SLE,C,10x 3' v3,cryopreserved biobank sample,total PBMC,7015,2721,4.68,0.886,0.0,0.0,0.0,0.886,0.0,1.663,0.0,0.886,0.0,0.0,0.0,0.0,0.0,0.0,0.0,0.0,2.896,2.972,3.842,0.0,1.663,1.902,1.348,0.0,0.0,0.0,3.93,6.141,5.396,2.095,1.348,1.902,1.663,1.902,0.0,2.725,1.348,0.0,0.0,B
CGGAAAAATGCATCAT-1_D19,D19,F,56,SLE,C,10x 3' v3,cryopreserved biobank sample,total PBMC,7116,2663,5.71,1.652,3.156,2.083,2.505,0.878,0.878,0.878,0.0,0.878,1.338,0.878,0.878,0.0,0.0,0.0,0.0,0.0,0.0,0.0,0.0,0.878,0.0,0.0,0.878,0.0,0.0,0.0,5.1,5.657,4.556,2.614,2.505,3.662,1.652,0.0,0.0,0.878,2.083,0.0,0.0,CD4 naive T
AGCCCTAACGCATGTT-1_D19,D19,F,56,SLE,C,10x 3' v3,cryopreserved biobank sample,total PBMC,5864,2475,5.18,2.057,1.811,2.057,0.995,0.0,0.0,2.984,2.254,2.419,1.811,3.558,2.893,2.419,1.484,2.893,0.0,0.995,0.0,0.995,0.995,0.0,0.0,1.484,0.0,0.0,0.0,0.0,4.308,4.106,5.555,3.509,3.558,3.736,2.254,0.0,0.0,0.0,0.0,0.0,0.0,CD8 T
CCCAGTGTTATTTCAT-1_D19,D19,F,56,SLE,C,10x 3' v3,cryopreserved biobank sample,total PBMC,4391,1752,7.59,2.314,1.187,0.0,0.0,0.0,0.0,1.187,1.187,1.187,2.314,3.344,2.956,2.058,0.0,1.187,1.715,0.0,0.0,0.0,0.0,0.0,0.0,1.187,1.187,0.0,0.0,0.0,4.82,4.989,5.36,1.715,2.517,2.517,2.517,1.715,0.0,1.715,1.187,0.0,0.0,CD8 T
TGCTGACTATCATTCA-1_D19,D19,F,56,SLE,C,10x 3' v3,cryopreserved biobank sample,total PBMC,4122,1631,9.45,3.321,1.767,2.575,2.114,1.231,0.0,2.371,0.0,0.0,1.231,0.0,2.371,0.0,0.0,0.0,0.0,0.0,0.0,0.0,0.0,0.0,0.0,0.0,0.0,0.0,0.0,0.0,3.621,5.831,5.097,1.231,2.114,2.371,2.371,0.0,0.0,2.114,0.0,0.0,0.0,CD4 memory T
GGTGCCACCGCATTGA-1_D19,D19,F,56,SLE,C,10x 3' v3,cryopreserved biobank sample,total PBMC,5413,2015,6.44,1.878,1.046,1.878,1.546,1.046,0.0,1.546,1.046,0.0,0.0,0.0,0.0,0.0,0.0,0.0,1.046,0.0,0.0,0.0,0.0,0.0,0.0,0.0,0.0,0.0,0.0,0.0,3.929,5.821,5.039,2.492,1.046,1.546,0.0,1.046,0.0,1.546,1.046,0.0,0.0,CD4 naive T
TATCGCCAACGCCCCC-1_D19,D19,F,56,SLE,C,10x 3' v3,cryopreserved biobank sample,total PBMC,3871,1540,5.28,2.633,2.169,1.276,1.276,0.0,0.0,2.169,0.0,0.0,0.0,1.276,0.0,0.0,0.0,0.0,0.0,0.0,0.0,0.0,0.0,0.0,0.0,0.0,1.819,0.0,0.0,0.0,3.615,6.298,5.607,2.169,1.276,2.428,1.276,2.803,0.0,1.276,1.276,0.0,0.0,CD4 naive T
CGTTGTACCGCCTAGT-1_D19,D19,F,56,SLE,C,10x 3' v3,cryopreserved biobank sample,total PBMC,8560,3053,10.14,0.0,0.0,0.0,0.0,0.774,0.0,1.205,0.0,0.0,0.0,0.0,0.0,0.0,0.0,0.0,0.0,0.0,0.0,0.0,3.518,2.854,4.864,5.557,5.124,3.193,0.0,3.285,5.236,5.067,5.03,3.678,1.736,2.784,2.081,1.505,0.0,2.081,1.205,0.0,0.0,CD16 monocyte
TATTTCACGACCAGAT-1_D19,D19,F,56,SLE,C,10x 3' v3,cryopreserved biobank sample,total PBMC,2055,1096,8.04,3.232,3.232,1.769,1.769,0.0,0.0,1.769,0.0,0.0,0.0,0.0,0.0,0.0,0.0,0.0,0.0,0.0,0.0,0.0,0.0,0.0,1.769,0.0,0.0,0.0,0.0,0.0,5.629,6.594,5.979,2.373,2.373,2.373,1.769,0.0,0.0,0.0,1.769,0.0,0.0,CD4 naive T
TATGGCCGATTCTTCG-1_D19,D19,F,56,SLE,C,10x 3' v3,cryopreserved biobank sample,total PBMC,3693,1634,4.73,2.848,1.859,0.0,1.859,0.0,0.0,2.471,0.0,0.0,1.31,0.0,0.0,0.0,0.0,0.0,1.31,0.0,0.0,0.0,0.0,0.0,0.0,0.0,0.0,0.0,0.0,0.0,4.305,6.18,5.718,3.511,2.211,3.121,1.859,0.0,0.0,0.0,0.0,0.0,0.0,CD4 naive T
GCATCAGAGATCACAA-1_D19,D19,F,56,SLE,C,10x 3' v3,cryopreserved biobank sample,total PBMC,4219,1808,5.06,1.748,1.215,0.0,1.215,0.0,0.0,3.46,2.554,0.0,0.0,2.723,0.0,2.093,0.0,0.0,0.0,0.0,1.215,0.0,0.0,1.215,1.215,0.0,0.0,0.0,0.0,0.0,4.311,4.948,6.164,2.35,1.748,1.215,1.215,0.0,0.0,0.0,0.0,0.0,0.0,CD8 T
TGTAGGCTGTTTTATG-1_D19,D19,F,56,SLE,C,10x 3' v3,cryopreserved biobank sample,total PBMC,5020,2001,8.63,1.096,0.0,0.0,0.0,1.096,0.0,1.096,0.0,0.0,0.0,0.0,1.096,0.0,0.0,0.0,1.096,0.0,0.0,0.0,3.363,2.561,4.973,5.537,5.703,3.66,1.606,3.363,3.803,4.365,4.287,2.194,1.606,2.829,0.0,1.096,0.0,1.096,0.0,0.0,0.0,CD14 monocyte
CTATAGAACTTGCATG-1_D19,D19,F,56,SLE,C,10x 3' v3,cryopreserved biobank sample,total PBMC,4083,1676,8.35,1.775,1.238,1.775,2.122,0.0,0.0,0.0,0.0,0.0,2.379,1.238,0.0,0.0,0.0,0.0,0.0,0.0,0.0,0.0,0.0,0.0,0.0,0.0,1.238,0.0,0.0,0.0,4.796,6.357,5.319,1.238,1.238,2.898,2.122,1.238,0.0,2.122,0.0,0.0,0.0,CD4 naive T
TTTATGCTAGCAAAAG-1_D19,D19,F,56,SLE,C,10x 3' v3,cryopreserved biobank sample,total PBMC,2963,1500,7.81,2.409,0.0,0.0,0.0,0.0,0.0,3.204,0.0,0.0,0.0,2.674,3.204,2.674,0.0,2.883,0.0,1.476,0.0,0.0,0.0,0.0,0.0,0.0,0.0,0.0,0.0,0.0,3.876,5.937,5.007,2.048,0.0,2.674,0.0,2.409,0.0,0.0,0.0,0.0,0.0,CD8 T
AAGTCTGTCCCGCTTA-1_D19,D19,F,56,SLE,C,10x 3' v3,cryopreserved biobank sample,total PBMC,12622,3982,7.03,0.0,0.0,0.583,0.0,0.0,0.0,2.493,0.0,0.0,0.0,0.0,0.0,0.583,0.0,0.0,0.583,3.412,0.0,0.0,3.109,0.583,2.493,2.616,3.976,2.096,2.425,4.313,4.973,5.13,4.101,2.352,0.0,2.274,2.352,1.602,0.0,1.602,1.428,0.0,0.0,CD16 monocyte
TGTTTACTATATATCG-1_D19,D19,F,56,SLE,C,10x 3' v3,cryopreserved biobank sample,total PBMC,6423,2372,7.63,0.0,0.0,0.0,0.0,1.978,0.0,1.414,0.0,0.0,0.0,0.939,0.0,0.0,0.0,0.0,0.939,0.0,0.0,0.0,3.47,1.978,4.044,5.444,6.142,3.313,1.414,2.709,5.074,5.176,4.406,3.832,1.978,3.47,2.476,1.735,0.0,1.414,1.414,0.0,0.0,CD14 monocyte
TTAGATGTGGGAAAGC-1_D19,D19,F,56,SLE,C,10x 3' v3,cryopreserved biobank sample,total PBMC,10327,3495,7.61,0.677,0.0,0.0,0.677,0.677,0.0,3.014,0.0,0.0,0.0,0.0,0.0,0.0,0.0,0.0,0.677,0.677,0.0,0.0,3.227,2.455,4.972,5.056,5.54,2.169,1.362,2.803,4.217,4.573,4.931,3.37,1.077,2.965,1.077,2.051,0.0,0.677,2.169,0.0,0.0,CD14 monocyte
GTAGAGTTGTTGAACA-1_D19,D19,F,56,SLE,C,10x 3' v3,cryopreserved biobank sample,total PBMC,5667,2252,6.58,1.017,2.285,1.017,1.017,1.017,0.0,2.45,2.45,0.0,0.0,1.017,1.017,1.511,0.0,0.0,1.017,0.0,1.017,0.0,0.0,0.0,0.0,1.017,1.017,0.0,0.0,0.0,5.255,6.233,5.507,2.592,1.84,1.84,1.84,1.511,0.0,1.511,1.017,0.0,0.0,CD8 T
GCCACCCTGCTACCTA-1_D19,D19,F,56,SLE,C,10x 3' v3,cryopreserved biobank sample,total PBMC,10769,3323,5.57,0.0,0.657,0.0,0.0,1.331,0.0,0.657,0.0,0.0,0.0,0.0,0.0,0.0,0.0,0.0,0.0,0.657,3.394,2.236,2.236,0.0,0.0,0.657,0.0,1.05,0.0,0.0,4.957,5.373,5.758,1.551,1.73,2.331,2.015,1.331,0.0,0.657,1.05,0.0,0.0,B
TCTTGTTGTTAACTAA-1_D19,D19,F,56,SLE,C,10x 3' v3,cryopreserved biobank sample,total PBMC,8537,2864,8.74,0.0,0.0,0.775,0.0,1.207,0.0,3.765,0.0,0.0,0.0,0.0,0.0,0.775,0.775,0.0,0.0,0.0,0.0,0.0,2.083,2.083,5.356,5.913,5.699,3.33,0.775,3.33,5.141,4.893,5.194,2.712,0.0,3.65,3.04,1.738,0.0,1.738,2.543,0.0,0.0,CD14 monocyte
CCGTGGACCCAGCTAC-1_D19,D19,F,56,SLE,C,10x 3' v3,cryopreserved biobank sample,total PBMC,5704,2078,7.08,0.0,0.0,0.0,1.013,1.013,0.0,2.92,0.0,0.0,0.0,0.0,0.0,0.0,1.506,0.0,0.0,0.0,0.0,0.0,3.535,1.506,5.152,4.729,5.056,2.71,1.013,3.24,4.873,5.542,4.579,2.92,2.279,2.081,1.506,1.013,0.0,1.013,2.081,0.0,0.0,CD14 monocyte
CATGTCTTTTGCCCTG-1_D19,D19,F,56,SLE,C,10x 3' v3,cryopreserved biobank sample,total PBMC,5457,2051,4.03,3.052,1.54,1.871,2.485,2.12,1.041,1.041,0.0,0.0,1.54,0.0,0.0,0.0,0.0,0.0,0.0,0.0,0.0,0.0,0.0,0.0,0.0,0.0,0.0,1.041,0.0,0.0,4.488,6.02,5.493,3.135,1.041,2.12,2.319,2.12,0.0,0.0,1.54,0.0,0.0,CD4 naive T
TCCCTAGACGTGGTGA-1_D19,D19,F,56,SLE,C,10x 3' v3,cryopreserved biobank sample,total PBMC,6129,2325,7.09,0.0,0.0,0.0,0.0,1.45,0.0,0.968,0.0,0.0,0.968,0.0,0.0,0.968,0.0,0.0,0.0,0.0,2.379,2.753,4.373,0.0,0.0,0.968,1.45,0.0,0.968,0.0,4.788,5.83,4.658,3.101,2.215,1.774,2.379,2.215,0.0,1.774,0.0,0.0,0.0,B
AATGTAACTCGAAGGG-1_D19,D19,F,56,SLE,C,10x 3' v3,cryopreserved biobank sample,total PBMC,5246,1958,7.58,0.0,0.0,0.0,1.067,1.067,0.0,3.173,0.0,0.0,1.067,4.03,3.96,3.667,2.663,2.155,2.155,2.155,0.0,0.0,0.0,0.0,1.067,1.571,1.067,0.0,0.0,0.0,4.587,6.192,5.916,3.617,1.905,1.905,2.354,0.0,0.0,1.067,0.0,0.0,0.0,NK
CGTTGGGCCGGGTGTT-1_D19,D19,F,56,SLE,C,10x 3' v3,cryopreserved biobank sample,total PBMC,7672,2919,7.6,0.0,0.0,0.0,0.0,0.834,0.0,2.017,0.0,0.0,0.0,0.0,0.0,0.0,0.834,0.0,0.0,0.834,0.834,0.0,3.552,1.591,5.567,5.428,6.367,3.39,1.591,1.591,4.878,5.662,4.231,3.084,1.283,2.641,1.591,2.017,0.0,0.834,1.591,0.0,0.0,CD14 monocyte
GAAATAGTATTTATTA-1_D19,D19,F,56,SLE,C,10x 3' v3,cryopreserved biobank sample,total PBMC,5772,2217,9.03,0.0,0.0,0.0,0.0,1.496,0.0,2.699,0.0,0.0,0.0,0.0,0.0,0.0,0.0,0.0,1.005,1.005,0.0,0.0,3.081,3.358,4.763,4.453,5.718,2.575,1.496,3.937,4.653,5.634,4.763,2.071,2.433,3.081,2.433,0.0,0.0,2.071,1.496,0.0,0.0,CD14 monocyte
ATACCCTAAGGGGGGG-1_D19,D19,F,56,SLE,C,10x 3' v3,cryopreserved biobank sample,total PBMC,2992,1204,5.35,2.039,2.039,2.665,3.194,1.468,0.0,1.468,0.0,0.0,0.0,0.0,0.0,0.0,0.0,0.0,0.0,0.0,0.0,0.0,0.0,0.0,0.0,0.0,0.0,0.0,0.0,0.0,4.65,5.892,5.997,3.323,0.0,2.039,2.039,0.0,0.0,2.039,0.0,0.0,0.0,CD4 naive T
TTGGGGGGTGAGGAAC-1_D19,D19,F,56,SLE,C,10x 3' v3,cryopreserved biobank sample,total PBMC,5155,2175,7.75,3.338,2.17,2.17,1.078,0.0,1.585,2.17,0.0,0.0,1.078,0.0,0.0,0.0,0.0,0.0,0.0,0.0,1.078,0.0,0.0,0.0,0.0,0.0,0.0,0.0,0.0,0.0,3.902,5.063,6.454,3.338,1.585,2.915,1.92,1.078,0.0,1.078,1.078,0.0,0.0,CD4 naive T
GTATATCGTATCAGCA-1_D19,D19,F,56,SLE,C,10x 3' v3,cryopreserved biobank sample,total PBMC,2806,1322,4.03,3.857,1.518,0.0,0.0,0.0,1.518,2.935,3.256,3.256,2.095,1.518,1.518,0.0,0.0,2.459,0.0,0.0,0.0,0.0,1.518,0.0,0.0,0.0,0.0,0.0,0.0,0.0,4.776,4.648,5.084,2.935,1.518,2.725,0.0,2.095,0.0,1.518,1.518,0.0,0.0,CD8 T
TTTATTACTTGTACTG-1_D19,D19,F,56,SLE,C,10x 3' v3,cryopreserved biobank sample,total PBMC,4628,1951,6.72,2.468,2.013,0.0,0.0,1.151,0.0,2.637,0.0,1.672,1.672,3.118,3.926,2.78,0.0,1.151,0.0,1.672,0.0,0.0,0.0,0.0,0.0,0.0,0.0,0.0,0.0,0.0,4.768,5.723,5.778,2.266,2.013,2.013,2.266,1.672,0.0,1.672,0.0,0.0,0.0,CD8 T
GAAGACGTGGCAACAA-1_D19,D19,F,56,SLE,C,10x 3' v3,cryopreserved biobank sample,total PBMC,3244,1564,5.37,2.798,0.0,2.97,0.0,1.407,1.407,2.59,0.0,0.0,0.0,0.0,0.0,0.0,0.0,0.0,0.0,0.0,0.0,0.0,0.0,0.0,0.0,0.0,0.0,0.0,0.0,0.0,4.57,5.764,5.121,1.969,1.969,2.59,0.0,1.969,0.0,0.0,0.0,0.0,0.0,CD4 memory T
CTCCAATACGGCTAAA-1_D19,D19,F,56,SLE,C,10x 3' v3,cryopreserved biobank sample,total PBMC,6426,2405,4.98,0.0,0.0,0.0,0.939,0.939,0.0,0.939,0.939,0.0,0.0,0.0,0.0,0.0,0.0,0.0,0.0,0.0,3.368,1.735,2.476,0.0,0.939,0.0,0.0,0.0,0.0,0.0,4.881,5.396,4.982,1.735,2.336,3.313,1.978,1.414,0.0,0.939,1.735,0.0,0.0,B
CCTATTGTTTGACAGC-1_D19,D19,F,56,SLE,C,10x 3' v3,cryopreserved biobank sample,total PBMC,8166,2936,5.54,0.0,0.0,0.8,0.0,0.8,0.0,2.259,0.8,0.0,0.0,4.207,3.454,4.091,2.672,1.963,1.775,2.964,0.0,0.0,0.0,0.0,0.0,0.0,1.542,0.0,0.0,0.0,3.912,5.896,5.301,2.828,2.379,2.584,1.542,2.259,0.0,0.8,1.775,0.0,0.0,NK
CTACATAGCTAAGCTA-1_D19,D19,F,56,SLE,C,10x 3' v3,cryopreserved biobank sample,total PBMC,5131,2073,7.34,1.924,2.374,0.0,1.082,1.082,0.0,2.684,2.374,0.0,0.0,2.374,1.924,1.924,0.0,1.082,0.0,0.0,0.0,0.0,0.0,0.0,0.0,1.082,1.082,0.0,0.0,0.0,3.53,3.586,5.408,2.174,2.374,0.0,2.174,1.924,0.0,1.082,1.082,0.0,0.0,CD8 T
CCGATTGACAGCACAG-1_D19,D19,F,56,SLE,C,10x 3' v3,cryopreserved biobank sample,total PBMC,5354,2294,5.67,0.0,0.0,0.0,0.0,0.0,0.0,3.23,0.0,0.0,0.0,0.0,0.0,0.0,0.0,0.0,0.0,1.054,0.0,0.0,1.555,2.336,5.215,3.544,5.993,1.888,1.054,3.489,4.044,4.728,4.167,3.301,2.644,1.555,2.336,1.555,0.0,1.054,0.0,0.0,0.0,CD14 monocyte
TTCGTTGGAAATAATT-1_D19,D19,F,56,SLE,C,10x 3' v3,cryopreserved biobank sample,total PBMC,4611,1891,9.84,2.91,2.472,2.269,1.153,0.0,1.153,2.269,0.0,0.0,1.675,0.0,0.0,0.0,0.0,0.0,0.0,0.0,0.0,0.0,0.0,0.0,0.0,0.0,0.0,0.0,0.0,0.0,4.284,6.09,4.523,1.153,2.269,3.213,1.675,1.675,0.0,0.0,2.016,0.0,0.0,CD4 memory T
CATTCCTAGGGCCGTA-1_D19,D19,F,56,SLE,C,10x 3' v3,cryopreserved biobank sample,total PBMC,5722,2151,10.04,3.237,2.078,1.503,2.707,0.0,0.0,2.078,1.011,0.0,1.503,0.0,0.0,0.0,0.0,0.0,0.0,0.0,0.0,0.0,0.0,0.0,0.0,0.0,0.0,1.011,0.0,0.0,3.582,4.611,3.8,1.832,1.832,2.583,1.832,1.503,0.0,1.503,1.011,0.0,0.0,CD4 naive T
CCTGCCGACATTGGTC-1_D19,D19,F,56,SLE,C,10x 3' v3,cryopreserved biobank sample,total PBMC,6867,2476,6.15,1.681,2.114,0.0,0.0,0.0,0.899,3.622,0.0,0.899,2.647,3.453,2.415,2.647,1.364,1.681,1.921,0.899,0.0,0.0,0.0,0.0,0.0,0.899,0.0,0.0,0.0,0.0,4.378,6.062,5.233,1.921,2.415,0.899,1.364,1.364,0.0,1.364,1.921,0.0,0.0,CD8 T
TATTTGATTCTTAGAT-1_D19,D19,F,56,SLE,C,10x 3' v3,cryopreserved biobank sample,total PBMC,6233,2461,4.26,0.0,0.0,0.0,0.0,0.957,0.0,3.155,0.0,0.0,0.0,0.0,0.0,0.0,0.0,0.957,0.0,0.0,0.0,0.0,2.363,2.004,5.257,5.033,5.17,2.363,1.76,3.008,3.958,5.133,3.222,2.737,2.363,3.547,1.437,0.0,0.0,1.76,2.363,0.0,0.0,CD14 monocyte
GTGGCATCCCATACAG-1_D19,D19,F,56,SLE,C,10x 3' v3,cryopreserved biobank sample,total PBMC,5495,2065,5.63,1.866,1.535,0.0,0.0,2.312,0.0,3.128,1.535,1.866,1.535,3.276,3.128,0.0,1.866,2.312,1.037,1.037,0.0,0.0,1.037,1.037,1.037,0.0,1.037,0.0,0.0,0.0,3.128,5.331,4.276,2.955,2.312,3.343,2.62,0.0,0.0,1.535,0.0,0.0,0.0,CD8 T
TCGTCATATATTTAAG-1_D19,D19,F,56,SLE,C,10x 3' v3,cryopreserved biobank sample,total PBMC,4659,1922,2.68,2.007,3.011,0.0,2.774,1.146,1.666,1.146,0.0,1.146,1.146,0.0,0.0,1.146,0.0,0.0,0.0,0.0,1.146,0.0,0.0,0.0,1.146,0.0,1.146,0.0,0.0,0.0,4.536,4.866,5.333,2.774,1.666,3.011,2.462,1.666,0.0,1.146,0.0,0.0,0.0,CD4 naive T
CACCTGTGAGAACGAG-1_D19,D19,F,56,SLE,C,10x 3' v3,cryopreserved biobank sample,total PBMC,5387,2286,5.36,0.0,0.0,0.0,0.0,1.05,0.0,2.33,0.0,0.0,0.0,0.0,0.0,0.0,0.0,1.05,0.0,0.0,1.05,0.0,2.974,2.496,5.229,5.342,4.58,2.33,1.05,3.859,5.113,4.654,4.161,3.147,1.882,2.874,3.147,1.05,0.0,1.882,1.55,0.0,0.0,CD14 monocyte
GATCGCATGGCCAGTT-1_D19,D19,F,56,SLE,C,10x 3' v3,cryopreserved biobank sample,total PBMC,6076,2474,6.97,0.0,0.0,0.0,0.0,0.0,0.0,2.026,0.0,0.0,0.0,0.0,0.0,0.0,0.0,0.0,0.0,0.973,0.0,0.0,2.761,1.781,4.741,4.517,4.517,3.92,0.0,3.033,4.994,5.451,4.755,2.527,1.457,3.816,2.95,1.457,0.0,2.026,1.781,0.0,0.0,CD14 monocyte
CACTTAACATTTTTAG-1_D19,D19,F,56,SLE,C,10x 3' v3,cryopreserved biobank sample,total PBMC,6550,2448,4.51,3.236,2.318,1.719,1.961,1.961,1.961,0.0,0.0,0.0,0.0,0.0,0.0,0.0,0.0,0.0,0.0,0.0,0.0,0.0,0.0,0.0,0.0,0.0,0.927,0.0,0.0,0.0,4.103,5.975,5.902,2.458,1.961,1.961,1.4,1.4,0.0,1.4,0.0,0.0,0.0,CD4 naive T
GGATTACTCTCCTCAG-1_D19,D19,F,56,SLE,C,10x 3' v3,cryopreserved biobank sample,total PBMC,4838,1804,9.0,1.121,2.428,0.0,0.0,1.121,0.0,1.121,1.974,1.974,1.121,3.924,3.882,3.167,1.121,2.227,2.428,0.0,0.0,0.0,0.0,0.0,0.0,0.0,1.121,0.0,0.0,0.0,2.739,5.574,4.667,1.974,2.227,1.121,1.974,2.227,1.121,1.974,1.636,0.0,0.0,CD8 T
CTATAGGATGGTTTGA-1_D19,D19,F,56,SLE,C,10x 3' v3,cryopreserved biobank sample,total PBMC,5450,2084,7.67,3.284,1.042,2.121,1.042,0.0,1.042,3.284,0.0,0.0,1.872,0.0,1.541,0.0,0.0,1.042,0.0,0.0,0.0,0.0,0.0,0.0,0.0,0.0,1.042,0.0,0.0,0.0,2.963,5.044,5.538,2.486,0.0,1.872,2.752,1.872,0.0,1.042,1.042,0.0,0.0,CD4 memory T
CTCGTCGACGGAGTTA-1_D19,D19,F,56,SLE,C,10x 3' v3,cryopreserved biobank sample,total PBMC,12041,4062,7.45,0.0,0.0,0.0,0.605,0.605,0.605,0.605,0.0,0.605,0.0,0.0,0.0,0.0,0.0,0.0,0.0,0.0,2.716,2.395,3.769,0.0,0.979,0.605,0.0,0.0,0.0,0.0,4.236,6.381,5.003,2.034,2.316,2.316,1.919,1.789,0.0,1.464,0.979,0.0,0.0,B
AACTGGAATCTCAGCT-1_D19,D19,F,56,SLE,C,10x 3' v3,cryopreserved biobank sample,total PBMC,7470,2892,4.37,3.416,2.46,2.04,1.849,1.613,1.613,1.613,0.0,0.0,0.0,0.0,0.0,0.0,0.0,0.0,0.0,0.0,0.0,0.0,0.85,0.0,1.302,0.0,0.0,0.0,0.0,0.0,3.54,4.695,5.102,1.613,1.849,1.613,2.04,1.613,0.0,0.0,1.302,0.0,0.0,CD4 naive T
TGAACTGCCTGGGCAC-1_D19,D19,F,56,SLE,C,10x 3' v3,cryopreserved biobank sample,total PBMC,20353,5725,5.27,0.0,0.0,0.0,0.4,0.684,0.0,2.658,0.4,0.0,0.0,0.0,0.0,0.0,0.4,0.4,0.0,0.4,0.0,0.0,4.157,2.426,5.073,3.79,5.344,2.382,2.0,3.672,5.17,4.758,4.245,2.287,2.064,2.623,0.4,2.125,0.0,1.857,1.69,0.0,0.0,CD14 monocyte
ACCTTCGCGTGAGCCT-1_D19,D19,F,56,SLE,C,10x 3' v3,cryopreserved biobank sample,total PBMC,3746,1557,6.0,2.664,1.3,2.458,1.847,1.847,1.3,1.847,0.0,0.0,1.3,0.0,0.0,0.0,0.0,0.0,0.0,0.0,0.0,0.0,0.0,0.0,0.0,1.3,0.0,0.0,0.0,0.0,4.519,4.901,6.084,2.198,2.198,1.847,1.847,1.847,0.0,1.3,0.0,0.0,0.0,CD4 naive T
GTTTTACGGTAGTCTG-1_D19,D19,F,56,SLE,C,10x 3' v3,cryopreserved biobank sample,total PBMC,6062,2463,9.28,2.389,1.458,0.0,0.0,0.0,0.974,3.922,0.974,1.458,2.862,2.862,2.653,3.182,0.0,2.224,2.389,1.458,0.0,0.974,0.0,0.0,0.0,0.974,1.458,1.458,0.0,0.0,4.684,6.765,3.889,3.424,1.783,2.952,0.974,2.028,0.0,1.458,0.974,0.0,0.0,CD8 T
CGCTCTACTGTTGACC-1_D19,D19,F,56,SLE,C,10x 3' v3,cryopreserved biobank sample,total PBMC,4412,1836,5.81,3.164,2.512,1.184,0.0,0.0,0.0,2.512,2.825,0.0,1.711,2.512,2.054,1.184,1.184,1.711,0.0,0.0,0.0,0.0,0.0,0.0,1.184,0.0,1.184,0.0,0.0,0.0,4.234,6.119,5.749,1.711,1.184,3.417,0.0,2.681,0.0,1.711,1.184,0.0,0.0,CD8 T
ACGACGTGGCTAAATT-1_D19,D19,F,56,SLE,C,10x 3' v3,cryopreserved biobank sample,total PBMC,8615,3329,6.77,3.234,0.77,1.2,2.703,0.77,0.77,2.075,0.0,0.0,0.77,0.0,1.2,0.0,0.0,0.0,0.0,0.0,0.0,0.0,0.0,0.0,0.0,0.0,0.77,0.0,0.0,0.0,4.658,5.856,5.352,2.438,1.73,2.331,0.77,1.73,0.0,0.77,1.2,0.0,0.0,CD4 naive T
GTTGAACGTACTCGCC-1_D19,D19,F,56,SLE,C,10x 3' v3,cryopreserved biobank sample,total PBMC,4421,1799,7.18,2.307,2.51,0.0,2.052,1.182,1.709,1.182,0.0,0.0,0.0,0.0,0.0,0.0,0.0,0.0,0.0,0.0,0.0,0.0,0.0,0.0,0.0,0.0,0.0,0.0,0.0,0.0,3.337,5.823,5.582,1.709,1.709,1.182,1.709,1.709,0.0,0.0,1.182,0.0,0.0,CD4 naive T
ACCGAGTCTGGCGCGC-1_D19,D19,F,56,SLE,C,10x 3' v3,cryopreserved biobank sample,total PBMC,4007,1790,6.64,3.827,0.0,1.79,2.396,0.0,1.252,1.252,0.0,0.0,2.601,0.0,1.79,0.0,0.0,0.0,0.0,0.0,0.0,0.0,0.0,0.0,0.0,0.0,0.0,0.0,0.0,0.0,4.423,6.526,4.536,2.601,1.252,2.771,2.771,2.396,0.0,1.252,1.79,0.0,0.0,CD4 memory T
GATGTTCTGGCCTCGA-1_D19,D19,F,56,SLE,C,10x 3' v3,cryopreserved biobank sample,total PBMC,6716,2615,10.93,0.0,0.0,0.0,0.0,1.381,0.0,2.296,0.0,0.0,0.0,0.0,0.0,0.0,0.912,0.0,0.0,0.912,0.0,0.0,3.788,1.94,4.872,4.536,5.263,2.667,1.381,3.474,5.191,4.938,3.788,3.643,2.766,2.296,3.084,1.699,0.0,2.296,1.94,0.0,0.0,CD14 monocyte
AGCTTAGTGCGAGTAA-1_D19,D19,F,56,SLE,C,10x 3' v3,cryopreserved biobank sample,total PBMC,4706,1788,6.94,2.765,1.658,1.139,2.251,0.0,0.0,2.621,0.0,0.0,0.0,1.139,0.0,0.0,0.0,0.0,0.0,0.0,0.0,0.0,0.0,0.0,0.0,1.658,1.658,0.0,0.0,0.0,4.675,5.476,3.67,1.658,2.453,2.765,2.89,1.998,0.0,1.139,0.0,0.0,0.0,CD4 memory T
TACTAGTCACTGGGTT-1_D19,D19,F,56,SLE,C,10x 3' v3,cryopreserved biobank sample,total PBMC,6342,2543,11.5,2.488,0.0,0.0,0.947,0.947,0.0,3.139,1.424,0.947,1.989,2.611,3.433,3.068,0.0,2.488,1.746,0.947,0.0,0.0,0.0,0.0,0.0,0.947,1.424,0.0,0.0,0.0,3.878,5.457,3.878,2.611,1.424,2.721,0.947,2.488,0.0,1.746,0.0,0.0,0.0,CD8 T
CTGGGATCGAGGAATG-1_D19,D19,F,56,SLE,C,10x 3' v3,cryopreserved biobank sample,total PBMC,4051,1718,5.45,3.246,2.129,0.0,2.129,0.0,1.781,2.761,0.0,0.0,1.244,0.0,1.244,0.0,0.0,0.0,0.0,0.0,0.0,0.0,1.244,0.0,0.0,1.244,1.244,1.244,0.0,0.0,4.627,4.988,4.697,3.032,0.0,1.781,1.781,0.0,0.0,1.244,0.0,0.0,0.0,CD4 naive T
CTCGTTGGAAAGACGT-1_D19,D19,F,56,SLE,C,10x 3' v3,cryopreserved biobank sample,total PBMC,4414,1796,4.17,2.825,1.71,0.0,0.0,1.183,0.0,3.163,2.054,1.183,2.309,4.2,2.512,2.309,2.054,1.183,2.054,0.0,0.0,0.0,1.183,0.0,0.0,0.0,0.0,0.0,0.0,0.0,3.063,6.262,5.277,3.488,0.0,1.71,2.309,1.71,0.0,1.71,0.0,0.0,0.0,NK
GGCGCTAGTCGACTAA-1_D19,D19,F,56,SLE,C,10x 3' v3,cryopreserved biobank sample,total PBMC,8826,3000,6.02,2.054,2.19,1.184,1.897,0.758,0.0,2.951,0.758,0.0,1.184,0.0,0.758,0.758,0.0,0.0,0.0,0.0,0.0,0.0,0.0,0.0,0.758,1.184,0.758,0.0,0.0,0.0,2.681,5.971,5.312,2.054,2.19,2.309,2.19,1.897,0.0,0.0,1.184,0.0,0.0,CD4 memory T
TAAAGGTGAAGTTCCT-1_D19,D19,F,56,SLE,C,10x 3' v3,cryopreserved biobank sample,total PBMC,6346,2766,6.63,0.0,0.0,0.0,0.0,0.0,0.0,0.946,0.0,0.0,0.0,0.0,0.0,0.0,0.0,0.0,0.946,0.0,0.946,0.0,4.109,1.988,4.869,5.565,6.052,3.574,0.946,3.844,4.418,5.288,4.437,1.988,1.424,3.699,2.819,1.988,0.0,0.0,1.988,0.0,0.0,CD14 monocyte
TGGATCCCGAAAAGCG-1_D19,D19,F,56,SLE,C,10x 3' v3,cryopreserved biobank sample,total PBMC,8394,2941,7.83,0.0,0.0,0.0,0.0,0.785,0.785,2.558,0.0,0.0,0.0,0.0,0.0,0.0,0.0,0.785,0.0,0.0,0.0,0.0,3.212,2.647,5.333,5.087,5.791,2.938,0.785,3.537,5.255,5.851,3.956,2.872,3.465,2.803,2.872,1.52,0.0,1.219,1.752,0.0,0.0,CD14 monocyte
CCACGGCCTAAGCAAT-1_D19,D19,F,56,SLE,C,10x 3' v3,cryopreserved biobank sample,total PBMC,4180,1653,8.47,3.115,0.0,2.101,0.0,0.0,0.0,1.222,0.0,0.0,2.101,0.0,0.0,0.0,0.0,1.222,0.0,0.0,0.0,1.222,0.0,0.0,0.0,0.0,1.222,0.0,0.0,0.0,4.731,4.44,5.521,2.562,1.222,2.876,2.101,1.222,0.0,1.222,0.0,0.0,0.0,CD4 memory T
TTACAGGGAGTCTTAT-1_D19,D19,F,56,SLE,C,10x 3' v3,cryopreserved biobank sample,total PBMC,2608,1251,6.52,2.793,0.0,0.0,2.16,1.576,0.0,1.576,0.0,0.0,1.576,0.0,0.0,0.0,0.0,0.0,0.0,0.0,0.0,0.0,0.0,0.0,0.0,0.0,0.0,0.0,0.0,1.576,4.754,4.249,4.848,2.793,2.793,3.765,2.793,1.576,0.0,2.16,1.576,0.0,0.0,CD4 naive T
GGCGGGTTATGAGTGG-1_D19,D19,F,56,SLE,C,10x 3' v3,cryopreserved biobank sample,total PBMC,8935,3164,6.08,0.0,0.0,0.0,0.0,0.0,0.0,2.669,0.0,0.0,0.0,0.751,0.0,0.0,0.0,0.0,0.0,1.472,0.0,0.0,3.367,1.175,5.039,1.7,4.118,1.472,1.472,3.982,5.638,5.142,5.01,3.404,1.175,2.669,1.175,2.669,0.0,1.175,1.886,0.0,0.0,CD16 monocyte
CTCGTGCTAAAGTATC-1_D19,D19,F,56,SLE,C,10x 3' v3,cryopreserved biobank sample,total PBMC,7717,2713,7.32,2.31,2.636,3.137,2.539,0.831,0.0,2.012,0.0,0.0,0.0,0.0,1.279,0.0,0.0,0.0,0.0,0.0,0.0,0.0,0.0,0.0,0.0,0.0,0.831,0.831,0.0,0.0,4.414,5.061,4.613,2.725,2.012,1.587,2.636,2.636,0.0,0.831,1.279,0.0,0.0,CD4 naive T
GATCTACCGTGAGTGA-1_D19,D19,F,56,SLE,C,10x 3' v3,cryopreserved biobank sample,total PBMC,13789,4402,4.54,2.693,1.677,2.787,1.532,1.156,1.156,0.545,0.0,0.0,0.545,0.0,0.0,0.0,0.0,0.0,0.0,0.0,0.0,0.0,0.0,0.0,0.0,0.545,0.896,0.0,0.0,0.0,4.999,5.766,5.037,2.195,2.018,2.344,0.896,0.896,0.0,1.532,1.156,0.0,0.0,CD4 naive T
TACTGTTACGTTGTTA-1_D19,D19,F,56,SLE,C,10x 3' v3,cryopreserved biobank sample,total PBMC,7990,2657,10.9,0.0,0.0,0.0,0.0,0.812,0.0,2.692,0.0,0.812,0.0,0.0,0.0,0.0,0.0,0.0,0.0,0.0,0.0,0.0,3.259,2.141,5.416,4.38,5.571,2.507,1.254,3.306,5.2,5.234,4.828,3.652,3.351,2.507,3.158,0.812,0.0,2.507,2.141,0.0,0.0,CD14 monocyte
AAGCCTTGTCGTGATT-1_D19,D19,F,56,SLE,C,10x 3' v3,cryopreserved biobank sample,total PBMC,9488,3457,11.99,0.72,0.72,0.0,0.0,0.0,0.0,3.269,1.134,0.0,0.0,2.35,4.369,4.88,2.757,2.446,1.134,2.126,0.0,0.0,0.0,0.72,1.134,0.0,0.0,0.0,0.72,0.0,4.506,5.499,3.452,1.991,1.134,2.533,1.134,1.991,0.0,1.991,1.652,0.0,0.0,NK
AGTGGGGCAGGTCAAG-1_D19,D19,F,56,SLE,C,10x 3' v3,cryopreserved biobank sample,total PBMC,3489,1496,5.94,0.0,0.0,0.0,1.352,0.0,0.0,2.523,0.0,0.0,0.0,2.262,4.589,5.153,3.784,0.0,1.907,3.482,0.0,1.352,0.0,0.0,0.0,0.0,0.0,0.0,0.0,0.0,4.618,5.72,5.801,0.0,0.0,1.352,1.352,0.0,0.0,0.0,1.907,0.0,0.0,NK
AATGGTTTATCCCTCT-1_D19,D19,F,56,SLE,C,10x 3' v3,cryopreserved biobank sample,total PBMC,10667,3697,5.23,0.661,0.0,0.0,0.0,0.661,0.661,3.196,0.0,0.0,0.0,0.0,0.0,0.0,0.661,0.0,0.0,1.056,0.0,0.0,2.426,2.426,6.154,4.723,5.343,2.883,0.0,3.27,4.764,5.485,4.111,4.08,2.245,3.074,1.738,2.426,0.0,0.661,1.056,0.0,0.0,CD14 monocyte
GAAGAATTCAATGGAA-1_D19,D19,F,56,SLE,C,10x 3' v3,cryopreserved biobank sample,total PBMC,10335,3370,17.1,0.0,0.0,0.0,0.0,1.077,0.677,2.913,0.0,0.0,0.0,0.0,0.0,0.0,0.0,0.0,0.677,1.077,0.0,0.0,2.802,0.677,5.739,5.149,5.036,2.455,2.168,4.126,5.333,4.573,5.03,3.147,3.434,4.045,1.583,0.677,0.0,1.764,1.077,0.0,0.0,CD14 monocyte
CCGCACCTATCCCTCA-1_D19,D19,F,56,SLE,C,10x 3' v3,cryopreserved biobank sample,total PBMC,3344,1458,5.14,3.329,1.943,0.0,1.384,0.0,0.0,3.216,1.943,1.384,1.384,1.384,2.941,1.384,1.384,2.562,0.0,0.0,0.0,0.0,0.0,0.0,0.0,0.0,0.0,0.0,0.0,0.0,3.825,5.32,5.53,1.384,2.562,2.77,0.0,1.384,0.0,1.384,2.562,0.0,0.0,CD8 T
AGTAGCCCCTATGCAT-1_D19,D19,F,56,SLE,C,10x 3' v3,cryopreserved biobank sample,total PBMC,7913,2470,9.46,0.0,0.0,0.817,0.817,1.567,0.0,0.0,0.0,0.0,0.0,0.0,0.0,0.0,0.0,0.0,0.0,0.0,2.994,2.408,4.219,0.0,1.261,0.817,0.0,0.0,0.0,0.0,4.549,5.516,4.986,2.783,0.817,2.701,2.287,1.801,0.0,1.261,1.99,0.0,0.0,B
GCTAGACAGAGTTACG-1_D19,D19,F,56,SLE,C,10x 3' v3,cryopreserved biobank sample,total PBMC,10780,3413,17.32,0.0,0.0,0.0,0.0,0.656,0.656,2.873,0.0,0.0,0.0,0.0,0.656,0.0,0.656,0.0,0.0,2.973,0.0,0.0,3.064,1.049,4.511,2.873,3.616,2.235,2.131,3.147,3.897,5.69,4.403,3.106,2.416,2.973,2.57,1.049,0.0,1.73,1.049,0.0,0.0,CD16 monocyte
TAAAGGCTCCCAGTCT-1_D19,D19,F,56,SLE,C,10x 3' v3,cryopreserved biobank sample,total PBMC,13600,4120,6.56,0.0,0.551,0.0,0.0,0.904,0.0,3.229,0.0,0.0,0.0,0.0,0.0,0.0,0.0,0.0,0.0,0.0,0.0,0.0,3.138,3.038,5.427,4.218,5.966,3.55,1.371,3.872,4.936,4.77,3.34,2.285,1.371,1.929,1.816,1.165,0.0,1.165,0.551,0.0,0.0,CD14 monocyte
GCCGGGTTAAGATATC-1_D19,D19,F,56,SLE,C,10x 3' v3,cryopreserved biobank sample,total PBMC,4467,1882,5.84,0.0,0.0,0.0,0.0,0.0,0.0,2.94,0.0,0.0,0.0,0.0,0.0,0.0,0.0,0.0,0.0,0.0,0.0,0.0,3.606,2.043,5.385,6.116,5.654,3.476,0.0,3.721,4.345,5.622,5.218,2.94,1.175,2.298,2.669,1.701,0.0,2.298,1.701,0.0,0.0,CD14 monocyte
GTAAGGACCGAGGGTA-1_D19,D19,F,56,SLE,C,10x 3' v3,cryopreserved biobank sample,total PBMC,4441,1900,5.33,0.0,0.0,0.0,0.0,1.179,0.0,0.0,0.0,0.0,0.0,0.0,0.0,0.0,0.0,1.179,0.0,0.0,2.506,3.829,2.303,0.0,0.0,0.0,0.0,0.0,0.0,0.0,3.779,5.72,5.507,2.303,2.945,3.158,1.705,1.179,0.0,1.705,0.0,0.0,0.0,B
CATATGGTTCTACGCT-1_D19,D19,F,56,SLE,C,10x 3' v3,cryopreserved biobank sample,total PBMC,7710,2978,9.3,2.953,0.832,1.587,2.637,0.832,0.0,1.587,0.0,0.0,0.832,0.832,2.013,0.0,0.0,0.0,0.0,0.0,0.0,0.0,0.0,0.0,0.832,1.279,0.0,0.0,0.0,0.0,4.822,5.606,5.07,2.311,2.726,2.726,1.587,2.311,0.0,0.832,0.0,0.0,0.0,CD4 memory T
CTTGACCATCCGATGC-1_D19,D19,F,56,SLE,C,10x 3' v3,cryopreserved biobank sample,total PBMC,7138,2524,6.94,0.0,0.876,0.0,0.876,0.876,0.0,3.153,0.0,0.876,0.0,0.0,0.0,0.0,0.0,0.0,0.876,0.0,0.0,0.0,2.798,1.336,5.629,5.27,5.483,3.368,1.336,3.153,4.492,5.21,4.375,3.503,2.709,2.611,1.888,2.241,0.0,1.888,2.241,0.0,0.0,CD14 monocyte
CGGAGCGTGACTCGCC-1_D19,D19,F,56,SLE,C,10x 3' v3,cryopreserved biobank sample,total PBMC,4518,1644,5.41,0.0,1.691,1.167,1.691,1.167,0.0,1.167,0.0,0.0,1.167,0.0,0.0,0.0,0.0,0.0,0.0,0.0,0.0,0.0,0.0,0.0,0.0,1.691,1.167,0.0,0.0,0.0,4.633,6.075,6.368,2.803,1.167,1.167,2.033,2.033,0.0,1.691,0.0,0.0,0.0,CD4 naive T
CGAATATCCGATGAGG-1_D19,D19,F,56,SLE,C,10x 3' v3,cryopreserved biobank sample,total PBMC,9031,2932,7.36,0.0,0.0,0.0,0.745,1.464,0.745,2.034,0.0,0.0,0.0,0.0,0.0,0.0,0.0,0.0,0.745,0.0,0.0,0.0,2.491,0.745,5.504,5.54,6.11,3.595,0.745,2.288,4.676,5.685,3.763,3.625,1.464,2.288,1.877,0.0,0.0,0.745,1.877,0.0,0.0,CD14 monocyte
GGCGCACTTATGAGGG-1_D19,D19,F,56,SLE,C,10x 3' v3,cryopreserved biobank sample,total PBMC,3672,1772,6.08,2.853,1.864,1.864,2.216,1.315,1.864,2.476,0.0,0.0,0.0,0.0,0.0,0.0,0.0,0.0,0.0,0.0,0.0,0.0,0.0,0.0,1.315,0.0,1.864,0.0,0.0,0.0,4.064,6.163,6.911,2.999,2.682,3.239,1.864,2.999,0.0,1.315,0.0,0.0,0.0,CD4 naive T
CCTGACTTGGAGGTCG-1_D19,D19,F,56,SLE,C,10x 3' v3,cryopreserved biobank sample,total PBMC,7219,2571,7.23,0.0,0.0,0.0,0.869,0.0,0.0,3.648,0.0,0.0,0.0,0.0,0.869,0.869,0.0,0.869,0.0,0.0,0.0,0.0,2.231,1.878,4.996,5.086,4.729,3.873,1.327,2.07,3.929,5.793,4.008,3.902,2.869,3.492,2.6,1.878,0.0,1.64,1.64,0.0,0.0,CD14 monocyte
GTAGCACAGGAAAGGC-1_D19,D19,F,56,SLE,C,10x 3' v3,cryopreserved biobank sample,total PBMC,10372,3437,7.54,2.605,1.074,0.675,0.675,1.359,0.0,3.856,1.915,2.048,1.359,3.814,2.605,0.675,0.0,1.359,0.0,1.074,0.0,0.675,0.0,0.0,0.675,0.675,1.359,0.675,0.0,0.0,4.091,4.539,5.128,1.761,1.915,2.165,1.761,1.359,0.0,0.675,1.359,0.0,0.0,CD8 T
TTTGCGCCAGGATGGA-1_D19,D19,F,56,SLE,C,10x 3' v3,cryopreserved biobank sample,total PBMC,4329,1767,10.13,2.699,2.699,0.0,0.0,1.197,0.0,3.081,2.071,0.0,2.843,3.507,2.699,2.53,1.197,2.071,0.0,1.197,0.0,0.0,0.0,0.0,0.0,1.197,2.326,0.0,0.0,0.0,4.738,4.971,5.092,0.0,1.197,2.53,2.326,1.197,0.0,0.0,1.197,0.0,0.0,CD8 T
CTCGCTAAGAATTCTG-1_D19,D19,F,56,SLE,C,10x 3' v3,cryopreserved biobank sample,total PBMC,8076,2821,6.45,0.0,0.0,0.0,0.0,0.806,0.806,3.539,0.0,0.806,0.806,0.0,0.0,0.0,0.0,0.0,0.0,0.806,0.0,0.806,3.296,2.764,5.811,5.531,5.275,3.923,0.806,2.682,5.236,4.885,4.142,3.872,1.784,2.389,2.389,2.269,0.0,2.974,0.806,0.0,0.0,CD14 monocyte
CTTAAGAGATTAGAGG-1_D19,D19,F,56,SLE,C,10x 3' v3,cryopreserved biobank sample,total PBMC,5313,2288,7.64,1.561,2.509,0.0,0.0,1.058,0.0,2.509,1.561,1.561,2.343,3.161,2.343,2.651,0.0,1.894,1.561,1.561,0.0,0.0,0.0,0.0,1.561,1.058,1.561,0.0,0.0,0.0,3.375,5.527,4.115,2.887,2.776,1.561,2.509,1.058,0.0,0.0,1.058,0.0,0.0,CD8 T
CCGCGAGACACAGAGA-1_D19,D19,F,56,SLE,C,10x 3' v3,cryopreserved biobank sample,total PBMC,4373,1780,7.84,0.0,0.0,0.0,0.0,1.19,0.0,2.52,0.0,0.0,0.0,0.0,0.0,0.0,0.0,0.0,0.0,2.062,0.0,0.0,3.172,1.19,4.502,3.497,4.476,2.317,1.718,3.172,5.971,4.275,5.275,3.741,3.172,3.564,2.062,1.19,0.0,1.19,0.0,0.0,0.0,CD16 monocyte
AGCTCACACTTATGGG-1_D19,D19,F,56,SLE,C,10x 3' v3,cryopreserved biobank sample,total PBMC,6414,2353,7.11,3.422,2.337,1.979,0.94,1.979,2.601,2.337,0.0,0.0,0.0,0.0,0.0,0.0,0.0,0.0,0.0,0.0,0.0,0.0,0.0,0.0,0.0,0.94,0.0,0.0,0.0,0.0,4.917,5.657,5.705,1.415,2.809,2.478,1.979,0.0,0.0,1.736,0.0,0.0,0.0,CD4 naive T
GCTATCAAAGCCACAT-1_D19,D19,F,56,SLE,C,10x 3' v3,cryopreserved biobank sample,total PBMC,4169,1707,9.74,3.118,2.565,1.223,0.0,0.0,1.223,2.879,2.565,1.757,1.757,2.879,2.879,1.757,1.223,1.757,2.36,0.0,0.0,0.0,0.0,0.0,0.0,1.757,0.0,0.0,0.0,0.0,4.149,5.588,5.888,1.757,2.36,2.104,2.565,0.0,0.0,2.104,1.757,0.0,0.0,CD8 T
CTGTAGACTCCGCACG-1_D19,D19,F,56,SLE,C,10x 3' v3,cryopreserved biobank sample,total PBMC,6504,2485,5.57,2.588,1.405,0.0,0.0,0.931,0.931,2.697,2.325,1.725,0.931,2.465,1.725,1.967,0.931,0.931,1.405,0.931,0.0,0.0,0.0,0.0,0.0,0.0,1.725,0.0,0.0,0.0,3.301,5.946,4.97,2.588,1.405,1.725,1.725,1.405,0.0,1.405,0.0,0.0,0.0,CD8 T
ATGATCACCAGGGTCG-1_D19,D19,F,56,SLE,C,10x 3' v3,cryopreserved biobank sample,total PBMC,10733,3548,4.99,0.658,0.0,0.0,0.658,0.0,0.0,3.11,0.0,0.658,0.0,0.0,0.0,0.658,0.0,0.0,0.0,0.0,0.0,0.0,2.706,1.733,5.418,4.96,5.977,2.824,2.018,3.397,5.323,5.253,3.151,3.11,1.334,1.733,1.052,1.886,0.0,1.733,0.658,0.0,0.0,CD14 monocyte
CCACACACGCATAATT-1_D19,D19,F,56,SLE,C,10x 3' v3,cryopreserved biobank sample,total PBMC,5760,2052,5.05,2.701,2.27,0.0,0.0,0.0,0.0,2.072,2.27,1.007,1.826,3.231,1.007,1.826,0.0,2.577,0.0,1.007,0.0,0.0,0.0,0.0,1.007,0.0,1.498,0.0,0.0,0.0,2.577,5.058,5.952,2.811,1.498,3.083,2.072,0.0,0.0,1.498,1.007,0.0,0.0,CD8 T
GAGTTGCATCTGATAC-1_D19,D19,F,56,SLE,C,10x 3' v3,cryopreserved biobank sample,total PBMC,5778,2308,11.97,0.0,0.0,0.0,0.0,0.0,0.0,2.574,0.0,0.0,0.0,0.0,0.0,0.0,0.0,0.0,0.0,0.0,0.0,0.0,3.665,2.907,4.346,4.368,5.436,3.294,1.823,3.357,5.227,6.244,4.9,2.574,2.267,4.39,2.698,2.267,0.0,2.07,0.0,0.0,1.005,CD14 monocyte
CAGCATACCCAGGCCA-1_D19,D19,F,56,SLE,C,10x 3' v3,cryopreserved biobank sample,total PBMC,8276,2776,4.24,0.0,0.0,0.0,0.0,0.0,0.0,2.741,0.0,0.0,0.0,0.0,0.0,0.0,0.0,0.0,0.0,0.0,0.0,0.0,3.74,1.229,4.345,4.642,4.606,2.474,2.247,3.124,5.535,5.093,4.915,2.741,2.247,3.07,2.571,2.474,0.0,0.792,0.0,0.0,0.0,CD14 monocyte
GAGTCGTTGATGCAAA-1_D19,D19,F,56,SLE,C,10x 3' v3,cryopreserved biobank sample,total PBMC,5674,2083,4.14,3.245,2.086,0.0,1.016,1.016,0.0,2.825,1.51,1.51,1.51,3.015,2.284,1.839,0.0,2.086,2.086,1.016,0.0,0.0,0.0,0.0,0.0,1.51,0.0,0.0,0.0,0.0,4.45,6.409,6.13,1.51,2.284,0.0,0.0,1.51,0.0,0.0,0.0,0.0,0.0,CD8 T
ACGAGCAGCTATCGTT-1_D19,D19,F,56,SLE,C,10x 3' v3,cryopreserved biobank sample,total PBMC,3719,1456,8.48,3.654,1.305,2.205,2.464,0.0,0.0,2.464,0.0,0.0,1.305,0.0,0.0,0.0,0.0,0.0,0.0,0.0,0.0,0.0,0.0,0.0,0.0,0.0,0.0,0.0,0.0,0.0,2.987,5.578,5.459,3.504,1.853,2.464,1.853,0.0,0.0,1.853,1.853,0.0,0.0,CD4 naive T
GCACTGCCTACCTTTT-1_D19,D19,F,56,SLE,C,10x 3' v3,cryopreserved biobank sample,total PBMC,7754,2548,8.47,0.0,0.0,0.0,0.0,0.828,0.0,3.648,0.0,0.0,0.0,0.0,0.0,0.0,0.0,0.828,0.0,0.828,0.0,0.828,3.013,2.534,4.785,4.906,5.721,2.426,0.828,3.013,4.997,4.795,3.38,3.681,2.305,3.987,2.008,2.305,0.0,1.275,1.583,0.0,0.0,CD14 monocyte
GCGCCGATGTACATGT-1_D19,D19,F,56,SLE,C,10x 3' v3,cryopreserved biobank sample,total PBMC,4639,1667,6.18,2.466,1.149,2.264,2.01,1.67,1.149,1.67,0.0,0.0,0.0,0.0,0.0,0.0,0.0,0.0,0.0,0.0,0.0,0.0,0.0,0.0,0.0,0.0,1.149,0.0,0.0,0.0,3.507,5.517,5.98,1.149,1.149,3.291,1.149,0.0,0.0,1.67,1.67,0.0,0.0,CD4 naive T
GTCAAACAAGTCTCTT-1_D19,D19,F,56,SLE,C,10x 3' v3,cryopreserved biobank sample,total PBMC,6937,2274,6.76,3.722,1.672,0.0,0.893,0.893,0.893,3.239,0.0,0.893,1.672,3.612,2.825,2.406,0.0,2.267,0.893,0.893,0.0,0.0,0.0,0.0,0.893,1.357,0.0,0.893,0.0,0.0,5.239,5.837,4.988,2.267,1.357,3.053,1.672,1.912,0.0,1.672,1.357,0.0,0.0,CD8 T
ACTGGTGATACCAGAC-1_D19,D19,F,56,SLE,C,10x 3' v3,cryopreserved biobank sample,total PBMC,5227,2126,3.52,3.62,1.908,2.358,0.0,1.069,0.0,3.62,0.0,0.0,2.358,2.158,0.0,1.069,0.0,0.0,0.0,0.0,0.0,0.0,0.0,0.0,1.069,1.069,0.0,0.0,0.0,0.0,4.647,5.95,5.381,1.574,0.0,1.069,0.0,1.908,0.0,1.574,1.069,0.0,0.0,CD4 memory T
GCAGTTCCCTACACAC-1_D19,D19,F,56,SLE,C,10x 3' v3,cryopreserved biobank sample,total PBMC,4971,1762,6.69,1.951,1.951,2.403,1.951,0.0,0.0,2.713,0.0,0.0,1.614,1.102,2.202,0.0,0.0,0.0,0.0,0.0,0.0,0.0,0.0,0.0,1.102,0.0,0.0,0.0,0.0,0.0,4.56,5.719,4.679,2.403,0.0,2.713,1.614,0.0,0.0,1.102,1.614,0.0,0.0,CD4 memory T
GGGCTCTCCTCGCGAT-1_D19,D19,F,56,SLE,C,10x 3' v3,cryopreserved biobank sample,total PBMC,3931,1434,5.09,2.619,2.155,0.0,0.0,0.0,0.0,2.789,0.0,0.0,0.0,0.0,1.806,0.0,0.0,0.0,0.0,0.0,0.0,0.0,0.0,0.0,1.265,0.0,0.0,0.0,0.0,0.0,3.73,4.704,5.381,2.155,2.414,3.061,2.414,1.265,0.0,0.0,1.265,0.0,0.0,CD4 memory T
CAGACGCTTAACATCT-1_D19,D19,F,56,SLE,C,10x 3' v3,cryopreserved biobank sample,total PBMC,5894,2080,3.95,3.451,2.679,2.249,2.555,1.48,0.0,1.48,0.0,0.0,0.0,0.992,0.0,0.0,0.0,0.0,0.0,0.0,0.0,0.0,0.0,0.0,0.992,0.0,0.0,0.0,0.0,0.0,3.882,4.51,5.024,2.888,2.249,2.555,2.414,1.48,0.0,2.555,2.052,0.0,0.0,CD4 naive T
CTGCCTAGTGCAGGAC-1_D19,D19,F,56,SLE,C,10x 3' v3,cryopreserved biobank sample,total PBMC,3339,1399,6.46,1.385,1.385,1.385,2.563,1.385,0.0,2.301,0.0,0.0,1.385,0.0,1.385,0.0,0.0,0.0,0.0,0.0,0.0,0.0,0.0,1.385,0.0,0.0,0.0,0.0,0.0,0.0,3.33,5.982,4.933,3.525,2.563,3.759,3.089,1.385,0.0,1.385,1.385,0.0,0.0,CD4 naive T
CACGCTCAATCTCCGT-1_D19,D19,F,56,SLE,C,10x 3' v3,cryopreserved biobank sample,total PBMC,7659,2682,5.04,2.019,2.019,1.828,2.019,1.593,0.0,1.828,0.0,0.0,0.0,0.835,0.835,0.0,0.0,0.0,0.835,0.0,0.0,0.0,0.0,0.0,0.0,0.0,0.0,0.0,0.0,0.0,4.306,4.554,5.632,2.019,1.593,2.179,2.316,1.593,0.0,1.828,0.835,0.0,0.0,CD4 naive T
ACGCGTAGGTGTCCCT-1_D19,D19,F,56,SLE,C,10x 3' v3,cryopreserved biobank sample,total PBMC,4404,1773,2.86,3.557,2.056,2.311,1.712,0.0,2.056,2.953,0.0,0.0,0.0,0.0,0.0,0.0,0.0,0.0,0.0,0.0,0.0,0.0,0.0,0.0,1.185,0.0,1.712,0.0,0.0,0.0,4.97,6.647,6.174,1.712,2.827,3.065,2.056,1.712,0.0,1.712,0.0,0.0,0.0,CD4 naive T
AAATCGGCTATAGACA-1_D19,D19,F,56,SLE,C,10x 3' v3,cryopreserved biobank sample,total PBMC,8994,2972,4.7,0.0,0.0,0.0,0.0,0.748,0.0,1.467,0.0,0.0,0.0,0.0,0.0,0.748,0.0,0.0,0.0,0.0,0.0,0.0,3.629,1.467,5.331,4.435,5.476,2.872,1.695,3.192,4.112,4.339,4.648,2.933,2.933,4.199,2.583,1.695,0.0,2.037,0.748,0.0,0.0,CD14 monocyte
AAACTACCGCCTTCCT-1_D19,D19,F,56,SLE,C,10x 3' v3,cryopreserved biobank sample,total PBMC,8909,3078,10.8,0.0,0.0,0.0,1.474,0.753,0.753,2.942,0.0,0.0,0.0,0.0,0.0,0.0,0.0,0.0,0.753,0.0,0.0,0.0,3.054,2.503,5.132,4.102,5.005,3.106,0.0,3.0,5.313,5.683,3.407,4.121,3.289,2.942,1.889,0.753,0.0,1.889,1.474,0.0,0.0,CD14 monocyte
GCGGTGCCAGTCTGTA-1_D19,D19,F,56,SLE,C,10x 3' v3,cryopreserved biobank sample,total PBMC,2821,1203,5.62,0.0,0.0,0.0,0.0,0.0,0.0,3.596,0.0,1.514,0.0,0.0,0.0,0.0,0.0,0.0,0.0,0.0,0.0,0.0,2.93,1.514,5.518,3.992,5.313,2.091,1.514,3.103,4.884,5.296,3.494,3.38,2.091,3.103,1.514,0.0,0.0,0.0,2.091,0.0,0.0,CD14 monocyte
GCGACGGAATCTCTCA-1_D19,D19,F,56,SLE,C,10x 3' v3,cryopreserved biobank sample,total PBMC,6800,2541,5.84,3.002,0.0,1.929,2.123,0.0,0.0,2.123,0.0,0.0,0.0,0.0,0.0,0.904,0.0,0.0,0.0,0.0,0.904,0.0,0.904,0.0,0.0,0.904,0.904,0.904,0.904,0.0,4.458,6.199,4.163,2.123,2.123,0.904,2.656,2.123,0.0,1.929,1.929,0.0,0.0,CD4 naive T
GGAGCCGAACATCGCG-1_D20,D20,M,30,SLE,C,10x 3' v3,cryopreserved biobank sample,total PBMC,3878,1602,5.49,2.167,1.818,0.0,2.802,2.167,0.0,1.275,0.0,0.0,0.0,0.0,1.275,0.0,0.0,1.275,0.0,0.0,0.0,0.0,0.0,0.0,0.0,0.0,0.0,0.0,0.0,0.0,4.182,6.729,5.754,2.426,2.167,2.631,0.0,0.0,1.818,2.947,0.0,1.818,0.0,CD4 memory T
CACCAGATAGTAGGTC-1_D20,D20,M,30,SLE,C,10x 3' v3,cryopreserved biobank sample,total PBMC,3515,1497,3.47,2.516,2.723,2.723,2.894,1.347,0.0,1.901,0.0,0.0,0.0,0.0,0.0,0.0,0.0,0.0,0.0,0.0,0.0,0.0,0.0,1.347,0.0,1.347,0.0,0.0,0.0,0.0,3.281,5.975,4.107,2.723,1.347,1.347,1.901,0.0,2.255,1.901,2.255,1.347,0.0,CD4 naive T
TGGGTCTAAATGCATT-1_D20,D20,M,30,SLE,C,10x 3' v3,cryopreserved biobank sample,total PBMC,4412,1956,2.6,0.0,0.0,0.0,1.184,1.184,0.0,2.309,1.184,2.054,0.0,1.711,1.184,0.0,0.0,0.0,0.0,0.0,0.0,0.0,0.0,0.0,0.0,0.0,0.0,0.0,0.0,0.0,4.266,4.797,5.073,3.884,2.309,2.951,2.825,0.0,1.184,2.309,2.681,0.0,0.0,CD8 T
AGTGGGTGCCTCTCGA-1_D20,D20,M,30,SLE,C,10x 3' v3,cryopreserved biobank sample,total PBMC,3694,1610,8.17,0.0,2.211,0.0,1.859,0.0,0.0,1.859,2.677,0.0,1.859,2.847,1.859,1.31,0.0,0.0,0.0,0.0,0.0,0.0,0.0,0.0,0.0,0.0,0.0,1.31,0.0,0.0,4.305,6.321,4.409,2.211,1.859,2.211,1.31,0.0,2.211,2.471,1.31,0.0,0.0,CD8 T
AGACGTGATCTCCTCT-1_D20,D20,M,30,SLE,C,10x 3' v3,cryopreserved biobank sample,total PBMC,3325,1513,6.88,3.529,2.567,0.0,2.305,1.948,1.388,2.305,0.0,0.0,0.0,0.0,0.0,0.0,0.0,0.0,0.0,0.0,0.0,0.0,0.0,0.0,0.0,0.0,0.0,0.0,0.0,0.0,2.947,5.559,5.559,2.567,1.388,1.948,1.388,0.0,1.948,2.567,1.948,1.388,0.0,CD4 naive T
TCGCGTATCTTCAACG-1_D20,D20,M,30,SLE,C,10x 3' v3,cryopreserved biobank sample,total PBMC,4829,1946,5.53,3.252,0.0,1.122,2.43,1.976,1.122,0.0,0.0,0.0,0.0,0.0,0.0,0.0,0.0,0.0,0.0,0.0,0.0,0.0,0.0,0.0,0.0,0.0,0.0,0.0,0.0,0.0,4.041,5.025,4.65,2.228,1.976,2.228,0.0,0.0,2.228,2.228,1.637,0.0,0.0,CD4 naive T
TGTCCTAACTTCTGTT-1_D20,D20,M,30,SLE,C,10x 3' v3,cryopreserved biobank sample,total PBMC,11220,4002,9.75,0.0,0.0,0.637,0.0,1.023,0.0,3.109,0.0,0.0,0.0,0.0,0.637,0.0,0.0,0.0,0.0,0.637,0.0,0.0,3.779,1.301,5.164,5.705,4.973,3.759,1.301,3.981,4.191,5.524,3.716,2.533,1.697,1.848,0.637,0.0,1.023,2.887,2.836,1.023,0.0,CD14 monocyte
CGTAAAGACAAAGGTG-1_D20,D20,M,30,SLE,C,10x 3' v3,cryopreserved biobank sample,total PBMC,5592,2407,8.23,2.938,2.098,0.0,1.851,1.025,0.0,3.326,1.025,1.851,1.025,1.521,1.851,1.521,0.0,1.025,0.0,0.0,0.0,0.0,0.0,0.0,0.0,1.025,1.521,0.0,0.0,0.0,3.741,5.678,5.602,2.604,2.098,1.025,2.297,0.0,1.521,2.728,2.098,1.025,0.0,CD8 T
CTCGTTAATTTTGGAC-1_D20,D20,M,30,SLE,C,10x 3' v3,cryopreserved biobank sample,total PBMC,4540,1830,4.67,2.798,3.228,2.283,2.029,1.164,0.0,2.283,0.0,0.0,0.0,0.0,0.0,0.0,0.0,0.0,0.0,0.0,0.0,0.0,0.0,0.0,0.0,0.0,0.0,0.0,0.0,0.0,4.026,6.272,4.561,1.164,2.283,1.164,2.798,0.0,1.687,2.283,2.924,0.0,0.0,CD4 naive T
TCAACGCTAAGGACAC-1_D20,D20,M,30,SLE,C,10x 3' v3,cryopreserved biobank sample,total PBMC,4007,1560,5.7,3.155,1.251,0.0,0.0,0.0,0.0,1.251,2.139,1.251,1.251,1.251,0.0,0.0,0.0,0.0,0.0,0.0,0.0,0.0,0.0,0.0,0.0,0.0,0.0,0.0,0.0,0.0,4.149,5.08,4.708,2.601,2.139,3.043,2.396,0.0,1.79,0.0,2.139,1.79,0.0,CD8 T
TAGCTTCCGCGAAACC-1_D20,D20,M,30,SLE,C,10x 3' v3,cryopreserved biobank sample,total PBMC,5686,2319,5.02,2.713,1.508,2.282,2.282,2.084,0.0,1.508,0.0,0.0,0.0,0.0,1.508,1.015,0.0,0.0,0.0,0.0,0.0,0.0,0.0,0.0,1.015,0.0,1.015,0.0,0.0,0.0,4.427,5.835,5.261,1.015,1.508,2.589,1.508,0.0,2.447,3.243,2.447,1.508,0.0,CD4 memory T
AGAAGCGGTATTTCCA-1_D20,D20,M,30,SLE,C,10x 3' v3,cryopreserved biobank sample,total PBMC,3728,1822,6.64,1.851,0.0,1.851,1.304,1.851,0.0,1.851,0.0,0.0,0.0,0.0,0.0,0.0,0.0,0.0,0.0,1.304,0.0,0.0,0.0,0.0,0.0,0.0,1.851,0.0,0.0,0.0,4.581,5.104,4.4,0.0,2.202,3.112,2.202,0.0,2.462,2.839,2.668,0.0,0.0,CD4 naive T
ACCTATCCGTAAGGGG-1_D20,D20,M,30,SLE,C,10x 3' v3,cryopreserved biobank sample,total PBMC,5311,2342,7.14,2.652,1.561,1.561,2.652,1.059,1.059,1.059,0.0,0.0,0.0,0.0,1.561,1.059,0.0,0.0,0.0,0.0,0.0,0.0,0.0,0.0,1.561,1.059,1.561,0.0,0.0,0.0,3.161,6.06,4.383,2.777,2.343,1.894,2.509,0.0,3.438,2.652,2.144,1.561,0.0,CD4 naive T
TGAGCGTTGTACCGTG-1_D20,D20,M,30,SLE,C,10x 3' v3,cryopreserved biobank sample,total PBMC,1956,995,5.28,3.605,1.81,2.418,2.418,0.0,1.81,0.0,0.0,0.0,0.0,0.0,0.0,0.0,0.0,0.0,0.0,0.0,0.0,0.0,0.0,0.0,0.0,0.0,1.81,0.0,0.0,0.0,3.954,6.065,5.991,1.81,1.81,2.418,1.81,0.0,2.418,1.81,0.0,0.0,0.0,CD4 naive T
AAATAACCAGACACCG-1_D20,D20,M,30,SLE,C,10x 3' v3,cryopreserved biobank sample,total PBMC,2917,1266,4.45,2.898,0.0,0.0,0.0,0.0,0.0,2.424,3.461,0.0,0.0,0.0,2.424,1.488,0.0,0.0,2.061,1.488,0.0,0.0,0.0,0.0,0.0,1.488,0.0,0.0,0.0,0.0,4.336,5.779,5.045,3.564,2.424,2.689,1.488,0.0,0.0,3.347,1.488,0.0,0.0,CD8 T
CTAACCATTTGGCACT-1_D20,D20,M,30,SLE,C,10x 3' v3,cryopreserved biobank sample,total PBMC,6598,2323,8.91,2.954,2.312,0.0,0.923,2.149,0.923,2.149,0.0,0.0,0.0,0.0,0.0,0.0,0.0,0.0,0.0,0.0,0.0,0.0,0.0,0.923,0.923,0.923,0.0,0.0,0.0,0.0,4.702,5.573,5.912,0.0,2.312,0.0,1.394,0.0,2.872,0.0,2.872,0.923,0.0,CD4 naive T
TACATTCCCTTACCGC-1_D20,D20,M,30,SLE,C,10x 3' v3,cryopreserved biobank sample,total PBMC,4375,2007,3.83,0.0,0.0,0.0,1.19,0.0,0.0,1.19,0.0,0.0,0.0,0.0,0.0,0.0,0.0,0.0,0.0,0.0,2.52,2.52,3.347,0.0,0.0,0.0,1.19,0.0,0.0,0.0,4.306,5.847,6.258,1.718,1.718,2.833,1.718,0.0,2.689,2.689,3.071,1.718,0.0,B
TCATAAGGGATTCGGG-1_D20,D20,M,30,SLE,C,10x 3' v3,cryopreserved biobank sample,total PBMC,6485,2364,3.75,0.0,0.0,0.0,0.0,2.7,0.933,1.727,0.0,0.0,0.0,0.933,0.0,0.0,0.0,0.0,0.0,0.0,0.0,2.591,3.411,0.0,0.0,0.0,1.727,0.933,0.0,0.0,4.061,5.904,5.555,2.468,1.727,2.328,1.407,0.0,0.933,2.165,2.468,2.468,0.0,B
GTTCAGGCGCAATTAG-1_D20,D20,M,30,SLE,C,10x 3' v3,cryopreserved biobank sample,total PBMC,8948,3220,5.97,0.0,0.0,0.0,0.0,0.0,0.75,3.242,0.0,0.0,0.75,2.499,4.931,4.001,2.812,1.885,0.75,2.042,0.0,0.0,0.0,0.0,0.75,0.75,0.75,0.0,0.0,0.0,3.403,6.134,4.685,0.0,1.471,2.177,0.0,0.0,2.177,2.177,2.499,1.699,0.0,NK
ACTCACGCATAGGCCT-1_D20,D20,M,30,SLE,C,10x 3' v3,cryopreserved biobank sample,total PBMC,5063,1910,7.71,1.09,2.386,1.599,1.599,1.935,1.09,2.386,0.0,0.0,0.0,0.0,0.0,0.0,0.0,1.09,1.09,0.0,0.0,0.0,0.0,0.0,0.0,0.0,1.09,0.0,0.0,0.0,3.422,5.695,5.986,3.033,2.696,2.386,1.599,0.0,1.935,1.599,2.696,0.0,0.0,CD4 naive T
AAATTATGCCCCTCTT-1_D20,D20,M,30,SLE,C,10x 3' v3,cryopreserved biobank sample,total PBMC,9694,3437,7.17,3.025,1.818,0.0,1.119,1.41,1.634,2.225,2.225,0.0,0.709,2.594,0.709,0.709,0.709,0.709,0.0,0.0,0.709,0.0,0.0,0.0,0.0,1.119,1.119,0.0,0.0,0.709,4.074,5.447,5.048,2.594,2.331,2.426,1.634,0.0,1.119,2.331,0.709,1.119,0.0,CD8 T
ACACGGTTCAAGTGCC-1_D20,D20,M,30,SLE,C,10x 3' v3,cryopreserved biobank sample,total PBMC,5588,2345,4.76,2.729,1.521,0.0,1.026,1.851,0.0,1.026,0.0,0.0,0.0,0.0,0.0,0.0,1.026,0.0,0.0,0.0,0.0,0.0,1.026,0.0,0.0,0.0,0.0,0.0,0.0,0.0,4.034,6.355,5.609,2.297,1.521,2.099,0.0,0.0,1.026,1.851,2.099,1.026,0.0,CD4 naive T
CTTGTTCTCCACGCTA-1_D20,D20,M,30,SLE,C,10x 3' v3,cryopreserved biobank sample,total PBMC,4187,1634,6.28,2.73,2.1,0.0,1.22,1.22,1.22,3.113,2.1,1.754,0.0,1.754,1.22,0.0,0.0,0.0,0.0,0.0,0.0,0.0,0.0,0.0,0.0,0.0,0.0,0.0,0.0,0.0,4.955,5.194,5.653,0.0,1.754,2.356,2.1,0.0,2.875,3.306,2.356,0.0,0.0,CD8 T
ACCAACATGGAGCGTC-1_D20,D20,M,30,SLE,C,10x 3' v3,cryopreserved biobank sample,total PBMC,3732,1615,5.74,2.984,1.85,0.0,1.303,1.85,0.0,0.0,0.0,0.0,0.0,0.0,0.0,0.0,0.0,0.0,0.0,0.0,0.0,0.0,0.0,0.0,1.85,0.0,0.0,0.0,0.0,0.0,4.885,5.699,5.671,2.838,1.85,1.303,1.303,0.0,2.461,3.224,2.202,1.303,0.0,CD4 memory T
TCAATAACAGGCTGCA-1_D20,D20,M,30,SLE,C,10x 3' v3,cryopreserved biobank sample,total PBMC,7526,2732,5.27,2.194,1.297,0.845,0.0,0.0,0.0,2.659,1.843,0.845,1.607,1.607,2.332,0.0,0.845,0.0,0.0,0.0,0.0,0.845,0.0,0.0,0.845,0.0,0.0,0.845,0.0,0.0,4.063,5.797,5.395,3.041,0.0,2.194,1.297,0.0,2.194,1.607,1.843,0.0,0.0,CD8 T
ATCGAGTTAAGCAAAA-1_D20,D20,M,30,SLE,C,10x 3' v3,cryopreserved biobank sample,total PBMC,2776,1208,7.69,2.105,2.469,0.0,1.527,1.527,1.527,0.0,2.469,1.527,0.0,0.0,0.0,0.0,1.527,1.527,0.0,0.0,0.0,0.0,0.0,0.0,0.0,0.0,0.0,0.0,0.0,0.0,4.588,5.548,4.692,2.945,0.0,2.735,0.0,0.0,1.527,2.469,2.105,1.527,0.0,CD8 T
TTTCAATATCAGCAGA-1_D20,D20,M,30,SLE,C,10x 3' v3,cryopreserved biobank sample,total PBMC,4237,1911,4.73,1.212,1.212,2.089,1.744,1.212,1.212,1.744,0.0,0.0,0.0,1.212,0.0,0.0,0.0,0.0,0.0,1.212,0.0,0.0,0.0,0.0,0.0,0.0,0.0,0.0,0.0,0.0,4.874,5.385,4.133,3.102,1.212,2.549,2.346,0.0,0.0,2.089,2.346,1.744,0.0,CD4 naive T
ATGCCTGATTACCCCC-1_D20,D20,M,30,SLE,C,10x 3' v3,cryopreserved biobank sample,total PBMC,5527,2087,3.26,2.109,0.0,1.033,1.033,1.53,1.033,1.53,2.615,1.861,1.033,2.949,0.0,0.0,0.0,0.0,0.0,0.0,1.033,0.0,0.0,0.0,1.033,1.033,1.53,0.0,0.0,0.0,4.663,5.869,4.344,2.739,2.307,1.861,2.473,0.0,2.473,2.473,2.615,1.033,0.0,CD8 T
TCTCATCCTAGAAAAA-1_D20,D20,M,30,SLE,C,10x 3' v3,cryopreserved biobank sample,total PBMC,3708,1577,5.58,2.99,2.467,1.855,2.207,0.0,0.0,0.0,0.0,0.0,1.308,0.0,0.0,0.0,0.0,0.0,1.308,0.0,0.0,0.0,0.0,0.0,0.0,0.0,0.0,0.0,0.0,0.0,2.673,4.302,4.95,1.308,0.0,3.331,2.207,0.0,1.855,3.23,2.467,0.0,0.0,CD4 naive T
TATTTTGGATGGCACC-1_D20,D20,M,30,SLE,C,10x 3' v3,cryopreserved biobank sample,total PBMC,2948,1385,7.68,3.337,1.48,0.0,2.679,2.052,2.052,0.0,0.0,0.0,0.0,0.0,0.0,0.0,0.0,0.0,0.0,0.0,0.0,0.0,0.0,0.0,0.0,0.0,0.0,0.0,0.0,1.48,3.809,5.969,3.949,3.731,2.052,3.337,2.052,0.0,2.052,2.679,1.48,0.0,0.0,CD4 naive T
GCCGAAAACCAGTGGT-1_D20,D20,M,30,SLE,C,10x 3' v3,cryopreserved biobank sample,total PBMC,4921,1934,7.26,3.311,1.109,1.622,2.412,0.0,0.0,1.109,0.0,0.0,0.0,0.0,0.0,0.0,0.0,0.0,0.0,0.0,0.0,0.0,0.0,0.0,0.0,0.0,0.0,0.0,0.0,1.622,4.023,4.936,4.812,2.96,2.96,3.234,1.109,0.0,2.58,2.58,2.58,1.109,0.0,CD4 naive T
GACCGGGGCTTTCCCA-1_D20,D20,M,30,SLE,C,10x 3' v3,cryopreserved biobank sample,total PBMC,4922,2051,7.3,3.311,1.622,1.622,1.959,1.622,0.0,1.109,0.0,0.0,0.0,0.0,0.0,0.0,0.0,0.0,0.0,0.0,0.0,0.0,0.0,0.0,0.0,1.109,0.0,0.0,0.0,0.0,3.866,5.573,5.573,2.211,1.959,2.848,1.622,0.0,1.959,2.211,3.449,0.0,0.0,CD4 naive T
CTTCCGACCGAGTCTT-1_D20,D20,M,30,SLE,C,10x 3' v3,cryopreserved biobank sample,total PBMC,4264,1820,5.06,0.0,0.0,0.0,0.0,1.208,0.0,2.544,1.208,0.0,1.208,3.45,3.197,4.42,1.739,1.739,2.34,1.739,0.0,0.0,0.0,0.0,1.208,0.0,0.0,0.0,0.0,0.0,4.164,5.288,5.708,0.0,1.739,1.208,1.208,0.0,0.0,1.739,1.739,1.208,0.0,NK
CCCACAACCTAAAAGG-1_D20,D20,M,30,SLE,C,10x 3' v3,cryopreserved biobank sample,total PBMC,2201,989,4.37,1.713,1.713,0.0,1.713,0.0,1.713,3.166,1.713,0.0,0.0,0.0,2.683,1.713,0.0,0.0,0.0,0.0,0.0,0.0,0.0,0.0,0.0,0.0,2.311,0.0,0.0,1.713,3.166,6.492,4.416,1.713,0.0,1.713,2.311,0.0,1.713,1.713,1.713,0.0,0.0,CD8 T
TCAGACTAGTCGACGT-1_D20,D20,M,30,SLE,C,10x 3' v3,cryopreserved biobank sample,total PBMC,5074,2060,7.01,2.184,2.551,0.0,0.0,0.0,1.598,1.933,1.089,1.089,0.0,2.551,2.385,0.0,0.0,0.0,1.089,0.0,0.0,0.0,1.089,0.0,0.0,0.0,0.0,0.0,0.0,0.0,4.474,5.487,6.494,2.931,1.933,2.385,1.933,0.0,1.089,2.385,2.385,1.933,0.0,CD8 T
AAGCGCCAAGAGGAAC-1_D20,D20,M,30,SLE,C,10x 3' v3,cryopreserved biobank sample,total PBMC,5694,2114,5.43,2.587,2.822,1.507,2.083,1.014,1.014,2.083,0.0,0.0,0.0,0.0,0.0,0.0,0.0,0.0,0.0,0.0,0.0,0.0,0.0,0.0,1.014,1.014,1.014,1.014,0.0,0.0,4.241,5.194,5.884,1.014,2.083,3.309,0.0,0.0,1.014,1.836,2.446,1.014,0.0,CD4 naive T
GGGCGCATCTACATGT-1_D20,D20,M,30,SLE,C,10x 3' v3,cryopreserved biobank sample,total PBMC,6499,2533,8.58,0.0,0.0,0.0,0.0,0.0,0.0,1.726,0.932,0.0,0.0,3.551,3.751,4.584,3.636,2.466,1.405,2.698,0.0,0.0,0.0,0.0,0.0,0.0,0.0,0.0,0.0,0.0,4.059,5.264,5.998,2.796,2.588,2.163,2.588,0.0,0.932,1.726,1.968,0.0,0.0,NK
TTAGAACTACAGAGTT-1_D20,D20,M,30,SLE,C,10x 3' v3,cryopreserved biobank sample,total PBMC,2876,1300,7.54,2.436,2.702,0.0,1.499,1.499,2.074,1.499,0.0,0.0,0.0,0.0,0.0,0.0,0.0,0.0,0.0,0.0,0.0,0.0,0.0,0.0,0.0,0.0,2.074,0.0,0.0,0.0,4.304,5.704,5.976,2.912,0.0,1.499,0.0,0.0,1.499,2.074,2.436,0.0,0.0,CD4 naive T
TAACCGCGGTTGTACT-1_D20,D20,M,30,SLE,C,10x 3' v3,cryopreserved biobank sample,total PBMC,4922,1786,7.33,0.0,0.0,0.0,0.0,0.0,0.0,2.412,0.0,0.0,0.0,0.0,0.0,0.0,0.0,0.0,0.0,0.0,0.0,1.109,3.234,2.211,3.777,5.268,4.526,3.512,1.622,3.06,5.122,5.932,4.359,3.06,2.412,2.848,1.109,0.0,1.959,3.571,2.58,0.0,0.0,CD14 monocyte
TCCGGCATGGATACGG-1_D20,D20,M,30,SLE,C,10x 3' v3,cryopreserved biobank sample,total PBMC,7267,2664,4.56,3.075,2.064,1.322,0.865,1.872,0.865,1.322,0.0,0.0,0.0,0.0,0.865,0.0,0.0,0.0,0.0,0.0,0.0,0.0,0.0,0.0,0.0,0.0,0.865,0.0,0.0,0.0,3.443,5.815,5.739,1.872,0.865,2.225,0.865,0.0,2.486,2.594,2.364,2.225,0.0,CD4 naive T
GATTGACTCAACAAAG-1_D20,D20,M,30,SLE,C,10x 3' v3,cryopreserved biobank sample,total PBMC,4344,1856,5.0,2.695,1.195,0.0,2.527,0.0,0.0,1.724,0.0,0.0,0.0,0.0,0.0,0.0,0.0,0.0,0.0,0.0,0.0,0.0,0.0,1.195,0.0,0.0,0.0,0.0,0.0,0.0,4.968,5.183,5.103,1.195,0.0,2.695,2.527,0.0,2.323,2.068,1.724,2.068,0.0,CD4 naive T
CATATGCCCTGGACAG-1_D20,D20,M,30,SLE,C,10x 3' v3,cryopreserved biobank sample,total PBMC,2331,1081,4.0,0.0,0.0,0.0,0.0,0.0,0.0,1.666,0.0,0.0,0.0,0.0,0.0,0.0,0.0,0.0,0.0,0.0,3.286,1.666,2.63,0.0,0.0,0.0,0.0,1.666,0.0,0.0,3.435,5.959,5.854,1.666,1.666,0.0,1.666,0.0,2.26,3.435,2.63,0.0,0.0,B
GCCCCACTTTAATTAT-1_D20,D20,M,30,SLE,C,10x 3' v3,cryopreserved biobank sample,total PBMC,5258,2217,9.36,1.903,2.519,1.065,0.0,1.903,1.065,3.171,1.065,0.0,0.0,1.569,1.903,0.0,0.0,1.065,0.0,0.0,0.0,0.0,0.0,0.0,1.569,0.0,0.0,0.0,0.0,0.0,2.352,4.241,5.006,2.352,0.0,2.786,2.519,0.0,3.087,2.153,1.569,0.0,0.0,CD8 T
GTAGAACTCTGAATAT-1_D20,D20,M,30,SLE,C,10x 3' v3,cryopreserved biobank sample,total PBMC,3578,1520,5.93,0.0,0.0,0.0,0.0,1.334,0.0,2.877,0.0,0.0,0.0,2.706,3.759,4.179,2.877,2.877,2.239,1.885,0.0,0.0,0.0,0.0,0.0,0.0,0.0,0.0,0.0,0.0,3.822,5.784,5.389,3.024,1.334,3.024,2.239,0.0,1.334,3.542,1.885,1.334,0.0,NK
GCATCAGTCGGTGACG-1_D20,D20,M,30,SLE,C,10x 3' v3,cryopreserved biobank sample,total PBMC,4380,1942,5.05,0.0,0.0,0.0,0.0,0.0,0.0,2.06,1.189,0.0,0.0,2.06,3.98,4.944,3.562,2.688,2.519,1.717,0.0,0.0,0.0,0.0,0.0,0.0,0.0,0.0,0.0,0.0,4.726,5.712,5.384,2.958,2.316,1.189,1.189,0.0,2.06,2.316,2.06,1.189,0.0,NK
GGTTCTGAGTCTGCAT-1_D20,D20,M,30,SLE,C,10x 3' v3,cryopreserved biobank sample,total PBMC,4012,1729,5.44,2.77,0.0,1.789,3.581,1.251,1.789,1.251,0.0,0.0,0.0,1.251,0.0,0.0,0.0,0.0,0.0,0.0,0.0,0.0,0.0,1.789,0.0,0.0,0.0,0.0,0.0,0.0,5.014,5.361,3.154,1.789,1.789,1.789,0.0,0.0,1.251,2.77,2.915,1.251,0.0,CD4 naive T
ATTCGCGTCGATACTA-1_D20,D20,M,30,SLE,C,10x 3' v3,cryopreserved biobank sample,total PBMC,2109,880,6.39,2.35,1.748,0.0,3.88,0.0,1.748,1.748,0.0,0.0,0.0,0.0,0.0,0.0,0.0,0.0,0.0,0.0,0.0,0.0,0.0,0.0,0.0,0.0,0.0,0.0,0.0,0.0,5.029,5.903,4.563,3.207,1.748,2.994,1.748,0.0,2.723,3.383,1.748,0.0,0.0,CD4 naive T
TCCCTATATATTATTC-1_D20,D20,M,30,SLE,C,10x 3' v3,cryopreserved biobank sample,total PBMC,7110,2629,5.91,2.614,2.506,1.338,1.891,1.338,1.338,2.245,0.0,0.0,0.0,0.878,0.0,0.878,0.0,0.0,0.0,0.0,0.0,0.0,0.0,0.0,0.878,1.338,0.0,0.0,0.0,0.0,2.884,6.296,4.983,3.095,2.384,2.506,2.245,0.0,2.506,2.802,1.338,1.338,0.0,CD4 naive T
TTTTGCCCTAATTAAC-1_D20,D20,M,30,SLE,C,10x 3' v3,cryopreserved biobank sample,total PBMC,4037,1737,4.27,0.0,2.39,0.0,0.0,1.246,0.0,3.341,2.39,1.246,0.0,2.132,3.341,1.784,1.784,1.784,1.784,0.0,0.0,0.0,0.0,0.0,0.0,0.0,1.246,0.0,0.0,0.0,3.705,6.275,5.496,1.784,2.132,2.594,0.0,0.0,1.784,2.132,2.764,0.0,0.0,CD8 T
AGGGATGGTAGCTAGG-1_D20,D20,M,30,SLE,C,10x 3' v3,cryopreserved biobank sample,total PBMC,4042,1740,4.56,2.389,0.0,0.0,0.0,1.245,0.0,1.783,2.908,1.245,1.783,0.0,1.783,1.783,1.245,0.0,0.0,0.0,0.0,0.0,0.0,0.0,0.0,0.0,0.0,0.0,0.0,0.0,3.871,5.654,5.131,1.783,0.0,1.245,0.0,0.0,2.131,3.035,2.131,0.0,0.0,CD8 T
GTTAAGTAAAGTGTTA-1_D20,D20,M,30,SLE,C,10x 3' v3,cryopreserved biobank sample,total PBMC,3761,1503,9.97,1.843,1.297,0.0,1.843,1.297,1.297,1.843,2.976,0.0,0.0,1.843,2.195,0.0,0.0,0.0,0.0,0.0,0.0,0.0,0.0,0.0,0.0,0.0,0.0,0.0,0.0,1.297,4.323,6.628,5.7,3.571,2.976,1.843,2.83,0.0,2.66,2.83,1.843,0.0,0.0,CD8 T
GAGAGGTCGCACAGCA-1_D20,D20,M,30,SLE,C,10x 3' v3,cryopreserved biobank sample,total PBMC,5305,2145,9.11,0.0,0.0,0.0,0.0,1.06,0.0,3.377,0.0,0.0,0.0,0.0,0.0,0.0,0.0,0.0,0.0,0.0,0.0,0.0,2.51,1.895,4.537,5.498,4.686,4.259,1.895,4.384,4.204,4.204,3.31,3.553,1.562,2.888,2.344,0.0,2.51,3.239,2.344,1.06,0.0,CD14 monocyte
CTGCACAGTTTGCCCT-1_D20,D20,M,30,SLE,C,10x 3' v3,cryopreserved biobank sample,total PBMC,4224,1858,8.15,2.993,1.214,2.092,2.349,0.0,1.214,0.0,0.0,0.0,0.0,0.0,0.0,0.0,0.0,0.0,0.0,0.0,0.0,0.0,0.0,0.0,0.0,0.0,0.0,0.0,0.0,0.0,3.297,6.152,5.584,1.214,1.214,2.349,1.214,0.0,2.092,2.722,2.552,0.0,0.0,CD4 naive T
CAGGCATAGCTACCGC-1_D20,D20,M,30,SLE,C,10x 3' v3,cryopreserved biobank sample,total PBMC,4343,1842,5.96,0.0,0.0,0.0,0.0,0.0,0.0,2.323,0.0,0.0,0.0,1.195,2.527,4.402,3.801,2.068,1.195,2.84,0.0,0.0,0.0,0.0,0.0,0.0,0.0,0.0,0.0,0.0,4.65,6.735,4.509,0.0,2.323,1.724,0.0,0.0,1.195,2.696,1.724,0.0,0.0,NK
AGGCTCCAAACTATCC-1_D20,D20,M,30,SLE,C,10x 3' v3,cryopreserved biobank sample,total PBMC,7198,2654,8.15,3.084,2.073,1.881,2.234,1.329,1.329,1.329,0.0,0.0,0.0,0.871,0.0,0.0,0.0,0.0,0.0,0.0,0.0,0.0,0.0,0.0,0.871,0.0,0.0,0.0,0.0,0.0,3.985,5.31,5.163,2.872,2.872,2.79,2.373,0.0,2.603,0.871,1.881,0.0,0.0,CD4 naive T
TAGCAGCGGGTGTCGG-1_D20,D20,M,30,SLE,C,10x 3' v3,cryopreserved biobank sample,total PBMC,5647,2275,7.53,3.102,1.513,0.0,1.019,1.843,0.0,3.102,1.019,1.019,1.843,0.0,0.0,1.513,0.0,1.513,0.0,0.0,0.0,0.0,1.019,0.0,0.0,1.019,0.0,0.0,0.0,0.0,4.91,5.538,5.681,2.288,2.595,2.83,1.843,0.0,2.453,3.316,1.019,0.0,0.0,CD8 T
CTCCCGCTGCTCTAGA-1_D20,D20,M,30,SLE,C,10x 3' v3,cryopreserved biobank sample,total PBMC,8292,2873,4.55,2.739,2.109,0.0,0.791,0.0,0.791,0.0,1.227,1.762,1.227,1.53,1.53,0.791,0.0,0.0,0.791,0.0,0.0,0.0,0.0,0.0,0.0,0.791,0.0,0.0,0.0,0.0,4.173,4.965,4.75,1.95,2.473,3.123,1.95,0.0,1.762,2.884,1.53,0.791,0.0,CD8 T
ACAGGGGAAGACCCCC-1_D20,D20,M,30,SLE,C,10x 3' v3,cryopreserved biobank sample,total PBMC,3248,1641,11.27,2.326,0.0,0.0,1.406,0.0,0.0,0.0,0.0,0.0,0.0,0.0,0.0,0.0,0.0,0.0,0.0,0.0,0.0,0.0,0.0,0.0,0.0,0.0,0.0,0.0,0.0,0.0,3.714,6.501,5.692,2.326,1.406,1.406,0.0,0.0,2.589,2.326,1.968,1.968,0.0,CD4 memory T
GAGCGGCGGGGCCTAT-1_D20,D20,M,30,SLE,C,10x 3' v3,cryopreserved biobank sample,total PBMC,6038,2130,5.1,2.392,2.392,0.0,1.786,0.977,0.0,2.228,2.392,0.0,0.0,1.461,0.0,0.0,0.0,0.0,0.0,0.0,0.0,0.0,0.0,0.0,0.977,0.0,0.977,0.0,0.0,0.0,4.256,5.272,3.822,1.461,0.977,0.0,0.977,0.0,2.228,2.533,0.977,1.786,0.0,CD8 T
TCGCGGCGGCATACCC-1_D20,D20,M,30,SLE,C,10x 3' v3,cryopreserved biobank sample,total PBMC,5995,2598,4.97,3.259,1.792,0.981,2.54,2.038,0.981,1.467,0.0,0.0,0.0,0.0,0.0,0.0,0.0,0.0,0.0,0.0,0.0,0.0,0.0,0.0,0.0,0.0,0.0,0.0,0.0,0.0,4.81,6.51,5.152,2.038,0.981,0.981,1.467,0.0,2.54,0.0,1.792,0.0,0.0,CD4 naive T
TGACGGCGAGTCGACA-1_D20,D20,M,30,SLE,C,10x 3' v3,cryopreserved biobank sample,total PBMC,4772,2129,5.39,3.656,1.647,0.0,1.13,0.0,0.0,0.0,2.752,1.13,1.647,2.877,1.13,0.0,1.13,1.13,0.0,0.0,0.0,0.0,0.0,0.0,1.13,0.0,0.0,0.0,0.0,1.13,4.309,5.064,4.738,2.239,1.647,2.752,2.239,0.0,2.608,1.13,2.877,0.0,0.0,NK
TTCATCCTCGCGCTCT-1_D20,D20,M,30,SLE,C,10x 3' v3,cryopreserved biobank sample,total PBMC,6504,2425,7.78,3.458,2.162,0.0,1.405,1.405,1.967,1.405,1.725,0.0,0.931,1.725,0.931,0.0,0.0,0.0,0.0,0.0,0.0,0.0,0.0,0.0,0.931,1.405,0.0,0.0,0.0,0.931,4.716,6.548,5.654,1.725,1.725,1.405,1.405,0.0,0.931,2.465,2.325,1.725,0.0,CD8 T
GGACACTCCTCCGACT-1_D20,D20,M,30,SLE,C,10x 3' v3,cryopreserved biobank sample,total PBMC,6785,2463,8.4,2.846,2.125,0.0,1.69,1.69,1.69,1.69,1.373,0.906,0.0,1.373,0.906,0.906,0.0,0.0,0.0,0.0,0.0,0.0,0.0,0.0,1.373,0.0,0.0,0.0,0.0,0.906,4.313,6.487,5.334,2.125,2.125,2.928,1.931,0.0,0.906,1.931,2.846,0.0,0.0,CD8 T
GGCTTCTCAGAGCTAG-1_D20,D20,M,30,SLE,C,10x 3' v3,cryopreserved biobank sample,total PBMC,5375,2047,7.38,2.133,1.884,0.0,1.884,1.552,0.0,1.051,2.641,0.0,0.0,2.332,0.0,0.0,0.0,0.0,0.0,0.0,0.0,0.0,0.0,0.0,0.0,0.0,1.051,0.0,0.0,0.0,4.439,4.072,5.927,2.876,1.884,2.332,2.133,0.0,2.641,1.552,2.641,1.552,0.0,CD8 T
GGTCCAGGGGAATAGA-1_D20,D20,M,30,SLE,C,10x 3' v3,cryopreserved biobank sample,total PBMC,7240,2442,5.07,0.868,0.868,0.0,0.0,0.0,0.0,2.367,1.325,0.0,0.0,2.598,3.953,4.325,3.645,2.229,2.489,3.354,0.0,0.0,0.0,0.0,0.0,0.868,0.0,0.0,0.0,0.0,3.748,6.49,5.421,0.0,1.876,2.068,1.638,0.0,2.229,1.876,0.0,0.0,0.0,NK
AGGACTAGAACGCACG-1_D20,D20,M,30,SLE,C,10x 3' v3,cryopreserved biobank sample,total PBMC,2423,1124,8.3,2.225,1.634,0.0,0.0,0.0,0.0,1.634,2.594,2.225,0.0,1.634,0.0,0.0,0.0,0.0,0.0,0.0,0.0,0.0,0.0,0.0,0.0,0.0,0.0,0.0,0.0,0.0,3.397,5.251,5.963,0.0,2.863,3.397,1.634,0.0,3.397,2.594,2.863,0.0,0.0,CD8 T
CAATATTCGGACTCAG-1_D20,D20,M,30,SLE,C,10x 3' v3,cryopreserved biobank sample,total PBMC,12808,4364,3.96,2.942,1.738,0.0,1.417,1.417,0.577,2.261,1.59,0.941,1.866,1.59,1.59,0.941,0.941,0.941,0.0,0.0,0.577,0.577,0.577,0.0,1.207,0.0,0.941,0.0,0.0,0.0,4.005,4.682,4.125,2.176,1.417,2.9,1.59,0.0,2.856,2.856,1.738,0.577,0.0,CD8 T
AGCCGATCCCGTCGTC-1_D20,D20,M,30,SLE,C,10x 3' v3,cryopreserved biobank sample,total PBMC,5845,2119,7.36,2.422,2.422,1.814,2.563,1.487,0.0,0.997,0.0,0.997,0.0,0.0,0.0,0.0,0.0,0.997,0.0,0.0,0.0,0.0,0.0,0.0,0.997,0.0,0.0,0.0,0.0,0.0,4.378,6.178,5.225,2.896,2.257,2.896,2.06,0.0,1.814,0.997,2.563,0.997,0.0,CD4 naive T
GGGGGACCACAGCCAT-1_D20,D20,M,30,SLE,C,10x 3' v3,cryopreserved biobank sample,total PBMC,2464,1322,8.35,1.621,2.21,0.0,0.0,0.0,0.0,2.21,0.0,0.0,2.21,2.21,2.578,0.0,0.0,0.0,0.0,0.0,0.0,0.0,0.0,0.0,0.0,0.0,0.0,0.0,0.0,0.0,4.249,4.305,4.057,3.381,2.578,2.21,1.621,0.0,1.621,0.0,2.21,0.0,0.0,CD8 T
ATTGCCTTGACTCTAC-1_D20,D20,M,30,SLE,C,10x 3' v3,cryopreserved biobank sample,total PBMC,3899,1615,4.38,2.942,0.0,2.163,1.813,0.0,0.0,1.271,0.0,1.271,0.0,0.0,0.0,0.0,0.0,0.0,0.0,0.0,0.0,0.0,0.0,0.0,0.0,0.0,0.0,0.0,0.0,0.0,4.48,5.182,5.365,1.813,2.163,2.421,0.0,0.0,2.797,1.271,2.797,0.0,0.0,CD4 naive T
GTTAAGGATCACTGCG-1_D20,D20,M,30,SLE,C,10x 3' v3,cryopreserved biobank sample,total PBMC,5607,2358,7.4,0.0,0.0,0.0,1.024,1.849,0.0,1.849,0.0,0.0,0.0,0.0,1.024,0.0,0.0,0.0,0.0,0.0,2.096,2.936,4.121,0.0,0.0,0.0,1.024,0.0,0.0,0.0,4.306,5.293,4.441,2.096,2.096,0.0,2.294,0.0,1.849,2.096,2.602,1.024,0.0,B
AAGGAAAGTGGGCTCG-1_D20,D20,M,30,SLE,C,10x 3' v3,cryopreserved biobank sample,total PBMC,4042,1743,6.04,0.0,0.0,0.0,0.0,0.0,0.0,0.0,0.0,0.0,0.0,0.0,0.0,0.0,0.0,0.0,0.0,0.0,2.593,3.035,4.059,0.0,0.0,0.0,0.0,0.0,0.0,0.0,3.922,5.99,5.821,3.147,2.388,3.34,1.245,0.0,1.783,1.245,1.245,0.0,0.0,B
ACTATACGTGTGTGGC-1_D20,D20,M,30,SLE,C,10x 3' v3,cryopreserved biobank sample,total PBMC,4050,1715,4.25,2.387,2.591,0.0,0.0,1.782,0.0,0.0,0.0,0.0,0.0,0.0,1.244,0.0,0.0,0.0,0.0,0.0,0.0,0.0,0.0,0.0,1.244,1.244,0.0,0.0,0.0,0.0,4.413,5.95,5.856,3.246,2.591,2.906,2.387,0.0,1.244,3.145,1.782,1.782,0.0,CD4 memory T
CGTCCTTATACTTGGC-1_D20,D20,M,30,SLE,C,10x 3' v3,cryopreserved biobank sample,total PBMC,4073,1766,4.88,2.901,2.124,0.0,3.333,0.0,1.777,1.24,0.0,0.0,0.0,0.0,0.0,0.0,0.0,0.0,0.0,0.0,0.0,0.0,0.0,0.0,0.0,1.24,1.24,0.0,0.0,1.24,4.622,6.013,5.357,1.777,1.777,1.777,1.777,0.0,2.124,2.586,2.124,1.24,0.0,CD4 naive T
TTGCGAATCTGCTGTG-1_D20,D20,M,30,SLE,C,10x 3' v3,cryopreserved biobank sample,total PBMC,8052,3115,7.0,0.0,0.0,0.0,0.0,1.553,0.0,2.392,0.0,0.0,0.0,0.0,0.0,0.0,0.0,0.0,0.0,0.0,0.0,0.0,2.134,1.248,5.436,3.822,5.463,3.676,1.248,2.685,5.185,5.328,3.95,2.271,1.553,2.5,1.248,0.0,1.248,1.786,3.387,0.807,0.0,CD14 monocyte
CGTCCTAGACCGCCTT-1_D20,D20,M,30,SLE,C,10x 3' v3,cryopreserved biobank sample,total PBMC,8365,3049,7.19,2.731,2.101,1.221,2.465,1.221,0.0,0.786,0.0,0.0,0.0,0.786,0.0,0.0,0.786,0.0,0.0,0.786,0.0,0.0,0.0,0.0,0.786,0.0,0.786,0.0,0.0,0.0,3.838,5.699,6.142,2.806,2.101,2.465,0.0,0.0,2.357,2.237,2.465,1.221,0.0,CD4 memory T
ATTGCAGTGAGCACCA-1_D20,D20,M,30,SLE,C,10x 3' v3,cryopreserved biobank sample,total PBMC,2565,1282,6.67,2.175,0.0,0.0,2.175,2.541,0.0,2.175,2.175,0.0,2.175,0.0,0.0,0.0,0.0,0.0,0.0,0.0,0.0,0.0,0.0,0.0,0.0,1.589,0.0,0.0,0.0,1.589,4.77,5.258,6.036,1.589,2.809,0.0,2.809,0.0,0.0,2.175,2.541,0.0,0.0,CD8 T
ACAGATACTGAGCCAG-1_D20,D20,M,30,SLE,C,10x 3' v3,cryopreserved biobank sample,total PBMC,4382,1606,5.44,2.832,2.315,1.188,2.687,0.0,1.188,1.188,0.0,0.0,0.0,0.0,0.0,0.0,0.0,1.188,0.0,0.0,0.0,0.0,0.0,0.0,0.0,0.0,1.716,0.0,0.0,0.0,3.89,5.903,5.616,1.716,1.188,2.315,2.315,0.0,3.625,2.518,2.06,0.0,0.0,CD4 naive T
CTCGCGGGCTGAGAGA-1_D20,D20,M,30,SLE,C,10x 3' v3,cryopreserved biobank sample,total PBMC,8696,3094,8.9,3.632,2.429,0.0,2.067,2.322,0.765,2.203,0.0,0.0,0.765,0.0,0.0,0.0,0.0,0.0,0.0,0.0,0.0,0.0,0.0,0.0,0.0,0.0,0.0,0.0,0.0,0.0,4.593,6.108,5.298,2.769,2.526,2.769,2.067,0.0,2.526,2.965,1.91,1.723,0.0,CD4 memory T
TTCCCGACTCACGATA-1_D20,D20,M,30,SLE,C,10x 3' v3,cryopreserved biobank sample,total PBMC,4736,1997,8.34,2.615,3.187,0.0,1.135,1.135,0.0,3.187,1.993,0.0,1.135,1.993,2.759,1.993,0.0,1.653,1.135,0.0,0.0,0.0,0.0,0.0,1.135,0.0,0.0,0.0,0.0,0.0,4.061,4.988,5.443,1.993,1.653,1.653,1.653,0.0,2.884,3.096,1.993,1.135,0.0,CD8 T
TTACTTTTGCTGAGTG-1_D20,D20,M,30,SLE,C,10x 3' v3,cryopreserved biobank sample,total PBMC,3555,1525,9.92,2.245,2.506,0.0,2.712,1.338,1.338,0.0,0.0,0.0,0.0,0.0,1.338,0.0,0.0,0.0,0.0,0.0,0.0,0.0,0.0,0.0,0.0,0.0,0.0,0.0,0.0,0.0,4.6,6.294,5.421,3.548,2.506,1.891,1.891,0.0,2.245,0.0,1.338,1.338,0.0,CD4 naive T
CCAATCTCGATAAGGA-1_D20,D20,M,30,SLE,C,10x 3' v3,cryopreserved biobank sample,total PBMC,6042,2238,5.31,0.0,0.0,0.0,0.0,0.0,0.0,2.865,0.976,0.976,0.976,3.038,5.043,4.592,2.955,2.031,2.766,2.656,0.0,0.0,0.0,0.0,1.786,0.0,1.461,0.0,0.0,0.0,4.048,6.474,5.979,2.392,0.0,0.976,2.031,0.0,1.786,2.955,2.766,0.0,0.0,NK
TCCGTCATCAGGCTGT-1_D20,D20,M,30,SLE,C,10x 3' v3,cryopreserved biobank sample,total PBMC,6872,2398,7.14,0.0,0.0,0.0,0.0,1.364,0.0,2.834,0.898,0.0,0.0,1.68,4.633,4.175,3.452,1.68,0.898,2.744,0.0,0.0,0.0,0.0,0.0,0.0,0.898,0.0,0.0,0.0,2.537,6.391,6.229,1.364,0.898,2.113,1.364,0.0,2.113,2.646,2.275,1.364,0.0,NK
TCGTACCCGGTATGTG-1_D20,D20,M,30,SLE,C,10x 3' v3,cryopreserved biobank sample,total PBMC,4311,1729,8.13,0.0,1.2,0.0,1.2,2.074,0.0,0.0,0.0,0.0,0.0,0.0,1.2,0.0,0.0,0.0,0.0,1.2,2.847,3.7,2.33,0.0,1.73,0.0,0.0,0.0,0.0,0.0,3.906,6.566,5.461,1.73,2.074,2.703,2.847,0.0,1.2,2.33,2.33,1.2,0.0,B
GAGAAAAACTTCAGTG-1_D20,D20,M,30,SLE,C,10x 3' v3,cryopreserved biobank sample,total PBMC,4498,1901,6.36,2.933,1.17,1.695,2.495,1.17,0.0,1.695,0.0,0.0,0.0,0.0,0.0,0.0,0.0,0.0,0.0,0.0,0.0,0.0,1.17,0.0,0.0,1.695,0.0,0.0,0.0,0.0,3.91,6.365,5.557,2.292,0.0,2.037,1.17,0.0,1.17,1.695,2.037,1.17,0.0,CD4 naive T
TCGGATTTAGTAATTA-1_D20,D20,M,30,SLE,C,10x 3' v3,cryopreserved biobank sample,total PBMC,6258,2339,3.47,3.28,2.0,2.733,2.623,1.757,1.434,0.0,0.0,0.0,0.0,0.0,0.0,0.0,0.0,0.0,0.955,0.0,0.0,0.0,0.0,0.0,0.0,1.757,1.757,0.0,0.0,0.0,3.751,5.06,4.754,2.0,1.434,1.434,1.434,0.0,1.757,2.36,2.0,1.757,0.0,CD4 memory T
ATTTGGAGGCTGGTCA-1_D20,D20,M,30,SLE,C,10x 3' v3,cryopreserved biobank sample,total PBMC,16238,4888,9.12,0.0,0.0,0.48,0.0,1.046,0.0,3.06,0.0,0.0,0.0,0.0,0.0,0.0,0.0,0.48,0.48,0.0,0.0,0.0,4.096,2.719,5.723,4.44,5.304,3.244,0.0,3.801,4.836,4.912,4.582,3.336,1.67,2.834,2.051,0.0,1.546,3.684,3.62,1.242,0.0,CD14 monocyte
CGTGTTAAAACGTCTC-1_D20,D20,M,30,SLE,C,10x 3' v3,cryopreserved biobank sample,total PBMC,11590,4077,4.04,0.622,0.0,0.0,0.0,1.003,0.0,2.067,0.0,0.0,0.0,0.0,0.0,0.0,0.0,0.0,0.0,0.0,0.0,0.0,2.503,0.622,4.714,5.317,4.844,3.881,1.278,3.44,4.802,5.53,4.625,3.117,1.67,2.856,2.265,0.0,1.003,2.752,2.905,1.67,0.0,CD14 monocyte
TAAAACATACTATCGA-1_D20,D20,M,30,SLE,C,10x 3' v3,cryopreserved biobank sample,total PBMC,4257,1743,4.09,3.374,2.545,0.0,2.985,2.085,0.0,2.341,0.0,1.209,0.0,0.0,0.0,0.0,0.0,0.0,0.0,0.0,0.0,0.0,0.0,0.0,1.209,0.0,0.0,0.0,0.0,1.209,3.198,6.332,2.985,1.209,1.209,2.859,1.209,0.0,2.341,2.714,2.341,1.209,0.0,CD4 naive T
CTGGCTCTAGGAAGCC-1_D20,D20,M,30,SLE,C,10x 3' v3,cryopreserved biobank sample,total PBMC,6060,2406,4.53,2.53,2.862,0.0,2.389,2.225,1.459,0.0,0.0,0.0,0.0,0.0,0.0,0.0,0.0,0.0,0.0,0.0,0.0,0.0,0.0,0.0,0.0,0.0,0.0,0.975,0.0,0.975,4.744,5.658,5.822,2.763,2.389,3.035,1.459,0.0,1.459,2.389,2.653,0.0,0.0,CD4 naive T
AGCGATGTAACTCGGG-1_D20,D20,M,30,SLE,C,10x 3' v3,cryopreserved biobank sample,total PBMC,4320,1835,10.13,0.0,0.0,0.0,0.0,0.0,0.0,1.198,0.0,0.0,0.0,0.0,0.0,0.0,0.0,0.0,0.0,0.0,2.073,3.084,3.276,0.0,0.0,2.328,0.0,0.0,0.0,0.0,3.576,3.084,5.459,2.328,1.728,2.328,0.0,0.0,2.701,2.532,2.701,1.198,0.0,B
TGGTGATCCAGGCGCC-1_D20,D20,M,30,SLE,C,10x 3' v3,cryopreserved biobank sample,total PBMC,6140,2232,11.01,3.514,2.751,1.449,1.773,0.966,0.966,1.449,0.0,0.0,0.0,0.966,0.0,0.0,0.0,0.0,0.0,0.0,0.0,0.0,0.0,0.0,0.0,0.0,0.0,0.0,0.0,0.0,3.17,5.774,6.121,3.17,1.773,3.412,2.518,0.0,1.773,0.966,2.751,0.0,0.0,CD4 memory T
GGCCTAAAACACCGCT-1_D20,D20,M,30,SLE,C,10x 3' v3,cryopreserved biobank sample,total PBMC,4295,1731,6.83,3.089,0.0,2.537,1.202,1.202,1.202,1.733,0.0,0.0,0.0,0.0,0.0,0.0,1.202,0.0,0.0,1.202,0.0,0.0,0.0,0.0,0.0,1.202,0.0,0.0,0.0,0.0,2.977,5.929,3.089,3.089,2.977,2.078,1.202,0.0,2.851,2.078,2.078,0.0,0.0,CD4 naive T
TGCGTCGCTAGCATGG-1_D20,D20,M,30,SLE,C,10x 3' v3,cryopreserved biobank sample,total PBMC,5762,2155,8.46,3.473,1.826,1.006,2.27,0.0,0.0,2.811,0.0,0.0,0.0,1.006,0.0,0.0,0.0,0.0,0.0,0.0,0.0,0.0,0.0,0.0,1.006,1.006,0.0,0.0,0.0,0.0,4.622,6.091,6.388,2.27,2.072,3.526,2.072,0.0,2.27,2.7,2.576,1.498,0.0,CD4 memory T
ACAGCACTCCCAATGG-1_D20,D20,M,30,SLE,C,10x 3' v3,cryopreserved biobank sample,total PBMC,4277,1960,11.43,1.736,1.736,0.0,1.736,2.081,1.205,2.337,2.081,1.205,0.0,0.0,0.0,0.0,0.0,0.0,0.0,0.0,0.0,0.0,0.0,0.0,0.0,0.0,0.0,1.205,0.0,0.0,3.093,6.033,5.728,2.71,0.0,1.205,1.205,0.0,2.981,1.205,0.0,1.736,0.0,CD8 T
TCAATTTTCCGTTCAT-1_D20,D20,M,30,SLE,C,10x 3' v3,cryopreserved biobank sample,total PBMC,5636,2203,3.95,3.495,1.515,1.02,1.02,1.02,0.0,1.515,2.092,0.0,0.0,1.02,1.515,1.02,0.0,0.0,0.0,0.0,0.0,0.0,0.0,0.0,0.0,0.0,0.0,0.0,0.0,0.0,4.435,4.924,5.736,1.844,2.092,1.515,1.02,0.0,1.515,2.092,1.515,0.0,0.0,CD8 T
ACTGCAACCTTTGTTG-1_D20,D20,M,30,SLE,C,10x 3' v3,cryopreserved biobank sample,total PBMC,2535,1243,6.75,1.598,2.82,0.0,0.0,0.0,0.0,2.82,0.0,0.0,1.598,1.598,1.598,0.0,0.0,0.0,0.0,0.0,0.0,0.0,0.0,0.0,0.0,0.0,0.0,0.0,0.0,0.0,4.22,5.42,4.475,2.185,1.598,2.185,2.185,0.0,1.598,1.598,2.185,1.598,0.0,CD8 T
CTCTGCTCGATATACT-1_D20,D20,M,30,SLE,C,10x 3' v3,cryopreserved biobank sample,total PBMC,3221,1409,9.5,0.0,0.0,0.0,0.0,1.412,0.0,2.597,0.0,0.0,0.0,0.0,0.0,0.0,0.0,1.412,0.0,0.0,0.0,0.0,2.597,3.124,5.233,6.041,4.441,2.597,1.412,4.779,4.968,5.164,3.862,3.925,1.975,2.597,2.597,0.0,2.805,3.252,2.805,0.0,0.0,CD14 monocyte
CTTCACTTCACAAGGA-1_D20,D20,M,30,SLE,C,10x 3' v3,cryopreserved biobank sample,total PBMC,3063,1399,4.52,2.379,2.379,0.0,0.0,2.019,0.0,2.643,0.0,0.0,0.0,0.0,0.0,0.0,0.0,0.0,0.0,0.0,0.0,0.0,0.0,0.0,0.0,0.0,0.0,0.0,0.0,0.0,3.609,5.831,5.331,2.852,2.643,2.379,1.45,0.0,2.019,0.0,1.45,0.0,0.0,CD4 naive T
ATGTCCCTCGCTAAAC-1_D20,D20,M,30,SLE,C,10x 3' v3,cryopreserved biobank sample,total PBMC,5965,2326,5.69,3.678,1.471,0.0,0.984,1.797,0.0,2.967,2.877,1.471,1.471,2.668,3.126,0.984,0.0,0.984,1.471,0.0,0.0,0.0,0.0,0.0,0.984,0.0,0.984,0.0,0.0,0.984,3.834,6.544,5.957,0.984,0.984,1.797,2.544,0.0,1.797,2.403,2.042,0.0,0.0,CD8 T
TATGCCTGTGACGAAC-1_D20,D20,M,30,SLE,C,10x 3' v3,cryopreserved biobank sample,total PBMC,4253,1814,9.0,2.86,1.741,1.741,2.086,0.0,0.0,0.0,0.0,1.209,0.0,0.0,0.0,0.0,0.0,1.209,0.0,0.0,0.0,0.0,0.0,0.0,1.209,1.209,0.0,0.0,0.0,0.0,4.603,4.94,5.695,2.342,2.342,3.098,2.546,0.0,1.209,2.546,2.342,1.741,0.0,CD4 naive T
TGCGGCTGGCAGAACT-1_D20,D20,M,30,SLE,C,10x 3' v3,cryopreserved biobank sample,total PBMC,3614,1602,8.52,2.491,2.23,0.0,1.326,0.0,0.0,1.326,0.0,0.0,0.0,0.0,0.0,0.0,1.326,0.0,0.0,0.0,0.0,0.0,0.0,0.0,0.0,0.0,1.326,0.0,0.0,0.0,3.141,6.352,5.933,2.697,2.491,0.0,1.326,0.0,2.868,3.014,1.326,1.877,0.0,CD4 naive T
CGCTTGGTGTGTCCCC-1_D20,D20,M,30,SLE,C,10x 3' v3,cryopreserved biobank sample,total PBMC,5716,2367,3.84,3.676,2.079,0.0,1.011,2.079,2.079,2.079,1.504,2.708,0.0,2.918,1.832,0.0,0.0,0.0,0.0,0.0,0.0,0.0,0.0,0.0,0.0,0.0,0.0,0.0,0.0,0.0,4.442,6.416,6.034,2.277,2.708,1.504,1.832,0.0,2.442,2.277,1.011,0.0,0.0,CD8 T
TAGCGGTGTCTTCTCA-1_D20,D20,M,30,SLE,C,10x 3' v3,cryopreserved biobank sample,total PBMC,4303,1760,5.04,1.201,1.731,1.201,1.731,1.201,0.0,1.201,0.0,0.0,0.0,0.0,0.0,0.0,0.0,0.0,0.0,0.0,1.201,0.0,0.0,1.201,0.0,0.0,0.0,0.0,0.0,0.0,4.039,5.453,5.915,3.279,1.201,2.076,1.201,0.0,1.731,3.279,0.0,1.731,0.0,CD4 naive T
AGTATTTGGGCAGACT-1_D20,D20,M,30,SLE,C,10x 3' v3,cryopreserved biobank sample,total PBMC,6337,2412,4.59,3.268,2.185,0.0,0.0,0.0,0.0,2.185,1.746,0.0,1.99,0.947,0.0,1.425,0.947,0.0,0.0,0.0,0.0,0.0,0.0,0.0,0.0,0.947,0.0,0.0,0.0,0.0,4.769,5.578,5.224,2.185,1.746,2.82,2.489,0.0,1.99,2.612,3.069,0.0,0.0,CD8 T
GGTCAACTCACCAAGG-1_D20,D20,M,30,SLE,C,10x 3' v3,cryopreserved biobank sample,total PBMC,3362,1445,6.99,2.295,0.0,0.0,0.0,0.0,0.0,2.765,2.295,1.38,1.38,2.295,1.38,0.0,0.0,0.0,0.0,0.0,0.0,0.0,0.0,0.0,0.0,0.0,0.0,0.0,0.0,1.38,3.82,5.139,6.349,1.939,1.38,1.939,0.0,0.0,1.939,2.765,3.324,1.38,0.0,CD8 T
CAGTCTCCGTTTGTCA-1_D20,D20,M,30,SLE,C,10x 3' v3,cryopreserved biobank sample,total PBMC,3031,1326,6.34,3.424,2.028,1.458,1.458,2.389,0.0,1.458,0.0,0.0,0.0,0.0,0.0,0.0,0.0,1.458,0.0,0.0,0.0,0.0,0.0,1.458,0.0,0.0,1.458,0.0,0.0,1.458,4.253,6.025,4.758,2.028,2.028,0.0,0.0,0.0,0.0,2.028,0.0,0.0,0.0,CD4 naive T
CCGAAGGCTAGCTATC-1_D20,D20,M,30,SLE,C,10x 3' v3,cryopreserved biobank sample,total PBMC,3141,1333,4.99,1.997,1.997,2.356,2.828,1.431,1.431,1.431,0.0,0.0,0.0,1.431,0.0,0.0,0.0,0.0,0.0,0.0,0.0,0.0,0.0,1.431,0.0,0.0,1.431,0.0,0.0,0.0,3.491,6.422,5.015,2.356,0.0,2.62,1.431,0.0,0.0,3.001,1.431,1.997,0.0,CD4 memory T
CTTCGTATCCCTCAGG-1_D20,D20,M,30,SLE,C,10x 3' v3,cryopreserved biobank sample,total PBMC,2867,1276,3.76,3.088,0.0,0.0,0.0,1.501,2.439,1.501,1.501,0.0,1.501,0.0,0.0,0.0,0.0,0.0,0.0,0.0,0.0,0.0,0.0,0.0,1.501,1.501,0.0,0.0,0.0,0.0,4.97,5.017,5.571,2.439,0.0,2.439,1.501,0.0,1.501,2.439,3.088,0.0,0.0,CD8 T
TGAACCACTAGAGGGG-1_D20,D20,M,30,SLE,C,10x 3' v3,cryopreserved biobank sample,total PBMC,3416,1371,2.15,0.0,0.0,0.0,0.0,0.0,0.0,1.368,0.0,0.0,0.0,0.0,0.0,0.0,0.0,0.0,0.0,0.0,1.925,2.281,2.281,0.0,0.0,1.368,0.0,0.0,0.0,0.0,4.266,5.342,4.932,0.0,1.368,2.281,0.0,0.0,0.0,2.75,0.0,0.0,0.0,B
TGCTATCCGTATAACA-1_D20,D20,M,30,SLE,C,10x 3' v3,cryopreserved biobank sample,total PBMC,3831,1528,4.73,0.0,0.0,0.0,1.284,1.284,0.0,0.0,0.0,0.0,0.0,0.0,0.0,0.0,0.0,0.0,0.0,0.0,2.813,2.643,3.693,0.0,0.0,1.284,1.284,0.0,0.0,0.0,4.111,5.986,5.026,2.437,2.643,1.828,2.643,0.0,2.437,2.437,1.828,1.284,0.0,B
ATCAGCTTGGTTCAAT-1_D20,D20,M,30,SLE,C,10x 3' v3,cryopreserved biobank sample,total PBMC,12958,4185,6.56,0.0,0.0,0.0,1.199,1.728,0.0,0.0,0.0,0.0,0.0,0.572,0.572,0.0,0.0,0.0,0.572,0.0,3.576,3.184,3.554,0.0,0.0,0.934,0.572,0.0,0.0,0.0,3.276,5.051,5.909,2.701,0.934,2.165,2.25,0.0,2.751,2.799,3.509,0.572,0.0,B
GCTCTAGGACGCCTTG-1_D20,D20,M,30,SLE,C,10x 3' v3,cryopreserved biobank sample,total PBMC,4363,1837,4.33,2.836,1.191,2.319,3.796,1.72,1.191,1.191,0.0,0.0,0.0,0.0,0.0,0.0,0.0,1.191,0.0,0.0,0.0,0.0,0.0,0.0,0.0,0.0,1.191,0.0,0.0,0.0,4.397,5.561,5.552,3.266,1.191,2.836,1.191,0.0,0.0,2.319,2.064,1.191,0.0,CD4 memory T
CCTCATGGTGGTCACG-1_D20,D20,M,30,SLE,C,10x 3' v3,cryopreserved biobank sample,total PBMC,6093,2518,8.36,0.0,0.0,0.0,0.0,0.0,0.0,3.106,0.0,0.0,0.971,0.0,0.0,0.0,0.0,0.0,0.0,0.0,0.0,0.0,2.648,0.971,4.821,4.583,5.368,2.758,2.525,3.471,4.315,5.035,4.885,3.305,2.947,3.419,2.22,0.0,2.758,2.857,3.849,1.454,0.0,CD14 monocyte
CAACAAAGGTGTAGAG-1_D20,D20,M,30,SLE,C,10x 3' v3,cryopreserved biobank sample,total PBMC,5562,2103,4.87,0.0,0.0,0.0,0.0,1.029,0.0,1.029,1.029,0.0,0.0,3.746,3.828,3.903,3.034,2.103,2.103,2.302,0.0,0.0,1.029,1.029,1.029,0.0,1.029,0.0,0.0,0.0,4.529,6.309,5.489,2.302,1.855,2.467,1.855,0.0,2.302,1.855,1.855,0.0,0.0,NK
GAGGAATGGCGCCTGT-1_D20,D20,M,30,SLE,C,10x 3' v3,cryopreserved biobank sample,total PBMC,3655,1566,5.17,2.48,1.868,2.857,1.868,1.868,0.0,2.22,0.0,0.0,0.0,0.0,0.0,0.0,0.0,0.0,0.0,0.0,0.0,0.0,0.0,0.0,0.0,1.318,0.0,0.0,0.0,0.0,4.452,4.965,6.179,2.48,1.318,1.868,2.22,0.0,1.318,2.48,0.0,1.318,0.0,CD4 memory T
GTGAAGCGCGTGTGGA-1_D20,D20,M,30,SLE,C,10x 3' v3,cryopreserved biobank sample,total PBMC,3005,1290,7.86,0.0,0.0,0.0,0.0,0.0,0.0,1.465,0.0,1.465,0.0,2.396,0.0,1.465,0.0,0.0,0.0,0.0,0.0,0.0,0.0,1.465,0.0,0.0,0.0,0.0,1.465,0.0,3.627,5.059,5.869,2.661,1.465,3.319,0.0,0.0,1.465,2.396,2.396,1.465,0.0,CD8 T
CCGAGTTCGTGGGCAG-1_D20,D20,M,30,SLE,C,10x 3' v3,cryopreserved biobank sample,total PBMC,6685,2639,5.23,0.0,0.0,0.0,0.915,1.703,0.0,1.703,0.0,0.0,0.0,0.0,0.0,0.915,0.0,0.0,0.0,0.0,3.216,1.703,3.567,0.915,0.915,0.0,0.0,0.0,0.915,0.0,4.781,6.033,5.709,3.088,2.138,2.138,1.384,0.0,2.3,2.138,0.0,0.0,0.0,B
GTACTAATTGGTGATA-1_D20,D20,M,30,SLE,C,10x 3' v3,cryopreserved biobank sample,total PBMC,2311,1167,7.39,3.443,0.0,0.0,0.0,1.673,0.0,3.119,1.673,1.673,0.0,0.0,0.0,0.0,0.0,0.0,0.0,0.0,1.673,0.0,0.0,0.0,0.0,0.0,1.673,0.0,0.0,0.0,4.61,5.299,5.825,2.907,1.673,1.673,2.638,0.0,2.907,3.294,3.294,1.673,0.0,CD8 T
GTGCAGCCGCAGGGGG-1_D20,D20,M,30,SLE,C,10x 3' v3,cryopreserved biobank sample,total PBMC,5707,2261,7.71,2.585,1.505,3.306,2.443,0.0,1.012,1.834,0.0,0.0,0.0,0.0,0.0,0.0,1.012,0.0,1.012,0.0,0.0,0.0,0.0,0.0,1.505,1.012,1.012,0.0,0.0,0.0,4.729,5.463,5.336,1.012,1.012,2.278,1.505,0.0,2.278,2.709,2.081,0.0,0.0,CD4 memory T
TTCCCGCTGACTAGGC-1_D20,D20,M,30,SLE,C,10x 3' v3,cryopreserved biobank sample,total PBMC,7610,2461,4.51,2.322,1.598,0.0,0.839,0.839,0.0,2.322,2.443,0.839,2.024,4.052,3.398,2.895,2.443,1.834,0.839,0.0,0.0,0.839,0.0,0.0,0.0,1.598,0.0,0.0,0.0,0.0,4.075,5.05,4.713,2.322,2.649,2.552,0.839,0.0,2.738,2.895,0.839,0.839,0.0,CD8 T
TCAAATCGTAACTAGA-1_D20,D20,M,30,SLE,C,10x 3' v3,cryopreserved biobank sample,total PBMC,6260,2459,6.52,0.0,0.0,0.0,0.0,0.955,0.0,2.359,0.955,0.0,0.0,3.445,3.217,4.557,2.623,2.922,2.733,2.196,0.0,0.0,0.0,0.955,0.0,0.0,0.955,0.0,0.0,0.0,4.726,5.541,5.236,2.733,1.757,2.922,2.832,0.0,1.434,3.151,2.733,0.955,0.0,NK
GGAACTAACTTGAAGT-1_D20,D20,M,30,SLE,C,10x 3' v3,cryopreserved biobank sample,total PBMC,4203,1828,6.68,3.11,2.096,0.0,1.218,1.218,0.0,1.751,1.751,0.0,2.096,1.751,1.218,2.096,0.0,0.0,1.751,0.0,0.0,0.0,0.0,0.0,1.218,1.218,0.0,0.0,0.0,0.0,3.535,6.601,4.826,2.096,0.0,3.535,2.353,0.0,1.751,2.871,2.096,1.218,0.0,CD8 T
CAGGAAAACAGGCACT-1_D20,D20,M,30,SLE,C,10x 3' v3,cryopreserved biobank sample,total PBMC,5731,2304,4.34,2.44,2.275,0.0,0.0,1.01,0.0,2.44,1.502,1.502,0.0,2.275,1.83,0.0,2.44,1.01,1.502,1.01,0.0,0.0,0.0,0.0,0.0,1.01,1.502,1.01,0.0,0.0,4.46,5.822,4.855,2.816,1.83,2.581,2.44,0.0,2.705,2.44,2.44,2.275,0.0,CD8 T
CGCCTGGAATGATCAA-1_D20,D20,M,30,SLE,C,10x 3' v3,cryopreserved biobank sample,total PBMC,1997,880,6.79,0.0,0.0,0.0,3.046,2.399,2.774,1.793,0.0,0.0,0.0,0.0,0.0,0.0,0.0,0.0,0.0,0.0,0.0,0.0,0.0,0.0,0.0,0.0,0.0,0.0,0.0,0.0,4.191,5.64,4.877,1.793,1.793,3.436,0.0,0.0,0.0,0.0,1.793,0.0,0.0,CD4 naive T
TTAGGTGTCCGATCAC-1_D20,D20,M,30,SLE,C,10x 3' v3,cryopreserved biobank sample,total PBMC,5800,2182,13.64,0.0,0.0,0.0,0.0,0.0,0.0,2.804,0.0,0.0,0.0,0.0,0.0,0.0,0.0,0.0,0.0,0.0,0.0,0.0,2.694,1.002,5.946,5.214,3.862,4.296,2.429,3.411,5.175,5.69,4.598,3.825,1.82,3.153,2.066,0.0,2.264,2.264,4.028,0.0,0.0,CD14 monocyte
TCATTAGATATTTCTA-1_D20,D20,M,30,SLE,C,10x 3' v3,cryopreserved biobank sample,total PBMC,2386,1173,3.16,0.0,0.0,0.0,0.0,0.0,0.0,2.239,0.0,0.0,0.0,3.542,3.938,4.337,1.647,1.647,1.647,2.239,0.0,0.0,0.0,0.0,0.0,0.0,0.0,0.0,0.0,0.0,4.875,6.136,5.611,1.647,0.0,1.647,1.647,0.0,1.647,0.0,3.412,0.0,0.0,NK
TCTTTGCTATGCTAAT-1_D20,D20,M,30,SLE,C,10x 3' v3,cryopreserved biobank sample,total PBMC,3985,1537,3.45,0.0,0.0,0.0,0.0,2.143,0.0,1.255,0.0,0.0,0.0,0.0,0.0,0.0,0.0,0.0,0.0,0.0,1.795,3.161,2.606,0.0,1.255,0.0,0.0,0.0,0.0,0.0,4.266,6.23,5.467,2.401,0.0,1.795,1.255,0.0,2.606,2.776,2.143,0.0,0.0,B
CTGCAACGTATCGCTT-1_D20,D20,M,30,SLE,C,10x 3' v3,cryopreserved biobank sample,total PBMC,7645,2982,11.98,0.836,0.0,0.0,0.0,0.836,0.0,1.83,0.0,0.0,0.0,0.0,0.0,0.0,0.0,0.0,0.0,0.836,0.0,0.0,3.026,0.836,4.635,4.342,4.215,2.961,1.594,2.891,6.033,5.257,4.114,3.628,0.0,2.439,2.02,0.0,2.318,3.2,3.478,1.285,0.0,CD14 monocyte
CGCTTAATTGTAAAAA-1_D20,D20,M,30,SLE,C,10x 3' v3,cryopreserved biobank sample,total PBMC,2437,1104,4.67,3.069,2.22,0.0,3.243,0.0,0.0,1.63,0.0,0.0,0.0,0.0,0.0,0.0,0.0,0.0,0.0,0.0,0.0,0.0,0.0,1.63,0.0,0.0,0.0,0.0,0.0,0.0,5.081,5.664,6.218,0.0,1.63,0.0,2.588,0.0,0.0,2.588,2.588,0.0,0.0,CD4 naive T
CCTCTCCCCGCTTTAA-1_D20,D20,M,30,SLE,C,10x 3' v3,cryopreserved biobank sample,total PBMC,3030,1219,4.7,0.0,0.0,0.0,0.0,0.0,1.459,3.035,0.0,0.0,0.0,2.028,3.311,3.424,3.424,2.389,2.028,3.035,0.0,0.0,0.0,0.0,0.0,0.0,1.459,0.0,0.0,0.0,4.464,4.839,5.924,2.389,1.459,2.028,0.0,0.0,2.389,2.028,1.459,0.0,0.0,NK
ACAACTATCCCATCGA-1_D20,D20,M,30,SLE,C,10x 3' v3,cryopreserved biobank sample,total PBMC,3685,1624,5.04,2.473,1.312,1.312,2.679,1.312,0.0,1.861,0.0,0.0,0.0,0.0,0.0,0.0,0.0,1.861,0.0,0.0,0.0,0.0,0.0,0.0,0.0,0.0,0.0,0.0,0.0,0.0,4.619,6.171,5.445,2.473,2.213,3.663,2.213,0.0,1.312,3.123,2.473,0.0,0.0,CD4 memory T
CAAGCAGAGGATAGCA-1_D20,D20,M,30,SLE,C,10x 3' v3,cryopreserved biobank sample,total PBMC,12299,4183,8.56,0.0,0.0,0.0,0.595,0.595,0.0,2.981,0.0,0.595,0.0,0.0,0.595,0.0,0.0,0.0,0.0,2.895,0.0,0.0,1.901,1.235,3.891,4.178,3.648,1.235,3.021,3.605,3.924,6.004,4.295,2.848,2.376,2.895,2.118,0.0,1.901,3.133,2.297,1.235,0.0,CD16 monocyte
TCTGACTTCGAGTGGC-1_D20,D20,M,30,SLE,C,10x 3' v3,cryopreserved biobank sample,total PBMC,5142,1887,5.91,3.407,2.172,1.922,1.08,1.08,1.08,0.0,0.0,0.0,0.0,1.08,0.0,0.0,1.08,0.0,0.0,0.0,0.0,0.0,0.0,1.08,1.587,0.0,0.0,0.0,0.0,0.0,3.734,5.224,5.016,2.539,1.587,2.682,2.807,0.0,2.172,1.587,2.918,0.0,0.0,CD4 naive T
ATCGAATTCGGATATG-1_D20,D20,M,30,SLE,C,10x 3' v3,cryopreserved biobank sample,total PBMC,4748,1788,4.82,0.0,0.0,0.0,0.0,1.133,0.0,0.0,0.0,0.0,0.0,2.882,4.225,4.494,3.547,3.269,1.99,1.99,0.0,0.0,0.0,0.0,0.0,1.133,1.133,0.0,0.0,0.0,3.417,5.304,5.335,1.99,2.243,2.994,2.756,0.0,3.094,1.651,3.185,1.133,0.0,NK
ATTTGATGACGAACTG-1_D20,D20,M,30,SLE,C,10x 3' v3,cryopreserved biobank sample,total PBMC,4406,1977,6.21,1.712,0.0,0.0,0.0,0.0,0.0,1.712,1.185,0.0,1.185,3.257,3.734,2.31,1.712,1.185,1.185,0.0,0.0,0.0,0.0,0.0,0.0,0.0,0.0,0.0,0.0,1.185,4.76,5.946,4.905,2.953,1.712,1.185,2.513,0.0,2.953,3.065,1.712,1.185,0.0,CD8 T
CCTGCTGTGAGTTGCT-1_D20,D20,M,30,SLE,C,10x 3' v3,cryopreserved biobank sample,total PBMC,3696,1483,8.7,2.47,1.31,0.0,3.12,0.0,0.0,0.0,0.0,0.0,0.0,0.0,0.0,1.31,0.0,0.0,0.0,0.0,1.31,0.0,0.0,0.0,0.0,0.0,0.0,0.0,0.0,0.0,4.305,5.499,5.933,2.47,0.0,1.858,0.0,0.0,2.847,2.676,1.31,0.0,0.0,CD4 naive T
TATGACCGTCTGCTCC-1_D20,D20,M,30,SLE,C,10x 3' v3,cryopreserved biobank sample,total PBMC,6426,2483,3.45,3.47,1.414,1.414,1.735,2.173,1.735,0.939,0.0,0.0,0.0,0.0,0.0,0.0,0.0,0.0,0.0,0.0,0.939,0.0,0.0,0.0,0.939,0.0,0.939,0.0,0.0,0.0,2.336,6.101,5.616,1.735,0.939,2.708,1.978,0.0,1.735,2.476,2.476,1.978,0.0,CD4 naive T
TGATGCCCGCTAAGAT-1_D20,D20,M,30,SLE,C,10x 3' v3,cryopreserved biobank sample,total PBMC,5928,2220,4.24,2.973,2.674,0.0,0.0,1.476,0.988,2.047,1.476,0.988,0.0,2.047,1.802,0.0,0.0,0.0,0.988,0.0,0.0,0.0,0.0,0.0,0.0,0.0,0.988,0.988,0.0,0.988,4.78,5.906,5.656,1.802,1.476,1.476,0.0,0.0,0.988,1.802,3.132,1.802,0.0,CD8 T
ACTCTATGCGCCCTCA-1_D20,D20,M,30,SLE,C,10x 3' v3,cryopreserved biobank sample,total PBMC,5714,2036,4.26,2.442,0.0,0.0,0.0,1.833,1.012,1.012,2.277,1.012,0.0,2.079,1.504,1.504,0.0,0.0,0.0,0.0,0.0,0.0,1.012,0.0,1.012,0.0,1.012,0.0,0.0,0.0,3.584,5.547,6.103,3.091,2.079,2.918,2.584,0.0,1.833,2.918,2.584,1.012,0.0,CD8 T
CGCCACTCCAAGACGT-1_D20,D20,M,30,SLE,C,10x 3' v3,cryopreserved biobank sample,total PBMC,3655,1492,4.81,2.687,2.48,0.0,1.318,0.0,0.0,0.0,0.0,0.0,2.22,2.22,1.318,1.868,1.318,1.318,0.0,0.0,0.0,0.0,0.0,0.0,0.0,0.0,1.318,0.0,0.0,0.0,3.739,6.162,4.776,1.318,1.868,2.857,1.318,0.0,1.318,2.857,1.318,0.0,0.0,CD8 T
CCTTTGCGAGCCGTAA-1_D20,D20,M,30,SLE,C,10x 3' v3,cryopreserved biobank sample,total PBMC,3603,1383,3.88,0.0,0.0,0.0,0.0,1.88,0.0,2.493,0.0,0.0,0.0,0.0,0.0,0.0,0.0,0.0,0.0,0.0,0.0,0.0,3.359,1.88,4.694,5.502,4.79,4.293,0.0,4.034,5.274,5.42,4.172,3.359,0.0,3.451,0.0,0.0,1.88,2.493,3.017,0.0,0.0,CD14 monocyte
GGCCCTCACGGGGGGA-1_D20,D20,M,30,SLE,C,10x 3' v3,cryopreserved biobank sample,total PBMC,2601,1163,3.95,2.529,2.529,1.578,3.007,2.162,0.0,0.0,1.578,0.0,0.0,0.0,0.0,0.0,0.0,0.0,0.0,0.0,0.0,0.0,0.0,0.0,0.0,0.0,0.0,0.0,0.0,0.0,4.652,5.181,5.861,3.853,3.007,0.0,3.181,0.0,0.0,0.0,2.529,1.578,0.0,CD4 naive T
GCCCAGCGCCTCCATT-1_D20,D20,M,30,SLE,C,10x 3' v3,cryopreserved biobank sample,total PBMC,6012,2399,7.74,2.771,2.396,1.79,1.79,1.465,0.0,0.0,0.0,0.0,0.0,0.98,0.0,0.0,0.0,0.0,0.0,0.0,0.0,0.0,0.0,0.0,0.0,0.0,0.0,0.0,0.98,0.0,4.413,4.834,3.79,2.537,1.465,1.79,0.98,0.0,1.465,2.396,0.98,0.98,0.0,CD4 naive T
CCCATCGATTTTGTTA-1_D20,D20,M,30,SLE,C,10x 3' v3,cryopreserved biobank sample,total PBMC,4072,1552,5.54,0.0,0.0,0.0,0.0,0.0,0.0,2.382,0.0,0.0,0.0,3.028,3.811,4.008,3.633,2.382,2.586,2.586,0.0,0.0,0.0,0.0,1.24,0.0,1.24,0.0,0.0,0.0,3.241,4.714,5.094,2.382,2.382,2.124,2.586,0.0,1.777,3.241,0.0,0.0,0.0,NK
CCTTAAGCAGAAGCAC-1_D20,D20,M,30,SLE,C,10x 3' v3,cryopreserved biobank sample,total PBMC,5854,2449,4.46,2.562,0.0,0.0,0.996,0.996,1.485,1.485,0.996,0.996,0.996,2.562,1.812,0.996,0.996,0.0,0.996,0.0,0.0,0.0,0.0,0.996,0.0,0.996,0.0,0.0,0.0,0.996,4.874,6.143,4.31,2.058,2.42,2.058,2.058,0.0,2.895,2.895,2.796,1.485,0.0,CD8 T
TCCCATACAAGGTCAA-1_D20,D20,M,30,SLE,C,10x 3' v3,cryopreserved biobank sample,total PBMC,3975,1762,5.59,3.59,1.797,1.797,2.404,0.0,0.0,1.797,0.0,0.0,0.0,0.0,0.0,0.0,0.0,0.0,0.0,0.0,0.0,0.0,0.0,0.0,0.0,0.0,0.0,0.0,0.0,0.0,4.544,6.025,5.599,2.608,2.778,2.404,1.797,0.0,1.797,2.404,1.257,1.257,0.0,CD4 naive T
ATATATTAATTGGTGA-1_D20,D20,M,30,SLE,C,10x 3' v3,cryopreserved biobank sample,total PBMC,5996,2241,8.97,0.0,0.0,0.0,0.0,0.981,0.0,3.321,0.0,0.0,0.0,0.0,0.0,0.0,0.0,0.0,0.0,0.981,0.0,0.0,3.899,2.398,6.247,4.374,3.754,3.584,0.0,2.398,5.578,5.152,4.565,3.629,2.398,3.714,0.0,0.0,0.981,3.321,2.872,2.234,0.0,CD14 monocyte
TATCATTGTAGATAGA-1_D20,D20,M,30,SLE,C,10x 3' v3,cryopreserved biobank sample,total PBMC,4114,1788,14.52,2.746,2.577,0.0,2.115,2.577,0.0,2.372,3.13,0.0,0.0,0.0,1.233,0.0,0.0,0.0,0.0,0.0,0.0,0.0,0.0,0.0,1.233,0.0,0.0,0.0,0.0,0.0,4.537,6.143,4.788,1.233,1.768,3.13,1.768,0.0,2.372,2.577,1.768,0.0,0.0,CD8 T
CCGTGGCTCCCAACCA-1_D20,D20,M,30,SLE,C,10x 3' v3,cryopreserved biobank sample,total PBMC,7903,3141,8.57,0.0,0.0,0.0,0.0,1.261,0.0,3.968,0.0,0.0,0.0,0.0,0.0,0.0,0.0,0.0,0.0,0.0,0.0,0.0,2.614,2.288,5.791,4.183,3.725,3.056,1.568,4.183,5.303,5.309,3.944,4.037,2.288,3.894,2.784,0.0,1.568,0.818,2.409,0.0,0.0,CD14 monocyte
CCCGAATCACACGGTG-1_D20,D20,M,30,SLE,C,10x 3' v3,cryopreserved biobank sample,total PBMC,7249,2564,9.64,0.0,0.867,0.867,0.0,0.0,0.0,2.596,0.867,0.0,0.0,3.197,4.537,2.941,3.4,2.941,2.783,2.067,0.0,0.0,0.0,0.0,0.0,0.0,0.867,0.0,0.0,0.0,3.898,6.031,4.963,1.637,0.0,0.867,1.637,0.0,2.067,2.228,1.637,1.637,0.0,NK
ATTAAAGAAGACATCG-1_D20,D20,M,30,SLE,C,10x 3' v3,cryopreserved biobank sample,total PBMC,9945,3863,5.34,0.696,0.0,0.0,0.0,0.696,0.0,1.102,0.0,0.0,0.0,0.0,0.0,0.0,0.0,0.696,0.0,0.0,0.0,0.0,3.407,2.202,5.273,6.288,4.424,3.096,1.614,3.301,4.759,4.494,4.706,3.643,1.796,3.096,0.696,0.696,2.202,2.308,3.141,2.202,0.0,CD14 monocyte
GAAGTGATTAATTGCG-1_D20,D20,M,30,SLE,C,10x 3' v3,cryopreserved biobank sample,total PBMC,5469,2158,8.73,0.0,0.0,0.0,0.0,0.0,0.0,2.118,0.0,0.0,0.0,0.0,0.0,0.0,0.0,0.0,0.0,0.0,0.0,1.04,3.347,1.04,5.638,4.546,4.4,3.882,1.04,3.05,5.076,5.505,4.801,2.749,2.317,2.118,2.625,0.0,2.483,4.33,3.05,1.04,0.0,CD14 monocyte
GCGTTGTACGTGGCCT-1_D20,D20,M,30,SLE,C,10x 3' v3,cryopreserved biobank sample,total PBMC,4504,1673,10.29,3.044,0.0,0.0,0.0,2.036,2.036,2.932,2.036,1.17,1.17,0.0,0.0,1.17,0.0,0.0,0.0,0.0,0.0,0.0,0.0,0.0,0.0,1.17,1.17,0.0,0.0,0.0,3.657,5.75,4.421,1.694,1.17,0.0,0.0,0.0,2.036,2.036,1.694,0.0,0.0,CD8 T
TTACTCTGTCCTGCAG-1_D20,D20,M,30,SLE,C,10x 3' v3,cryopreserved biobank sample,total PBMC,4517,1640,5.94,0.0,0.0,0.0,1.691,0.0,0.0,0.0,0.0,0.0,0.0,0.0,0.0,0.0,0.0,0.0,0.0,0.0,0.0,2.659,3.991,0.0,0.0,0.0,1.167,0.0,0.0,0.0,3.71,6.186,5.594,3.532,2.491,2.803,1.167,0.0,2.034,2.929,3.394,0.0,0.0,B
GAAAAAGTCGTGTAAA-1_D20,D20,M,30,SLE,C,10x 3' v3,cryopreserved biobank sample,total PBMC,4229,1665,7.13,0.0,0.0,1.213,0.0,1.746,0.0,2.551,0.0,0.0,0.0,3.205,4.995,4.632,3.104,2.865,1.213,1.213,0.0,0.0,0.0,0.0,0.0,0.0,0.0,0.0,0.0,0.0,4.276,6.475,4.654,3.205,0.0,2.721,1.746,0.0,1.213,3.38,1.746,1.213,0.0,NK
GGCCAAGTGCCTTTTT-1_D20,D20,M,30,SLE,C,10x 3' v3,cryopreserved biobank sample,total PBMC,6060,2451,4.02,4.18,0.975,1.459,2.225,2.028,0.0,0.975,0.0,0.0,0.0,0.0,0.0,0.0,0.0,0.0,0.0,0.0,0.0,0.0,0.0,0.975,1.459,0.0,0.975,0.0,0.0,0.0,3.922,6.779,4.299,2.53,2.225,0.0,2.225,0.0,2.53,2.225,1.459,1.459,0.0,CD4 naive T
AGTCCCGAGACAGTTT-1_D20,D20,M,30,SLE,C,10x 3' v3,cryopreserved biobank sample,total PBMC,4561,1610,8.58,0.0,0.0,0.0,0.0,1.161,0.0,1.161,0.0,0.0,0.0,0.0,0.0,0.0,0.0,0.0,0.0,0.0,0.0,0.0,3.307,0.0,2.65,5.525,4.022,3.132,1.684,2.65,4.782,5.964,4.533,2.65,0.0,2.482,0.0,0.0,2.92,3.384,3.224,1.684,0.0,CD14 monocyte
AATCTATTACAGCGAA-1_D20,D20,M,30,SLE,C,10x 3' v3,cryopreserved biobank sample,total PBMC,6814,2730,4.83,2.422,1.927,1.687,2.545,2.121,0.903,0.903,0.0,0.903,0.0,0.0,0.0,0.0,0.0,0.903,0.0,0.0,0.0,0.903,0.0,0.0,0.903,0.0,0.903,0.0,0.0,0.0,3.46,5.82,5.193,2.283,3.413,2.752,2.283,0.0,1.927,2.422,2.924,1.37,0.0,CD4 memory T
GTTAGAGCGGTTACCA-1_D20,D20,M,30,SLE,C,10x 3' v3,cryopreserved biobank sample,total PBMC,4023,1572,7.09,3.039,3.253,0.0,1.249,0.0,0.0,1.249,0.0,0.0,1.249,0.0,0.0,0.0,0.0,0.0,0.0,0.0,0.0,0.0,0.0,0.0,0.0,0.0,1.249,0.0,0.0,0.0,2.912,4.532,6.302,2.597,0.0,1.249,0.0,0.0,2.393,2.597,2.135,0.0,0.0,CD4 naive T
CCAAGTGACTGATTGA-1_D20,D20,M,30,SLE,C,10x 3' v3,cryopreserved biobank sample,total PBMC,3461,1447,4.65,2.909,2.737,1.914,2.269,0.0,1.358,0.0,0.0,0.0,0.0,0.0,0.0,0.0,0.0,0.0,0.0,0.0,0.0,0.0,0.0,0.0,0.0,0.0,0.0,0.0,0.0,0.0,3.296,4.597,4.98,2.269,2.737,2.737,0.0,0.0,1.358,1.914,0.0,0.0,0.0,CD4 naive T
TGGATTCCGCTGCTAC-1_D20,D20,M,30,SLE,C,10x 3' v3,cryopreserved biobank sample,total PBMC,3874,1761,10.36,3.075,2.168,2.427,1.818,0.0,0.0,2.948,0.0,0.0,0.0,0.0,0.0,0.0,0.0,0.0,0.0,0.0,0.0,0.0,0.0,0.0,1.276,0.0,1.276,0.0,0.0,0.0,4.221,5.871,5.606,2.427,0.0,2.168,2.168,0.0,1.818,1.276,1.276,0.0,0.0,CD4 memory T
GGCCATACCGGAGCTG-1_D20,D20,M,30,SLE,C,10x 3' v3,cryopreserved biobank sample,total PBMC,7725,3029,7.22,0.0,0.0,0.0,0.83,1.586,0.0,0.0,0.0,0.0,0.0,0.0,0.0,0.0,0.0,0.0,0.0,0.0,1.821,2.309,3.078,0.83,0.83,0.83,0.83,0.0,0.0,0.0,4.166,4.777,3.717,3.835,1.278,1.278,1.821,0.0,3.078,2.538,0.83,1.278,0.0,B
CCGCGTAGTTCTTGTT-1_D20,D20,M,30,SLE,C,10x 3' v3,cryopreserved biobank sample,total PBMC,4631,1899,4.51,2.012,0.0,0.0,1.15,0.0,1.671,3.017,1.671,0.0,1.671,1.671,1.671,1.15,2.012,1.671,1.15,0.0,0.0,0.0,0.0,0.0,0.0,0.0,0.0,0.0,0.0,0.0,4.445,5.678,5.158,1.671,0.0,2.012,1.671,0.0,3.118,2.636,2.012,0.0,0.0,CD8 T
TATGTTCCAGGGTTCT-1_D20,D20,M,30,SLE,C,10x 3' v3,cryopreserved biobank sample,total PBMC,5352,2083,7.78,1.054,2.769,1.555,1.888,1.555,1.054,0.0,1.054,0.0,0.0,1.054,1.054,0.0,0.0,0.0,0.0,0.0,0.0,1.054,0.0,0.0,0.0,1.054,0.0,1.054,0.0,0.0,4.223,4.867,4.487,2.88,3.154,2.769,1.555,0.0,1.054,1.888,2.137,0.0,0.0,CD4 memory T
TTGCGCAACGTAGCAG-1_D20,D20,M,30,SLE,C,10x 3' v3,cryopreserved biobank sample,total PBMC,3703,1630,5.61,3.118,0.0,1.308,2.208,1.308,0.0,1.308,1.308,0.0,0.0,0.0,0.0,0.0,0.0,0.0,1.308,0.0,0.0,0.0,0.0,0.0,0.0,0.0,0.0,0.0,0.0,0.0,2.991,5.572,5.077,2.468,2.208,2.208,2.674,0.0,2.991,3.118,0.0,1.856,0.0,CD4 naive T
GGTGCTTCGTTTTGAC-1_D20,D20,M,30,SLE,C,10x 3' v3,cryopreserved biobank sample,total PBMC,4433,1823,8.91,3.059,1.18,1.18,1.18,0.0,1.707,1.18,0.0,0.0,0.0,0.0,0.0,0.0,0.0,0.0,0.0,0.0,0.0,0.0,0.0,0.0,0.0,0.0,1.707,0.0,0.0,1.18,3.831,6.308,4.964,2.677,2.305,3.412,2.305,0.0,2.05,2.05,0.0,1.707,0.0,CD4 naive T
CGCTAAGAGCCCATCG-1_D20,D20,M,30,SLE,C,10x 3' v3,cryopreserved biobank sample,total PBMC,11464,3520,5.79,0.0,0.0,0.0,0.0,1.502,0.0,3.364,0.0,0.0,0.0,0.0,0.0,0.0,0.0,0.0,0.0,0.0,0.0,0.627,3.758,1.679,4.5,5.293,4.709,3.165,1.01,3.165,3.717,5.298,3.628,2.513,1.286,3.556,1.502,0.0,0.627,3.127,2.705,1.01,0.0,CD14 monocyte
GTAGAAGTCGTTAACG-1_D20,D20,M,30,SLE,C,10x 3' v3,cryopreserved biobank sample,total PBMC,4022,1664,5.74,0.0,0.0,0.0,0.0,0.0,0.0,1.249,0.0,0.0,0.0,0.0,0.0,0.0,0.0,1.249,0.0,0.0,3.253,2.598,3.708,0.0,0.0,1.249,1.249,0.0,0.0,0.0,4.704,6.477,3.645,1.249,2.598,2.135,1.787,0.0,2.393,2.598,0.0,1.787,0.0,B
CAGTGCAGACAGTCGC-1_D20,D20,M,30,SLE,C,10x 3' v3,cryopreserved biobank sample,total PBMC,3231,1439,6.55,0.0,0.0,0.0,1.973,0.0,0.0,1.41,0.0,0.0,0.0,0.0,0.0,0.0,0.0,0.0,0.0,1.41,0.0,1.41,1.973,0.0,1.41,0.0,1.41,0.0,0.0,0.0,4.574,5.465,4.851,2.594,1.973,3.719,0.0,0.0,2.802,2.594,2.331,0.0,0.0,B
TAAAACTGTGTCATGA-1_D20,D20,M,30,SLE,C,10x 3' v3,cryopreserved biobank sample,total PBMC,6941,2496,5.99,2.824,2.528,1.672,2.906,1.356,0.892,1.672,0.0,0.0,0.0,0.0,0.892,0.0,0.0,0.0,0.0,0.0,0.0,0.0,0.0,0.0,0.0,0.0,0.0,0.0,0.0,0.0,3.94,5.78,4.926,2.528,1.911,3.722,2.528,0.0,2.824,3.118,2.406,0.0,0.0,CD4 naive T
TACGCCCCTACTTGTG-1_D20,D20,M,30,SLE,C,10x 3' v3,cryopreserved biobank sample,total PBMC,2628,1251,8.68,0.0,0.0,0.0,0.0,0.0,0.0,2.153,0.0,0.0,0.0,0.0,0.0,0.0,0.0,0.0,0.0,0.0,0.0,0.0,3.665,0.0,5.782,5.468,5.056,4.345,2.153,3.843,5.254,5.893,5.08,3.665,3.448,2.786,2.153,0.0,2.153,2.153,3.843,2.153,0.0,CD14 monocyte
GAAATCGTCATGCGCG-1_D20,D20,M,30,SLE,C,10x 3' v3,cryopreserved biobank sample,total PBMC,5252,1995,4.55,3.449,2.154,0.0,1.904,1.066,1.066,2.52,2.52,0.0,0.0,1.904,1.904,0.0,0.0,0.0,0.0,0.0,0.0,0.0,0.0,0.0,0.0,0.0,0.0,0.0,0.0,0.0,4.269,5.358,5.349,2.154,1.904,2.353,1.904,0.0,1.904,0.0,2.52,1.066,0.0,CD8 T
AGTGGCTACGTTTACC-1_D20,D20,M,30,SLE,C,10x 3' v3,cryopreserved biobank sample,total PBMC,3011,1409,7.03,3.317,1.464,1.464,1.464,0.0,0.0,2.034,1.464,0.0,0.0,0.0,0.0,0.0,0.0,0.0,0.0,0.0,0.0,0.0,0.0,0.0,0.0,0.0,0.0,0.0,0.0,0.0,2.659,5.439,5.922,2.659,0.0,1.464,2.034,0.0,1.464,2.034,2.034,1.464,0.0,CD4 naive T
CTGGAATTCAATCCAC-1_D20,D20,M,30,SLE,C,10x 3' v3,cryopreserved biobank sample,total PBMC,2425,1179,7.71,2.224,0.0,2.593,2.224,0.0,2.224,0.0,0.0,0.0,0.0,1.634,0.0,0.0,0.0,0.0,0.0,0.0,0.0,0.0,0.0,0.0,0.0,1.634,0.0,0.0,0.0,0.0,4.563,6.301,4.073,1.634,0.0,2.224,0.0,0.0,2.593,1.634,2.593,0.0,0.0,CD4 naive T
CGAACATCCTTATACC-1_D20,D20,M,30,SLE,C,10x 3' v3,cryopreserved biobank sample,total PBMC,3150,1301,10.18,0.0,0.0,0.0,0.0,0.0,0.0,2.826,1.429,0.0,0.0,3.273,3.489,3.817,3.273,1.429,2.354,2.354,0.0,0.0,0.0,0.0,0.0,0.0,1.429,0.0,0.0,0.0,4.775,5.733,5.59,2.826,1.429,1.995,1.429,0.0,2.354,2.354,1.995,1.429,0.0,NK
CGCTGAGTGCATGGCC-1_D20,D20,M,30,SLE,C,10x 3' v3,cryopreserved biobank sample,total PBMC,3440,1638,4.59,2.536,1.919,0.0,0.0,1.363,0.0,0.0,1.919,0.0,1.363,2.743,2.274,1.363,0.0,0.0,0.0,0.0,0.0,0.0,0.0,0.0,0.0,0.0,0.0,0.0,0.0,0.0,4.836,5.32,4.881,1.919,2.536,2.915,0.0,0.0,0.0,2.274,1.363,2.274,0.0,CD8 T
GAAGATCCGTTGACAA-1_D20,D20,M,30,SLE,C,10x 3' v3,cryopreserved biobank sample,total PBMC,3840,1547,10.42,2.435,1.826,1.826,2.811,2.435,1.282,1.282,0.0,0.0,0.0,0.0,0.0,0.0,0.0,0.0,0.0,0.0,0.0,0.0,0.0,0.0,0.0,0.0,0.0,0.0,0.0,0.0,5.137,5.331,5.074,1.282,1.282,2.811,1.826,0.0,2.176,2.811,2.811,0.0,0.0,CD4 memory T
TCATAACCTAACACTA-1_D20,D20,M,30,SLE,C,10x 3' v3,cryopreserved biobank sample,total PBMC,10267,2907,6.14,0.0,0.0,0.0,0.0,1.081,0.68,1.367,0.0,0.0,0.0,0.0,0.0,0.0,0.68,0.0,0.0,0.0,2.541,2.866,2.684,0.0,0.68,1.081,1.081,0.0,0.0,0.0,4.318,6.231,5.882,2.615,0.68,1.367,1.77,0.0,2.615,2.615,1.77,0.68,0.0,B
CGTTGCGGGACCTAGA-1_D20,D20,M,30,SLE,C,10x 3' v3,cryopreserved biobank sample,total PBMC,1870,920,5.11,0.0,0.0,0.0,0.0,0.0,0.0,0.0,0.0,0.0,0.0,0.0,0.0,0.0,0.0,0.0,0.0,1.848,2.835,2.835,3.499,0.0,0.0,0.0,0.0,0.0,0.0,0.0,4.397,4.979,4.681,2.459,0.0,1.848,1.848,0.0,2.459,0.0,2.835,0.0,0.0,B
TTAAGAGAGGGCCAAT-1_D20,D20,M,30,SLE,C,10x 3' v3,cryopreserved biobank sample,total PBMC,2964,1289,5.67,3.641,1.476,0.0,1.476,2.674,0.0,2.409,2.047,0.0,0.0,0.0,2.047,1.476,0.0,0.0,0.0,0.0,0.0,0.0,0.0,0.0,0.0,0.0,0.0,1.476,0.0,0.0,3.548,6.209,5.564,1.476,1.476,1.476,1.476,0.0,2.047,1.476,2.047,0.0,0.0,CD8 T
GCCAGCCTCTGACAAA-1_D20,D20,M,30,SLE,C,10x 3' v3,cryopreserved biobank sample,total PBMC,8163,3052,7.04,0.0,0.0,0.0,0.0,0.8,0.0,0.8,0.0,0.0,0.0,0.0,0.0,0.0,0.0,0.0,0.0,0.0,3.025,3.19,4.343,0.0,1.238,0.0,0.0,0.0,0.0,0.0,4.343,5.326,4.225,2.584,0.0,2.584,0.8,0.0,1.542,2.122,1.775,0.8,0.0,B
AGCCACCTCACTGTAA-1_D20,D20,M,30,SLE,C,10x 3' v3,cryopreserved biobank sample,total PBMC,4654,1942,4.42,2.901,3.204,2.008,3.437,1.147,0.0,0.0,0.0,0.0,0.0,0.0,0.0,0.0,0.0,0.0,0.0,0.0,0.0,0.0,0.0,0.0,0.0,1.667,0.0,0.0,0.0,0.0,4.214,6.284,6.335,2.901,2.008,3.204,2.631,0.0,1.147,1.667,2.631,1.147,0.0,CD4 naive T
ACTATCGACTGCAAGT-1_D20,D20,M,30,SLE,C,10x 3' v3,cryopreserved biobank sample,total PBMC,4422,1795,1.86,0.0,0.0,0.0,1.182,1.182,0.0,1.709,0.0,0.0,0.0,0.0,0.0,0.0,0.0,0.0,0.0,0.0,2.51,1.182,3.675,0.0,0.0,1.182,1.182,0.0,0.0,0.0,4.326,5.309,4.326,1.182,1.182,2.51,2.51,0.0,1.709,2.307,2.823,1.709,0.0,B
ATGCAAGATGCCGGGG-1_D20,D20,M,30,SLE,C,10x 3' v3,cryopreserved biobank sample,total PBMC,7057,2565,6.71,2.891,1.658,1.897,1.658,0.0,0.0,1.658,0.0,0.0,0.0,0.0,0.0,0.0,0.0,0.0,0.0,0.0,0.0,0.0,0.0,0.0,0.0,0.0,0.883,0.0,0.0,0.0,3.277,5.158,5.214,1.897,2.621,1.658,0.883,0.0,1.344,2.252,2.252,0.883,0.0,CD4 memory T
AAAGAAAAGAGTTTTG-1_D20,D20,M,30,SLE,C,10x 3' v3,cryopreserved biobank sample,total PBMC,3875,1827,4.54,2.802,0.0,0.0,1.275,0.0,0.0,1.275,0.0,1.275,2.168,2.168,1.275,0.0,0.0,0.0,0.0,0.0,0.0,0.0,0.0,0.0,0.0,0.0,0.0,1.275,0.0,0.0,4.362,4.763,5.244,3.38,0.0,2.632,1.275,0.0,1.818,2.427,2.168,0.0,0.0,CD8 T
AAAACTGCTAAAAACA-1_D20,D20,M,30,SLE,C,10x 3' v3,cryopreserved biobank sample,total PBMC,4764,2129,3.12,3.342,0.0,1.988,1.131,1.131,0.0,0.0,0.0,0.0,0.0,0.0,0.0,0.0,0.0,1.131,0.0,0.0,0.0,0.0,0.0,0.0,0.0,0.0,0.0,0.0,0.0,0.0,4.091,5.628,4.338,2.879,2.753,1.988,1.648,0.0,3.414,2.879,1.131,1.131,0.0,CD4 naive T
CATCATCCTTCATTAA-1_D20,D20,M,30,SLE,C,10x 3' v3,cryopreserved biobank sample,total PBMC,5676,2121,5.48,2.283,3.097,1.509,2.085,0.0,2.283,0.0,0.0,0.0,0.0,1.016,0.0,0.0,0.0,0.0,0.0,0.0,0.0,0.0,0.0,0.0,1.016,0.0,0.0,0.0,0.0,0.0,4.219,5.272,5.958,2.085,2.085,2.085,1.838,0.0,0.0,1.838,1.838,2.59,0.0,CD4 naive T
GCCAAACGGCGTATGG-1_D20,D20,M,30,SLE,C,10x 3' v3,cryopreserved biobank sample,total PBMC,4989,1853,6.83,2.71,1.1,1.1,1.1,0.0,1.1,1.611,1.611,1.611,0.0,3.852,2.199,0.0,1.611,0.0,0.0,0.0,0.0,0.0,0.0,0.0,0.0,0.0,1.948,0.0,0.0,0.0,4.421,5.354,5.689,2.4,2.835,3.613,1.611,0.0,0.0,2.71,1.948,1.948,0.0,CD8 T
AGTTGGTGTGCTGGCA-1_D20,D20,M,30,SLE,C,10x 3' v3,cryopreserved biobank sample,total PBMC,5438,2098,3.18,3.474,0.0,1.543,2.322,1.043,1.874,1.874,0.0,0.0,1.043,0.0,0.0,0.0,0.0,0.0,1.043,0.0,0.0,0.0,0.0,1.043,0.0,0.0,0.0,0.0,0.0,0.0,3.85,3.995,5.724,2.322,1.543,2.488,1.043,0.0,3.353,0.0,1.043,1.874,0.0,CD4 memory T
CTGGTTCCAGCTGTCC-1_D20,D20,M,30,SLE,C,10x 3' v3,cryopreserved biobank sample,total PBMC,4605,1812,4.54,0.0,0.0,0.0,0.0,1.676,0.0,2.271,1.154,0.0,0.0,0.0,0.0,0.0,0.0,0.0,0.0,0.0,1.154,1.676,3.298,1.154,0.0,0.0,0.0,0.0,0.0,0.0,4.635,5.741,3.691,2.911,1.676,2.785,2.271,0.0,2.473,3.298,3.023,1.154,0.0,B
AGCCGATAGGAATGCC-1_D20,D20,M,30,SLE,C,10x 3' v3,cryopreserved biobank sample,total PBMC,2139,1015,7.98,2.337,2.71,0.0,3.369,0.0,0.0,1.736,0.0,0.0,0.0,0.0,0.0,0.0,0.0,0.0,0.0,0.0,0.0,0.0,0.0,0.0,0.0,0.0,1.736,0.0,0.0,0.0,4.687,5.689,5.64,1.736,0.0,0.0,2.71,0.0,2.337,1.736,2.981,0.0,0.0,CD4 naive T
CCAAATCATCTTGTGC-1_D20,D20,M,30,SLE,C,10x 3' v3,cryopreserved biobank sample,total PBMC,6188,2315,9.68,2.37,2.206,0.0,2.01,0.962,0.0,1.443,2.511,1.443,0.962,0.0,0.962,0.0,0.0,0.962,0.0,0.0,0.962,0.0,0.0,0.0,0.0,0.0,0.0,0.0,0.0,0.0,4.134,5.59,6.11,3.349,1.766,2.634,2.206,0.0,2.206,2.01,2.511,0.0,0.0,CD8 T
CGTCTCCACAAGTTAG-1_D20,D20,M,30,SLE,C,10x 3' v3,cryopreserved biobank sample,total PBMC,3866,1744,6.91,2.95,2.17,1.82,2.17,1.277,1.82,0.0,0.0,0.0,0.0,0.0,0.0,0.0,0.0,0.0,0.0,0.0,0.0,0.0,0.0,0.0,0.0,0.0,1.277,0.0,0.0,0.0,2.17,4.545,4.185,3.077,2.17,1.82,1.82,0.0,3.19,1.277,2.95,0.0,0.0,CD4 naive T
CGGAGTTTGCCGCCAT-1_D20,D20,M,30,SLE,C,10x 3' v3,cryopreserved biobank sample,total PBMC,3974,1761,9.86,1.797,2.779,1.257,2.146,0.0,0.0,2.609,1.257,0.0,1.257,2.146,1.257,0.0,0.0,0.0,1.257,0.0,0.0,0.0,0.0,0.0,0.0,0.0,1.257,0.0,0.0,0.0,3.888,4.76,5.552,0.0,2.404,1.257,1.257,0.0,2.609,2.779,1.797,0.0,0.0,CD8 T
CGTTAGGGACATACGT-1_D20,D20,M,30,SLE,C,10x 3' v3,cryopreserved biobank sample,total PBMC,2209,1099,5.6,2.95,2.308,0.0,3.163,0.0,0.0,0.0,0.0,0.0,0.0,0.0,0.0,0.0,0.0,0.0,0.0,0.0,1.71,0.0,0.0,0.0,0.0,0.0,0.0,0.0,0.0,0.0,4.738,5.229,5.776,2.68,2.308,0.0,1.71,0.0,2.308,1.71,2.68,0.0,0.0,CD4 naive T
TATAACTCTTCTCTCT-1_D20,D20,M,30,SLE,C,10x 3' v3,cryopreserved biobank sample,total PBMC,1706,823,5.8,3.196,0.0,1.926,0.0,1.926,0.0,1.926,0.0,0.0,0.0,0.0,0.0,0.0,0.0,0.0,0.0,0.0,0.0,0.0,0.0,0.0,0.0,0.0,0.0,0.0,0.0,0.0,3.196,5.643,3.411,0.0,3.196,1.926,1.926,0.0,1.926,2.543,3.196,0.0,0.0,CD4 naive T
GTGCTGCGCCTTGACC-1_D20,D20,M,30,SLE,C,10x 3' v3,cryopreserved biobank sample,total PBMC,6859,2404,8.26,0.0,0.0,0.0,0.0,1.922,0.899,2.648,0.0,0.0,0.0,0.0,0.0,0.0,0.0,0.0,0.0,0.899,0.0,0.0,3.192,1.682,5.075,3.698,5.338,4.36,3.13,3.623,4.22,5.018,4.177,2.746,0.899,1.922,1.682,0.0,2.835,3.305,2.993,1.365,0.0,CD14 monocyte
TTCTCGCATCCTTCTT-1_D20,D20,M,30,SLE,C,10x 3' v3,cryopreserved biobank sample,total PBMC,2749,1221,8.11,0.0,0.0,0.0,0.0,0.0,0.0,2.113,0.0,0.0,0.0,0.0,0.0,1.534,0.0,0.0,0.0,2.113,0.0,0.0,2.113,0.0,5.209,3.276,3.877,2.954,2.113,3.128,3.405,4.883,3.621,2.954,2.113,2.478,1.534,0.0,2.113,3.276,2.954,1.534,0.0,CD14 monocyte
CACGCCATGTATAATT-1_D20,D20,M,30,SLE,C,10x 3' v3,cryopreserved biobank sample,total PBMC,4440,1867,4.07,1.705,2.048,1.179,2.945,0.0,0.0,2.819,3.057,1.179,0.0,0.0,1.179,0.0,0.0,0.0,0.0,0.0,0.0,0.0,0.0,0.0,0.0,0.0,1.179,0.0,0.0,1.179,1.179,4.946,5.742,1.179,2.048,2.303,0.0,0.0,0.0,2.506,2.048,1.705,0.0,CD8 T
ATGCCTGTATCTCAAC-1_D20,D20,M,30,SLE,C,10x 3' v3,cryopreserved biobank sample,total PBMC,3817,1516,5.95,2.962,0.0,1.831,2.182,0.0,0.0,0.0,0.0,0.0,0.0,0.0,0.0,1.286,0.0,0.0,0.0,0.0,0.0,0.0,0.0,0.0,0.0,1.286,0.0,0.0,0.0,0.0,3.928,5.375,5.047,3.395,2.441,1.831,1.286,0.0,1.831,0.0,1.286,0.0,0.0,CD4 naive T
CTGGTATTATATACAC-1_D20,D20,M,30,SLE,C,10x 3' v3,cryopreserved biobank sample,total PBMC,4679,1888,8.09,2.626,2.003,0.0,1.143,1.143,0.0,1.143,1.143,0.0,0.0,2.458,1.663,1.143,0.0,0.0,0.0,0.0,0.0,0.0,0.0,0.0,1.143,0.0,0.0,0.0,0.0,0.0,4.072,5.083,5.219,3.199,2.003,2.003,2.003,0.0,2.626,2.458,2.626,0.0,0.0,CD8 T
TCAAGACCAGTCCTCC-1_D20,D20,M,30,SLE,C,10x 3' v3,cryopreserved biobank sample,total PBMC,4262,1733,6.42,3.197,1.208,2.34,2.084,1.739,0.0,0.0,0.0,0.0,0.0,0.0,0.0,0.0,0.0,0.0,0.0,0.0,0.0,0.0,0.0,0.0,0.0,1.739,1.208,0.0,0.0,0.0,3.289,4.886,5.064,1.739,1.208,0.0,2.084,0.0,1.739,1.208,2.713,1.739,0.0,CD4 naive T
TCCAACCAGGAGGCCG-1_D20,D20,M,30,SLE,C,10x 3' v3,cryopreserved biobank sample,total PBMC,5103,1939,7.42,0.0,0.0,0.0,0.0,1.593,0.0,1.593,0.0,0.0,0.0,0.0,0.0,0.0,1.085,0.0,0.0,0.0,2.179,2.546,4.214,0.0,1.085,0.0,0.0,0.0,1.085,0.0,4.324,6.143,4.742,1.085,0.0,2.814,2.379,0.0,0.0,1.928,1.085,0.0,0.0,B
TCTTGTCGTCGTTTAC-1_D20,D20,M,30,SLE,C,10x 3' v3,cryopreserved biobank sample,total PBMC,3173,1351,6.43,2.61,0.0,1.988,2.347,1.423,2.347,0.0,0.0,0.0,0.0,0.0,0.0,0.0,0.0,0.0,0.0,0.0,0.0,0.0,0.0,0.0,0.0,0.0,0.0,0.0,0.0,0.0,3.482,6.231,5.726,0.0,0.0,1.988,1.423,0.0,0.0,0.0,2.347,0.0,0.0,CD4 memory T
AGTTTGGGGAGACCGT-1_D20,D20,M,30,SLE,C,10x 3' v3,cryopreserved biobank sample,total PBMC,6221,2206,12.6,0.0,0.0,0.0,0.958,0.958,0.0,0.958,0.0,0.0,0.0,2.838,4.048,4.864,2.365,2.201,1.439,1.439,0.0,0.0,0.0,0.0,0.0,0.0,0.0,0.0,0.0,0.0,4.075,5.688,6.007,2.506,2.629,2.005,2.005,0.0,2.506,1.439,2.506,1.439,0.0,NK
TGCATCGCACAATTAA-1_D20,D20,M,30,SLE,C,10x 3' v3,cryopreserved biobank sample,total PBMC,5771,2491,6.55,2.809,2.268,1.005,1.005,0.0,2.268,1.005,2.575,0.0,1.005,1.824,1.005,0.0,1.005,0.0,1.496,0.0,0.0,0.0,0.0,0.0,0.0,0.0,1.496,0.0,0.0,0.0,3.97,5.282,5.12,1.005,2.699,2.999,2.809,0.0,1.824,1.496,2.268,1.005,0.0,CD8 T
TTCATTGTTTGGAATT-1_D20,D20,M,30,SLE,C,10x 3' v3,cryopreserved biobank sample,total PBMC,5135,2096,4.55,3.11,2.919,3.11,3.27,1.588,0.0,1.081,0.0,0.0,0.0,0.0,0.0,0.0,0.0,0.0,0.0,0.0,0.0,1.081,0.0,0.0,1.081,0.0,1.081,0.0,0.0,0.0,3.408,5.205,5.491,2.683,2.683,1.923,1.923,0.0,2.174,2.374,3.11,1.081,0.0,CD4 naive T
TTTCCACGGGACGGGA-1_D20,D20,M,30,SLE,C,10x 3' v3,cryopreserved biobank sample,total PBMC,2815,1349,5.78,2.456,2.092,0.0,2.456,1.516,0.0,0.0,0.0,0.0,0.0,0.0,0.0,0.0,0.0,0.0,0.0,0.0,0.0,0.0,0.0,0.0,0.0,0.0,0.0,0.0,0.0,0.0,2.932,5.562,4.678,2.092,2.092,2.456,2.722,0.0,1.516,2.456,2.456,1.516,0.0,CD4 memory T
CTCTCTCACTCCCTCA-1_D20,D20,M,30,SLE,C,10x 3' v3,cryopreserved biobank sample,total PBMC,9450,3587,7.95,0.0,0.0,0.0,0.0,1.137,0.0,3.693,0.0,0.0,0.0,0.0,0.0,0.0,0.0,0.0,0.0,0.0,0.722,0.722,2.998,1.655,5.494,5.033,5.549,3.232,1.655,2.998,5.093,6.055,5.125,3.551,0.722,1.429,1.137,0.0,1.995,3.521,3.927,0.722,0.0,CD14 monocyte
AGAGAACGAGAAAACA-1_D20,D20,M,30,SLE,C,10x 3' v3,cryopreserved biobank sample,total PBMC,4766,1886,8.29,2.878,2.609,1.987,2.878,1.131,1.987,1.987,0.0,0.0,0.0,0.0,0.0,0.0,0.0,0.0,0.0,0.0,0.0,0.0,0.0,0.0,0.0,0.0,0.0,0.0,0.0,0.0,3.658,5.481,5.418,2.753,3.09,2.24,0.0,0.0,1.131,0.0,2.609,0.0,0.0,CD4 naive T
AAACTGACTATGGCTC-1_D20,D20,M,30,SLE,C,10x 3' v3,cryopreserved biobank sample,total PBMC,4252,1819,4.52,3.452,1.21,0.0,0.0,1.21,1.741,2.086,2.546,2.086,2.343,1.21,2.086,0.0,0.0,0.0,0.0,0.0,0.0,0.0,0.0,0.0,0.0,0.0,0.0,0.0,0.0,0.0,4.478,6.35,5.807,1.21,2.343,2.086,0.0,0.0,2.715,2.715,1.741,1.21,0.0,CD8 T
TACGGTTGTAGATACC-1_D20,D20,M,30,SLE,C,10x 3' v3,cryopreserved biobank sample,total PBMC,10441,3843,6.72,0.672,0.0,0.0,0.0,0.0,0.0,2.042,0.0,0.672,0.0,0.0,0.0,0.0,0.0,0.0,0.0,0.0,0.0,0.0,3.392,1.756,5.438,4.572,3.542,4.052,1.575,4.22,5.057,5.081,5.15,3.928,2.793,3.786,1.909,0.672,2.732,3.719,2.042,0.672,0.0,CD14 monocyte
TGAATTGGAGTTATTG-1_D20,D20,M,30,SLE,C,10x 3' v3,cryopreserved biobank sample,total PBMC,2101,999,5.43,3.211,0.0,1.751,2.727,0.0,1.751,0.0,0.0,0.0,0.0,0.0,0.0,0.0,0.0,0.0,0.0,0.0,0.0,0.0,0.0,0.0,0.0,0.0,0.0,0.0,0.0,0.0,3.386,6.637,5.881,1.751,0.0,0.0,2.353,0.0,2.353,1.751,2.998,0.0,1.751,CD4 naive T
GCCAAAAACTGAGTCA-1_D20,D20,M,30,SLE,C,10x 3' v3,cryopreserved biobank sample,total PBMC,5634,2151,5.93,2.721,1.845,1.021,0.0,1.845,0.0,1.845,3.252,1.021,0.0,0.0,1.021,0.0,0.0,0.0,0.0,0.0,0.0,0.0,0.0,0.0,1.021,0.0,0.0,0.0,0.0,0.0,4.858,5.512,5.9,3.734,2.29,2.597,2.597,0.0,1.845,1.515,1.021,1.021,0.0,CD8 T
CCGTCTTGGGGCGTCT-1_D21,D21,F,36,healthy,C,10x 3' v3,cryopreserved biobank sample,total PBMC,2803,1349,5.04,3.257,2.46,2.46,0.0,0.0,1.519,2.726,0.0,0.0,0.0,1.519,0.0,0.0,0.0,0.0,0.0,0.0,0.0,0.0,0.0,0.0,0.0,0.0,0.0,0.0,0.0,0.0,4.943,6.367,4.835,2.726,1.519,2.46,2.46,0.0,0.0,0.0,1.519,0.0,1.519,CD4 naive T
TGAAGCCCGCCTTAAC-1_D21,D21,F,36,healthy,C,10x 3' v3,cryopreserved biobank sample,total PBMC,2869,1356,4.92,2.704,2.439,2.076,0.0,1.501,3.363,1.501,0.0,0.0,0.0,0.0,0.0,0.0,0.0,0.0,0.0,0.0,0.0,0.0,0.0,0.0,0.0,0.0,0.0,1.501,0.0,0.0,4.155,5.718,4.812,3.087,2.076,1.501,0.0,2.076,0.0,1.501,0.0,0.0,1.501,CD4 naive T
GATGAACTTCAGAGTG-1_D21,D21,F,36,healthy,C,10x 3' v3,cryopreserved biobank sample,total PBMC,6288,2453,4.08,2.917,2.192,1.43,2.192,0.0,2.192,1.43,0.952,1.43,0.0,0.0,0.952,1.43,0.0,0.0,0.0,0.0,0.0,0.0,0.0,0.0,1.43,0.952,0.952,0.0,0.0,0.0,5.014,4.803,4.408,1.753,0.0,1.753,0.0,1.753,0.0,1.996,0.952,0.0,1.43,CD8 T
GAAACCCAGGCTCTAC-1_D21,D21,F,36,healthy,C,10x 3' v3,cryopreserved biobank sample,total PBMC,5756,1999,4.98,1.007,1.826,2.073,1.498,1.007,0.0,1.007,0.0,1.007,0.0,0.0,1.498,0.0,0.0,0.0,0.0,0.0,0.0,0.0,0.0,0.0,1.007,0.0,0.0,0.0,0.0,0.0,3.669,5.587,5.025,2.911,1.826,2.073,1.498,2.073,0.0,2.073,0.0,0.0,1.007,CD4 memory T
ACCGTACAGACACAGT-1_D21,D21,F,36,healthy,C,10x 3' v3,cryopreserved biobank sample,total PBMC,5108,2237,5.83,0.0,0.0,0.0,0.0,1.928,0.0,1.592,0.0,0.0,0.0,0.0,0.0,0.0,0.0,0.0,1.084,0.0,3.024,1.928,2.813,0.0,0.0,1.084,0.0,0.0,0.0,1.084,5.34,6.403,4.899,2.688,1.592,2.545,1.928,1.592,0.0,1.084,0.0,0.0,1.928,B
TTTAGTTCGATTTGGG-1_D21,D21,F,36,healthy,C,10x 3' v3,cryopreserved biobank sample,total PBMC,5160,2226,3.11,0.0,0.0,0.0,0.0,1.584,1.078,3.939,0.0,0.0,0.0,0.0,0.0,0.0,0.0,0.0,0.0,0.0,0.0,0.0,4.623,2.536,4.313,4.232,5.063,4.08,1.078,3.977,4.903,4.986,4.232,2.169,1.584,3.105,1.919,1.919,0.0,0.0,0.0,0.0,1.584,CD14 monocyte
CAATTTGCGAGAATAA-1_D21,D21,F,36,healthy,C,10x 3' v3,cryopreserved biobank sample,total PBMC,4728,1842,7.14,1.654,1.136,0.0,1.136,1.136,1.136,1.654,0.0,0.0,0.0,0.0,0.0,0.0,0.0,0.0,0.0,0.0,1.136,0.0,0.0,0.0,0.0,0.0,0.0,0.0,0.0,0.0,3.947,6.503,4.062,3.273,2.247,1.654,2.247,1.136,0.0,1.654,1.654,0.0,1.136,CD4 naive T
AGCTCGCAGAGCTTGG-1_D21,D21,F,36,healthy,C,10x 3' v3,cryopreserved biobank sample,total PBMC,4155,1759,2.71,2.107,0.0,0.0,0.0,2.107,1.226,2.107,0.0,0.0,0.0,0.0,0.0,0.0,0.0,0.0,0.0,0.0,0.0,0.0,1.226,0.0,0.0,1.226,1.226,0.0,0.0,0.0,4.152,5.702,4.602,1.76,1.76,0.0,1.226,1.226,0.0,0.0,0.0,0.0,0.0,CD4 naive T
CCATACGGCGAACACT-1_D21,D21,F,36,healthy,C,10x 3' v3,cryopreserved biobank sample,total PBMC,3155,1408,6.06,2.824,0.0,2.824,0.0,1.993,1.993,1.993,0.0,1.428,0.0,0.0,1.428,0.0,0.0,0.0,0.0,0.0,0.0,0.0,0.0,0.0,0.0,1.428,0.0,0.0,0.0,0.0,3.743,5.185,4.303,3.487,0.0,2.352,1.428,1.428,0.0,1.428,0.0,0.0,0.0,CD4 memory T
ACGAGTACGGCTGCGA-1_D21,D21,F,36,healthy,C,10x 3' v3,cryopreserved biobank sample,total PBMC,14133,4231,8.32,0.0,0.0,0.0,0.0,0.535,0.0,3.594,0.0,0.0,0.0,0.0,0.0,0.0,0.0,0.0,0.0,0.0,0.0,0.0,3.964,2.25,4.877,5.716,5.389,3.425,0.0,3.755,3.964,5.719,4.661,3.865,3.036,3.923,2.849,1.896,0.0,0.535,0.535,0.0,1.139,CD14 monocyte
GGCCTCGCAATTTGAC-1_D21,D21,F,36,healthy,C,10x 3' v3,cryopreserved biobank sample,total PBMC,4219,1657,5.31,2.723,3.298,1.215,1.748,1.215,1.215,2.553,0.0,0.0,0.0,0.0,0.0,0.0,0.0,0.0,0.0,0.0,1.215,0.0,0.0,0.0,0.0,0.0,1.215,0.0,0.0,1.215,4.537,5.482,5.637,0.0,2.093,3.106,1.748,2.093,0.0,1.215,1.748,0.0,0.0,CD4 naive T
TAGTAATAAGATCATT-1_D21,D21,F,36,healthy,C,10x 3' v3,cryopreserved biobank sample,total PBMC,3387,1671,5.99,3.317,2.288,0.0,0.0,1.374,2.929,1.932,0.0,0.0,0.0,0.0,0.0,0.0,0.0,0.0,0.0,0.0,0.0,0.0,0.0,0.0,0.0,0.0,0.0,0.0,0.0,0.0,4.981,5.391,5.813,2.758,2.55,2.288,1.932,0.0,0.0,2.288,0.0,0.0,0.0,CD4 memory T
AAACACTGATACGGGG-1_D21,D21,F,36,healthy,C,10x 3' v3,cryopreserved biobank sample,total PBMC,4826,1950,5.85,1.122,3.253,2.43,1.122,0.0,1.638,1.976,0.0,0.0,0.0,0.0,0.0,0.0,0.0,0.0,0.0,0.0,0.0,0.0,0.0,0.0,0.0,1.122,1.122,0.0,0.0,0.0,5.749,5.788,5.104,3.926,2.598,1.122,2.229,2.229,0.0,1.122,0.0,0.0,1.122,CD4 naive T
TTGGAATGGTCACCAT-1_D21,D21,F,36,healthy,C,10x 3' v3,cryopreserved biobank sample,total PBMC,3117,1429,7.91,3.397,2.363,2.363,0.0,2.004,1.437,0.0,0.0,0.0,0.0,0.0,0.0,0.0,0.0,0.0,0.0,0.0,0.0,0.0,0.0,0.0,0.0,0.0,1.437,0.0,0.0,0.0,2.363,5.794,5.913,2.836,0.0,1.437,2.836,2.004,0.0,0.0,0.0,0.0,0.0,CD4 memory T
TATGGCTCTGTCCACA-1_D21,D21,F,36,healthy,C,10x 3' v3,cryopreserved biobank sample,total PBMC,4920,1823,5.5,2.413,1.109,1.96,0.0,1.109,1.109,0.0,0.0,0.0,0.0,0.0,0.0,0.0,0.0,0.0,0.0,0.0,0.0,0.0,0.0,0.0,1.109,0.0,0.0,0.0,0.0,0.0,4.67,5.756,5.289,3.06,2.413,2.848,1.622,2.96,0.0,1.622,0.0,0.0,1.109,CD4 naive T
TGTTCCCAGATCGACA-1_D21,D21,F,36,healthy,C,10x 3' v3,cryopreserved biobank sample,total PBMC,4432,1689,3.87,2.821,2.305,1.707,1.707,1.181,0.0,0.0,0.0,0.0,0.0,0.0,0.0,0.0,0.0,0.0,0.0,0.0,0.0,0.0,0.0,0.0,1.181,1.181,0.0,0.0,0.0,0.0,2.677,5.928,5.453,2.677,2.05,2.05,1.707,0.0,0.0,1.707,0.0,0.0,1.181,CD4 naive T
TGAATCGTAACAAAGC-1_D21,D21,F,36,healthy,C,10x 3' v3,cryopreserved biobank sample,total PBMC,1846,974,6.2,3.335,0.0,0.0,0.0,0.0,0.0,0.0,0.0,0.0,0.0,0.0,0.0,0.0,0.0,0.0,0.0,0.0,0.0,0.0,0.0,0.0,1.859,0.0,0.0,0.0,0.0,0.0,4.789,5.063,5.478,0.0,4.01,2.471,0.0,1.859,0.0,0.0,1.859,0.0,0.0,CD4 naive T
TGGTGTCCCACTATAG-1_D21,D21,F,36,healthy,C,10x 3' v3,cryopreserved biobank sample,total PBMC,5166,1896,4.89,1.077,1.583,2.168,1.918,0.0,0.0,1.918,0.0,0.0,0.0,1.918,0.0,0.0,0.0,0.0,0.0,0.0,0.0,0.0,0.0,0.0,0.0,0.0,0.0,0.0,0.0,0.0,4.337,5.392,4.045,2.168,1.077,3.104,1.583,1.918,0.0,1.077,0.0,0.0,0.0,CD4 memory T
CACTCAAGACAAGAAT-1_D21,D21,F,36,healthy,C,10x 3' v3,cryopreserved biobank sample,total PBMC,3815,1478,3.99,2.441,1.831,0.0,1.287,1.831,1.831,0.0,0.0,0.0,0.0,0.0,0.0,0.0,0.0,1.287,0.0,0.0,1.287,0.0,0.0,0.0,0.0,1.287,0.0,0.0,0.0,0.0,5.128,5.445,4.273,2.817,2.182,1.287,0.0,0.0,0.0,0.0,1.287,0.0,1.287,CD4 naive T
TTAGGGTTCGCTGAAA-1_D21,D21,F,36,healthy,C,10x 3' v3,cryopreserved biobank sample,total PBMC,5250,2029,6.34,3.508,2.154,2.663,1.066,1.066,0.0,0.0,0.0,0.0,1.066,0.0,0.0,0.0,0.0,0.0,0.0,0.0,0.0,0.0,1.066,0.0,0.0,1.066,1.571,0.0,1.066,0.0,3.884,6.003,4.321,1.571,0.0,2.354,1.066,1.571,0.0,1.066,0.0,0.0,1.571,CD4 memory T
TTCGCTCTTTCTAAGA-1_D21,D21,F,36,healthy,C,10x 3' v3,cryopreserved biobank sample,total PBMC,3240,1477,5.56,1.97,0.0,1.408,1.97,2.328,1.97,0.0,1.408,0.0,0.0,0.0,0.0,0.0,0.0,0.0,0.0,0.0,0.0,0.0,0.0,0.0,0.0,0.0,0.0,0.0,0.0,0.0,4.773,4.663,4.539,2.591,2.971,1.97,0.0,0.0,0.0,1.408,0.0,0.0,1.408,CD4 memory T
CGCAACCAGTTTTCTA-1_D21,D21,F,36,healthy,C,10x 3' v3,cryopreserved biobank sample,total PBMC,6840,2807,9.3,2.748,1.684,1.684,0.901,1.367,0.901,1.924,0.0,0.0,0.0,0.0,0.901,0.0,0.0,0.0,0.0,0.0,0.0,0.0,0.0,0.0,0.901,1.367,0.901,0.0,0.0,0.901,4.534,4.624,4.518,1.924,2.279,2.65,0.901,0.901,0.0,0.901,0.0,0.0,1.367,CD4 memory T
CTAATTGTTGATAAGT-1_D21,D21,F,36,healthy,C,10x 3' v3,cryopreserved biobank sample,total PBMC,7657,2594,10.02,0.0,0.0,0.0,0.0,0.835,0.0,3.199,0.0,0.0,0.0,0.0,0.0,0.0,0.0,0.0,0.0,0.0,0.0,0.0,3.435,2.179,4.658,5.061,4.595,3.786,1.284,4.438,4.468,4.554,4.422,2.732,2.732,2.546,1.593,0.835,0.0,1.284,0.0,0.0,0.835,CD14 monocyte
ACCCGGACGTCAAACT-1_D21,D21,F,36,healthy,C,10x 3' v3,cryopreserved biobank sample,total PBMC,6493,2432,5.98,0.0,0.0,0.0,0.0,0.932,0.932,3.595,0.0,0.0,0.0,0.0,0.0,0.0,0.0,0.0,0.0,0.0,0.0,0.0,3.358,1.406,4.939,4.469,5.082,3.751,0.932,2.466,5.413,6.018,4.275,2.887,2.163,1.726,0.932,1.969,0.0,0.0,0.932,0.0,2.163,CD14 monocyte
TGTCACGCCACGGACT-1_D21,D21,F,36,healthy,C,10x 3' v3,cryopreserved biobank sample,total PBMC,10396,3592,15.09,0.0,0.0,0.0,0.0,1.357,0.0,3.573,0.0,0.0,0.0,0.0,0.0,0.0,0.0,0.0,0.0,0.0,0.0,0.0,3.141,1.073,4.483,5.097,5.675,4.368,2.163,3.6,4.852,4.798,4.439,2.854,2.363,2.854,1.913,1.578,0.0,1.578,1.073,0.0,1.578,CD14 monocyte
AGCTAAGTCTCTCCAT-1_D21,D21,F,36,healthy,C,10x 3' v3,cryopreserved biobank sample,total PBMC,6530,2565,6.99,2.964,1.402,1.964,0.929,1.402,0.929,1.402,0.0,0.0,0.929,0.929,0.0,0.0,0.929,0.0,0.0,0.0,0.0,0.0,0.929,0.0,1.402,0.929,0.0,0.0,0.0,0.0,4.498,6.145,4.739,1.722,0.929,1.964,1.964,2.321,0.0,1.402,1.402,0.0,0.0,CD4 memory T
AACGGGGGGTTCCGTA-1_D21,D21,F,36,healthy,C,10x 3' v3,cryopreserved biobank sample,total PBMC,3709,1584,5.44,2.843,1.307,0.0,1.307,0.0,0.0,1.855,0.0,0.0,0.0,0.0,0.0,0.0,0.0,0.0,0.0,0.0,0.0,0.0,0.0,0.0,1.307,0.0,0.0,0.0,0.0,0.0,4.529,5.187,3.955,0.0,1.855,0.0,0.0,1.307,0.0,0.0,1.307,0.0,0.0,CD4 naive T
ACAACGAACGTACGGT-1_D21,D21,F,36,healthy,C,10x 3' v3,cryopreserved biobank sample,total PBMC,5153,2025,5.07,2.805,1.585,2.68,1.079,0.0,0.0,2.17,0.0,0.0,0.0,0.0,1.079,0.0,0.0,0.0,0.0,1.079,0.0,0.0,0.0,0.0,0.0,1.079,0.0,0.0,0.0,0.0,4.288,7.037,4.715,2.68,2.371,1.585,2.537,2.537,0.0,1.585,1.92,0.0,1.079,CD4 memory T
GGGACACTCCAGTCGG-1_D21,D21,F,36,healthy,C,10x 3' v3,cryopreserved biobank sample,total PBMC,5366,2256,5.18,2.5,1.052,0.0,1.052,2.334,1.553,2.642,1.553,1.553,0.0,0.0,2.977,1.553,0.0,0.0,0.0,0.0,0.0,0.0,0.0,0.0,0.0,1.052,1.052,0.0,0.0,0.0,4.96,4.525,5.106,2.977,1.052,2.135,2.135,1.553,0.0,0.0,0.0,0.0,1.052,CD8 T
AACCCTTCGCCTTGGC-1_D21,D21,F,36,healthy,C,10x 3' v3,cryopreserved biobank sample,total PBMC,8773,2895,3.14,3.014,1.716,1.188,0.0,0.761,1.716,2.195,0.0,0.0,0.0,0.0,0.0,0.0,0.0,0.0,0.0,0.0,0.0,0.0,0.0,0.0,1.188,1.188,1.716,0.0,0.0,0.0,3.528,5.79,4.56,0.761,2.314,2.518,1.902,1.188,0.0,1.486,0.0,0.0,0.761,CD4 naive T
CCGGGACAACTGTGTG-1_D21,D21,F,36,healthy,C,10x 3' v3,cryopreserved biobank sample,total PBMC,4832,2080,4.47,0.0,0.0,0.0,0.0,1.975,0.0,3.467,0.0,0.0,0.0,0.0,0.0,0.0,0.0,0.0,0.0,0.0,0.0,0.0,2.977,3.168,5.011,4.609,5.337,3.795,1.637,3.077,5.024,4.954,3.329,2.977,2.977,2.977,1.122,1.122,0.0,1.122,2.228,0.0,1.637,CD14 monocyte
AAGTGGATATCAACCT-1_D21,D21,F,36,healthy,C,10x 3' v3,cryopreserved biobank sample,total PBMC,3006,1497,6.41,0.0,0.0,0.0,1.465,0.0,0.0,0.0,0.0,0.0,0.0,0.0,0.0,0.0,0.0,0.0,0.0,0.0,2.035,2.661,4.35,0.0,0.0,0.0,1.465,0.0,0.0,0.0,3.318,5.483,5.267,0.0,2.396,3.19,2.035,1.465,0.0,0.0,0.0,0.0,0.0,B
GTCTCAGTCTGTCGCC-1_D21,D21,F,36,healthy,C,10x 3' v3,cryopreserved biobank sample,total PBMC,5699,2341,3.7,3.308,1.506,2.082,2.082,0.0,1.013,1.835,0.0,0.0,0.0,0.0,1.013,0.0,0.0,0.0,0.0,0.0,0.0,0.0,0.0,0.0,0.0,1.506,1.013,0.0,0.0,0.0,4.562,6.842,4.505,2.082,1.013,2.445,2.28,2.082,0.0,2.082,1.506,0.0,1.013,CD4 naive T
CCACCTAACTATCCAA-1_D21,D21,F,36,healthy,C,10x 3' v3,cryopreserved biobank sample,total PBMC,13293,4215,5.38,0.561,0.918,0.0,0.561,1.949,0.0,3.551,0.0,0.0,0.0,0.0,0.0,0.0,0.0,0.0,0.0,0.0,0.0,0.0,3.412,2.05,4.546,5.083,4.463,3.362,1.389,3.251,5.488,4.353,3.335,1.949,2.568,2.445,1.835,0.918,0.0,1.389,1.389,0.0,0.561,CD14 monocyte
TTTGACTACGCGAATC-1_D21,D21,F,36,healthy,C,10x 3' v3,cryopreserved biobank sample,total PBMC,3560,1484,6.03,3.028,0.0,2.504,0.0,1.337,1.337,2.711,0.0,0.0,0.0,0.0,0.0,0.0,0.0,0.0,0.0,0.0,0.0,0.0,0.0,0.0,1.337,0.0,0.0,0.0,0.0,0.0,4.598,5.823,5.895,0.0,2.711,3.547,1.337,2.244,0.0,0.0,1.337,0.0,1.337,CD4 naive T
GAGGGTAGGGATTTAC-1_D21,D21,F,36,healthy,C,10x 3' v3,cryopreserved biobank sample,total PBMC,8640,2943,4.79,1.915,2.532,2.328,0.0,2.208,1.728,0.769,0.0,0.0,0.0,0.0,0.0,0.0,0.0,0.0,0.0,0.0,0.0,0.0,0.0,0.0,1.198,0.0,0.769,0.0,0.0,0.0,5.355,5.473,4.611,2.435,2.435,2.208,0.769,0.769,0.0,0.769,0.0,0.0,1.498,CD4 memory T
GTGTCTCGAGTCGCAC-1_D21,D21,F,36,healthy,C,10x 3' v3,cryopreserved biobank sample,total PBMC,6567,2409,3.85,2.579,2.787,2.579,0.0,0.0,1.717,0.925,0.0,0.0,0.0,0.0,0.0,0.0,0.0,0.0,0.0,0.0,0.0,0.0,0.0,0.0,1.398,0.925,0.0,0.0,0.0,0.925,4.847,5.968,4.635,2.153,2.153,1.398,1.398,1.398,0.0,0.0,1.717,0.0,1.717,CD4 memory T
TCCCCATTTGACAGGG-1_D21,D21,F,36,healthy,C,10x 3' v3,cryopreserved biobank sample,total PBMC,5511,2202,3.22,3.043,2.475,2.475,1.532,1.035,1.863,0.0,0.0,0.0,0.0,1.035,0.0,0.0,0.0,0.0,0.0,0.0,0.0,0.0,0.0,0.0,1.035,0.0,0.0,0.0,0.0,0.0,4.907,5.649,4.576,2.475,1.532,2.111,1.863,1.035,0.0,0.0,0.0,0.0,1.532,CD4 memory T
CTGCGTTTACATGGCG-1_D21,D21,F,36,healthy,C,10x 3' v3,cryopreserved biobank sample,total PBMC,5477,2232,7.36,0.0,0.0,1.039,0.0,1.039,0.0,2.315,0.0,0.0,0.0,0.0,1.039,0.0,0.0,0.0,0.0,0.0,2.481,2.958,2.117,0.0,0.0,0.0,0.0,0.0,0.0,0.0,5.003,6.055,5.192,2.117,3.048,2.858,2.117,1.868,0.0,0.0,1.039,0.0,1.537,B
TTCGCCGTGAATCTCT-1_D21,D21,F,36,healthy,C,10x 3' v3,cryopreserved biobank sample,total PBMC,7225,2764,8.62,0.0,0.0,0.0,0.869,2.069,0.0,4.19,0.0,0.0,0.0,0.0,0.0,0.0,0.0,0.0,0.0,0.0,0.0,0.0,1.877,1.639,4.126,3.2,5.119,3.955,2.069,4.327,4.309,5.586,4.728,3.307,2.23,1.327,0.869,2.787,0.0,2.23,0.869,0.0,2.23,CD14 monocyte
TGCACTGACCTGAGTA-1_D21,D21,F,36,healthy,C,10x 3' v3,cryopreserved biobank sample,total PBMC,2409,1026,5.95,1.639,1.639,0.0,1.639,2.23,1.639,0.0,0.0,0.0,0.0,0.0,0.0,0.0,0.0,0.0,0.0,0.0,1.639,0.0,0.0,0.0,0.0,0.0,0.0,0.0,0.0,0.0,2.868,6.308,4.08,2.599,1.639,1.639,0.0,1.639,0.0,0.0,0.0,0.0,0.0,CD4 memory T
AGCGATCCGCTACCGA-1_D21,D21,F,36,healthy,C,10x 3' v3,cryopreserved biobank sample,total PBMC,3861,1819,2.13,2.806,1.821,2.171,1.821,1.821,1.821,2.636,0.0,0.0,0.0,0.0,0.0,0.0,0.0,0.0,0.0,0.0,0.0,0.0,0.0,0.0,1.278,0.0,0.0,0.0,0.0,0.0,4.722,6.048,6.078,2.636,2.806,1.821,1.821,2.43,0.0,1.821,1.278,0.0,1.278,CD4 memory T
TCGTTTAGAAGAGATA-1_D21,D21,F,36,healthy,C,10x 3' v3,cryopreserved biobank sample,total PBMC,3449,1520,9.77,2.534,1.361,0.0,1.361,1.361,2.272,2.534,0.0,1.361,0.0,0.0,1.361,0.0,1.917,0.0,0.0,0.0,0.0,0.0,0.0,0.0,1.361,0.0,0.0,1.361,0.0,0.0,4.077,5.741,5.346,1.917,1.917,2.534,2.272,1.361,0.0,0.0,1.917,0.0,1.361,CD8 T
AACAGTATGTCCTACA-1_D21,D21,F,36,healthy,C,10x 3' v3,cryopreserved biobank sample,total PBMC,1722,873,3.7,2.535,2.535,1.918,1.918,2.913,0.0,3.187,0.0,0.0,0.0,0.0,0.0,0.0,0.0,0.0,0.0,0.0,0.0,0.0,0.0,0.0,1.918,0.0,0.0,0.0,0.0,0.0,4.337,6.666,5.751,0.0,2.535,2.535,0.0,0.0,0.0,0.0,0.0,0.0,1.918,CD4 memory T
GTCGTCCCGTAAAAGA-1_D21,D21,F,36,healthy,C,10x 3' v3,cryopreserved biobank sample,total PBMC,3798,1592,2.78,3.308,1.29,2.445,0.0,1.29,0.0,2.445,0.0,0.0,0.0,0.0,0.0,0.0,0.0,1.29,0.0,0.0,0.0,0.0,0.0,0.0,0.0,0.0,0.0,0.0,0.0,0.0,4.446,5.264,5.839,1.835,1.29,3.207,1.835,1.29,0.0,0.0,0.0,0.0,1.835,CD4 naive T
CCAAGGTAATTTTAAG-1_D21,D21,F,36,healthy,C,10x 3' v3,cryopreserved biobank sample,total PBMC,7511,2813,8.37,2.196,1.608,1.608,1.298,0.846,0.0,2.832,0.0,0.846,0.0,0.0,0.0,0.0,0.0,1.298,0.0,0.0,0.0,0.846,0.0,0.0,0.0,0.0,1.298,0.0,0.0,0.846,4.653,5.85,5.807,3.217,2.036,1.298,0.846,1.298,0.0,0.846,0.846,0.0,1.608,CD4 memory T
CAGCGCGGTAGTATTG-1_D21,D21,F,36,healthy,C,10x 3' v3,cryopreserved biobank sample,total PBMC,3599,1506,4.3,2.494,2.494,1.329,1.881,0.0,2.234,1.329,0.0,0.0,0.0,0.0,0.0,0.0,0.0,0.0,0.0,0.0,0.0,0.0,0.0,0.0,0.0,0.0,0.0,0.0,0.0,0.0,4.035,5.885,4.858,3.536,3.018,2.494,2.701,0.0,0.0,0.0,0.0,0.0,2.234,CD4 naive T
AAGTGCATTCAGAGAG-1_D21,D21,F,36,healthy,C,10x 3' v3,cryopreserved biobank sample,total PBMC,5132,2001,4.5,3.586,3.111,1.081,0.0,0.0,0.0,1.924,0.0,0.0,0.0,1.081,0.0,0.0,0.0,0.0,0.0,0.0,0.0,0.0,0.0,0.0,0.0,0.0,0.0,1.081,1.081,0.0,4.485,4.549,5.523,2.541,1.081,2.374,1.924,2.374,0.0,1.924,0.0,0.0,1.924,CD4 naive T
ACATGAACCTGCTGAA-1_D21,D21,F,36,healthy,C,10x 3' v3,cryopreserved biobank sample,total PBMC,2588,1168,7.28,3.011,1.582,2.166,0.0,0.0,0.0,1.582,0.0,0.0,0.0,0.0,0.0,0.0,0.0,0.0,0.0,0.0,0.0,0.0,0.0,0.0,0.0,0.0,0.0,0.0,0.0,0.0,4.761,5.45,5.382,1.582,2.166,2.533,0.0,0.0,0.0,0.0,0.0,0.0,0.0,CD4 memory T
ATGACATGCGGTACTT-1_D21,D21,F,36,healthy,C,10x 3' v3,cryopreserved biobank sample,total PBMC,4237,1636,6.51,2.346,2.346,2.089,1.212,1.744,2.346,2.346,0.0,0.0,0.0,0.0,0.0,0.0,0.0,0.0,0.0,0.0,0.0,1.212,1.212,0.0,0.0,0.0,0.0,0.0,0.0,0.0,4.63,6.043,5.295,1.744,0.0,1.212,0.0,2.346,0.0,0.0,1.212,0.0,1.212,CD4 memory T
TTTGAATTTTCGAACA-1_D21,D21,F,36,healthy,C,10x 3' v3,cryopreserved biobank sample,total PBMC,10655,3457,6.44,0.662,0.0,0.0,0.662,1.339,0.662,3.889,0.0,0.0,0.0,0.662,0.0,0.0,0.0,0.0,0.0,0.0,0.0,0.0,2.774,2.141,5.037,3.981,5.157,4.255,1.339,4.228,4.542,5.637,3.963,3.576,3.465,3.158,1.559,1.739,0.0,2.141,1.559,0.0,0.662,CD14 monocyte
TTTTGTGTTAGTGAGG-1_D21,D21,F,36,healthy,C,10x 3' v3,cryopreserved biobank sample,total PBMC,5835,2237,4.75,2.799,2.061,2.061,0.998,1.815,1.488,2.061,0.0,0.0,0.0,0.0,0.0,0.0,0.0,0.0,0.0,0.0,0.0,0.0,0.0,0.0,0.998,0.998,0.998,0.0,0.0,0.0,4.574,6.71,5.456,3.285,2.689,1.815,2.061,0.998,0.0,0.998,1.815,0.0,0.0,CD4 memory T
TGCGTATCGAGATTGC-1_D21,D21,F,36,healthy,C,10x 3' v3,cryopreserved biobank sample,total PBMC,3474,1509,9.13,3.571,1.355,1.355,0.0,1.355,2.265,0.0,0.0,0.0,0.0,0.0,0.0,0.0,0.0,0.0,0.0,0.0,0.0,0.0,1.911,0.0,0.0,0.0,1.355,0.0,0.0,0.0,5.174,5.071,4.826,2.527,0.0,3.052,1.911,1.355,0.0,0.0,0.0,0.0,0.0,CD4 memory T
AGGACAGATGCCTTCA-1_D21,D21,F,36,healthy,C,10x 3' v3,cryopreserved biobank sample,total PBMC,5398,2144,7.86,1.881,2.328,1.549,1.549,1.048,1.048,1.048,0.0,0.0,0.0,0.0,0.0,0.0,0.0,0.0,0.0,0.0,0.0,0.0,0.0,0.0,1.048,1.048,1.048,0.0,0.0,0.0,4.768,5.908,5.018,2.129,3.222,2.328,3.145,2.129,0.0,1.048,1.549,0.0,1.549,CD4 memory T
GTACCCTGGCCGTGGC-1_D21,D21,F,36,healthy,C,10x 3' v3,cryopreserved biobank sample,total PBMC,3299,1419,7.78,4.487,1.955,1.394,2.312,2.782,2.574,0.0,0.0,0.0,0.0,0.0,0.0,0.0,0.0,0.0,0.0,0.0,0.0,0.0,0.0,0.0,0.0,0.0,0.0,0.0,0.0,0.0,3.839,6.548,4.417,2.574,2.574,2.782,2.782,2.574,0.0,1.394,0.0,0.0,1.394,CD4 naive T
ATGGTCCTTGGCGGCC-1_D21,D21,F,36,healthy,C,10x 3' v3,cryopreserved biobank sample,total PBMC,3737,1471,12.47,0.0,1.302,0.0,0.0,0.0,0.0,4.178,0.0,0.0,0.0,0.0,0.0,0.0,0.0,0.0,0.0,0.0,0.0,0.0,2.836,2.2,4.43,4.904,4.43,4.33,1.302,2.2,4.943,5.307,3.717,3.65,3.222,2.2,1.302,1.302,0.0,0.0,1.302,0.0,1.302,CD14 monocyte
TAGACCTATCAGTCAA-1_D21,D21,F,36,healthy,C,10x 3' v3,cryopreserved biobank sample,total PBMC,7067,2620,4.39,0.0,0.0,0.0,0.0,0.0,0.0,3.101,0.0,0.0,0.0,3.035,4.273,2.718,2.389,1.343,1.657,3.035,0.0,0.0,0.0,0.0,0.0,0.0,0.0,0.0,0.0,0.0,4.855,5.797,5.308,1.896,1.343,3.101,0.882,1.657,0.0,2.25,0.882,0.0,0.0,NK
AAGCGGCGCCTCTGTA-1_D21,D21,F,36,healthy,C,10x 3' v3,cryopreserved biobank sample,total PBMC,2848,1340,4.21,3.242,1.507,2.445,0.0,2.082,1.507,2.082,0.0,0.0,0.0,0.0,0.0,0.0,0.0,0.0,0.0,0.0,0.0,0.0,0.0,0.0,0.0,0.0,1.507,1.507,0.0,0.0,3.37,5.321,4.106,2.445,2.711,2.082,0.0,0.0,0.0,0.0,1.507,0.0,0.0,CD4 naive T
TGGCATGTGAGTGCCC-1_D21,D21,F,36,healthy,C,10x 3' v3,cryopreserved biobank sample,total PBMC,5521,2294,9.93,3.124,2.308,2.616,0.0,1.862,1.531,1.531,0.0,0.0,0.0,1.034,0.0,0.0,0.0,0.0,0.0,0.0,0.0,0.0,0.0,0.0,1.034,1.034,0.0,0.0,1.034,0.0,4.391,5.691,5.641,3.272,2.95,2.95,2.11,2.11,0.0,1.034,0.0,0.0,0.0,CD4 naive T
AGAATCTCTGGAGACG-1_D21,D21,F,36,healthy,C,10x 3' v3,cryopreserved biobank sample,total PBMC,6206,2220,5.52,2.84,2.367,2.631,0.0,1.44,0.0,1.764,0.0,0.0,0.0,0.0,0.0,0.0,0.0,0.0,0.0,0.0,0.0,0.0,0.0,0.0,0.0,0.0,0.0,0.0,0.0,0.0,3.681,4.927,4.496,2.84,2.367,2.508,2.367,2.741,0.0,1.764,0.0,0.0,1.44,CD4 naive T
AAGTAGCGCTCCAGCC-1_D21,D21,F,36,healthy,C,10x 3' v3,cryopreserved biobank sample,total PBMC,6670,2541,5.6,3.091,0.916,2.564,1.704,0.0,2.564,1.704,0.0,0.0,0.0,0.0,0.0,0.0,0.0,0.0,0.0,0.0,0.0,0.0,0.0,0.0,0.916,0.0,0.0,0.0,0.916,0.0,3.481,5.607,4.605,2.302,2.442,1.386,2.14,1.704,0.0,1.945,1.386,0.0,1.704,CD4 naive T
AGGGGTGTGTTATATC-1_D21,D21,F,36,healthy,C,10x 3' v3,cryopreserved biobank sample,total PBMC,4054,1663,11.45,1.781,2.386,2.59,0.0,0.0,1.781,2.905,0.0,0.0,0.0,0.0,0.0,0.0,0.0,0.0,0.0,0.0,0.0,0.0,0.0,0.0,0.0,0.0,0.0,0.0,0.0,0.0,4.284,5.876,4.577,2.76,1.243,1.781,2.128,2.59,0.0,0.0,0.0,0.0,0.0,CD4 memory T
GTTATCCTCAAGCAGC-1_D21,D21,F,36,healthy,C,10x 3' v3,cryopreserved biobank sample,total PBMC,3582,1488,4.83,2.238,1.333,0.0,0.0,1.333,1.333,0.0,0.0,0.0,0.0,0.0,0.0,0.0,0.0,0.0,0.0,0.0,0.0,0.0,0.0,1.333,0.0,0.0,1.333,0.0,0.0,0.0,4.796,5.207,4.406,1.885,0.0,1.885,1.333,2.238,0.0,1.885,1.885,0.0,1.333,CD4 memory T
TGTGGTTCCCTACACC-1_D21,D21,F,36,healthy,C,10x 3' v3,cryopreserved biobank sample,total PBMC,8750,2862,4.57,0.0,0.762,0.0,0.0,0.0,0.762,2.833,0.762,0.0,0.762,4.043,4.489,4.259,3.531,1.718,2.061,1.718,0.0,0.0,0.0,0.0,0.0,0.0,0.762,0.0,0.0,0.0,3.425,5.298,4.586,1.19,1.718,2.424,1.19,1.488,0.0,1.19,1.488,0.0,1.488,NK
ATCTCAGGAAAAAGCA-1_D21,D21,F,36,healthy,C,10x 3' v3,cryopreserved biobank sample,total PBMC,6302,2579,5.15,0.0,0.0,0.0,0.0,2.915,0.0,4.141,0.0,0.0,0.0,0.0,0.0,0.0,0.0,0.0,0.0,0.0,0.0,1.429,3.916,2.353,3.744,5.033,5.797,4.166,0.0,3.947,4.852,5.541,3.947,1.751,0.0,2.353,1.751,0.0,0.0,0.0,1.429,0.0,0.95,CD14 monocyte
GTTGTTAGCTCAGCTC-1_D21,D21,F,36,healthy,C,10x 3' v3,cryopreserved biobank sample,total PBMC,4643,1785,6.97,3.115,0.0,2.634,0.0,0.0,2.263,2.263,0.0,0.0,1.149,0.0,0.0,0.0,0.0,1.149,0.0,0.0,0.0,1.149,0.0,0.0,0.0,1.149,0.0,0.0,0.0,1.149,3.786,5.726,5.876,2.263,2.263,2.777,2.263,0.0,0.0,1.669,0.0,0.0,0.0,CD4 naive T
TCCATTCTAGCTACGT-1_D21,D21,F,36,healthy,C,10x 3' v3,cryopreserved biobank sample,total PBMC,6309,2460,8.35,2.824,1.75,0.95,1.428,2.189,0.0,2.726,0.0,0.0,0.0,0.0,0.0,0.0,0.0,0.95,0.0,0.0,0.95,0.0,0.0,0.0,0.95,1.428,0.0,0.0,0.0,0.0,3.976,5.245,4.213,3.33,1.75,0.0,1.428,1.75,0.0,1.428,0.0,0.0,0.95,CD4 memory T
TCCCCGGTTCTAGACT-1_D21,D21,F,36,healthy,C,10x 3' v3,cryopreserved biobank sample,total PBMC,2458,1252,7.23,2.581,2.581,2.212,0.0,1.623,0.0,2.212,0.0,0.0,0.0,1.623,0.0,0.0,0.0,0.0,0.0,0.0,0.0,0.0,0.0,0.0,0.0,0.0,0.0,0.0,0.0,0.0,4.361,5.451,5.123,2.212,1.623,2.849,3.235,2.581,0.0,0.0,0.0,0.0,1.623,CD4 naive T
TCTACTTCTCACTGCT-1_D21,D21,F,36,healthy,C,10x 3' v3,cryopreserved biobank sample,total PBMC,3773,1784,9.49,2.192,1.841,2.451,0.0,0.0,0.0,2.192,0.0,0.0,0.0,0.0,0.0,0.0,0.0,0.0,0.0,0.0,0.0,0.0,0.0,0.0,0.0,0.0,0.0,0.0,0.0,0.0,3.213,5.723,4.648,2.451,1.295,3.1,0.0,1.295,0.0,1.295,0.0,0.0,0.0,CD4 naive T
GCCTAGTAAAAAACTA-1_D21,D21,F,36,healthy,C,10x 3' v3,cryopreserved biobank sample,total PBMC,4081,1589,5.93,2.38,1.238,2.754,0.0,1.775,2.38,1.238,0.0,0.0,0.0,0.0,0.0,0.0,0.0,0.0,0.0,0.0,0.0,0.0,0.0,0.0,1.238,0.0,1.238,0.0,0.0,0.0,3.239,6.443,5.192,2.754,1.775,1.238,1.238,1.775,0.0,0.0,1.775,0.0,1.238,CD4 naive T
GGGGTTTAGTTGAGCT-1_D21,D21,F,36,healthy,C,10x 3' v3,cryopreserved biobank sample,total PBMC,4867,1866,4.94,3.46,1.117,1.631,0.0,0.0,1.117,1.631,0.0,0.0,0.0,1.117,0.0,0.0,1.117,0.0,0.0,0.0,0.0,0.0,0.0,0.0,1.117,0.0,1.117,0.0,0.0,0.0,3.958,4.871,5.461,2.422,1.117,1.969,1.969,1.631,0.0,0.0,1.117,0.0,1.631,CD4 memory T
AATCGACAATATCTTC-1_D21,D21,F,36,healthy,C,10x 3' v3,cryopreserved biobank sample,total PBMC,2717,1240,6.51,3.287,2.124,0.0,0.0,1.543,1.543,3.287,0.0,0.0,0.0,0.0,0.0,0.0,0.0,0.0,0.0,0.0,0.0,0.0,0.0,0.0,0.0,0.0,0.0,0.0,0.0,0.0,4.533,5.988,5.555,1.543,2.124,1.543,0.0,2.965,0.0,2.124,0.0,0.0,0.0,CD4 memory T
GCTACCGTAGAGGCTG-1_D21,D21,F,36,healthy,C,10x 3' v3,cryopreserved biobank sample,total PBMC,7667,2843,6.84,3.692,2.437,1.592,1.283,2.018,1.592,1.283,0.0,0.0,0.0,0.0,0.0,0.0,0.0,0.0,0.0,0.0,0.0,0.835,0.0,0.0,0.835,1.283,0.835,0.0,0.0,0.0,4.817,5.49,4.089,2.315,0.835,0.0,2.545,1.283,0.0,0.0,0.835,0.0,1.283,CD4 naive T
GGCACAGCGTGCCTTA-1_D21,D21,F,36,healthy,C,10x 3' v3,cryopreserved biobank sample,total PBMC,4985,2138,8.96,2.947,1.949,2.947,1.101,1.101,0.0,1.612,0.0,0.0,0.0,1.612,0.0,0.0,0.0,0.0,0.0,0.0,0.0,0.0,1.101,0.0,0.0,0.0,0.0,0.0,0.0,0.0,3.81,5.326,4.878,1.612,2.836,1.949,2.836,1.101,0.0,2.2,1.101,0.0,1.101,CD4 naive T
GTGGTCCTTACAGGTA-1_D21,D21,F,36,healthy,C,10x 3' v3,cryopreserved biobank sample,total PBMC,5137,2023,10.35,3.341,1.081,1.081,1.081,1.081,1.923,2.808,0.0,0.0,0.0,0.0,0.0,0.0,0.0,0.0,0.0,0.0,0.0,0.0,0.0,0.0,0.0,1.081,0.0,0.0,0.0,0.0,5.054,5.344,5.183,2.808,2.173,2.373,2.173,1.923,0.0,1.081,0.0,0.0,1.923,CD4 naive T
GGATCCGCGTGTATGC-1_D21,D21,F,36,healthy,C,10x 3' v3,cryopreserved biobank sample,total PBMC,2309,1197,6.99,3.688,3.12,0.0,2.268,1.673,2.908,0.0,1.673,0.0,0.0,0.0,0.0,0.0,0.0,0.0,0.0,0.0,0.0,0.0,0.0,0.0,0.0,0.0,0.0,0.0,0.0,0.0,4.999,6.221,3.97,2.268,1.673,2.268,0.0,0.0,0.0,0.0,2.268,0.0,0.0,CD8 T
AGGGGAACCGCACTGC-1_D21,D21,F,36,healthy,C,10x 3' v3,cryopreserved biobank sample,total PBMC,3225,1555,4.42,0.0,1.974,2.596,1.411,1.974,1.974,0.0,0.0,0.0,0.0,0.0,0.0,0.0,0.0,0.0,0.0,0.0,0.0,0.0,0.0,0.0,0.0,0.0,0.0,0.0,0.0,0.0,4.04,6.258,5.467,2.332,1.411,1.974,2.596,0.0,0.0,0.0,1.411,0.0,1.411,CD4 naive T
CTCATCCCGTCCTGTC-1_D21,D21,F,36,healthy,C,10x 3' v3,cryopreserved biobank sample,total PBMC,6139,2494,8.55,0.0,0.0,0.0,0.0,1.449,0.0,4.088,0.0,0.0,0.0,0.0,0.0,0.0,0.0,0.0,0.0,0.0,0.0,0.0,3.236,1.773,4.773,4.576,5.535,3.561,2.213,2.641,4.351,5.434,3.691,3.842,2.518,2.518,0.967,2.213,0.0,1.773,1.773,0.0,0.0,CD14 monocyte
TCCTTGAGCTCAAGCC-1_D21,D21,F,36,healthy,C,10x 3' v3,cryopreserved biobank sample,total PBMC,9967,3442,4.16,0.0,0.0,0.0,0.695,1.612,0.0,3.222,0.0,0.0,0.0,0.695,0.695,0.0,0.0,0.0,0.0,0.0,0.0,0.0,2.776,2.999,3.764,4.398,5.162,4.223,1.101,3.437,4.791,5.433,4.557,3.717,2.306,2.488,2.999,1.612,0.0,1.612,1.795,0.0,0.695,CD14 monocyte
GGTCTCTCGACGTAAG-1_D21,D21,F,36,healthy,C,10x 3' v3,cryopreserved biobank sample,total PBMC,3353,1367,5.07,3.085,2.297,2.559,0.0,1.382,1.941,2.297,0.0,0.0,0.0,0.0,1.382,0.0,0.0,0.0,0.0,0.0,0.0,0.0,0.0,0.0,0.0,0.0,0.0,1.382,0.0,0.0,5.106,5.759,4.685,1.941,2.559,1.941,2.297,0.0,0.0,0.0,0.0,0.0,1.382,CD4 naive T
GGGGGAGCTGCGAGCT-1_D21,D21,F,36,healthy,C,10x 3' v3,cryopreserved biobank sample,total PBMC,7734,2879,6.48,0.0,0.0,0.0,0.83,2.17,0.0,3.616,0.0,0.0,0.0,0.0,0.0,0.0,0.0,0.0,0.83,0.83,0.0,0.0,2.308,2.308,3.862,4.296,5.929,3.834,1.585,3.777,3.915,5.153,3.965,2.88,3.291,3.862,2.17,2.17,0.0,1.585,1.585,0.0,0.0,CD14 monocyte
GTTGCTGGTCGTTGCA-1_D21,D21,F,36,healthy,C,10x 3' v3,cryopreserved biobank sample,total PBMC,3331,1533,5.11,1.387,0.0,1.387,0.0,0.0,0.0,1.947,0.0,0.0,0.0,0.0,0.0,0.0,0.0,0.0,0.0,0.0,0.0,0.0,0.0,0.0,0.0,0.0,0.0,0.0,0.0,0.0,4.478,6.237,4.891,1.387,1.387,0.0,1.947,0.0,0.0,0.0,1.387,0.0,2.303,CD4 naive T
TACCGTTGGCCACCGA-1_D21,D21,F,36,healthy,C,10x 3' v3,cryopreserved biobank sample,total PBMC,6070,2351,6.77,0.974,1.457,2.387,1.457,2.223,2.387,2.027,0.0,0.0,0.0,0.0,0.0,0.0,0.0,0.0,0.0,0.0,0.0,0.0,0.0,0.0,0.0,0.0,0.974,0.0,0.0,0.0,4.228,6.047,5.267,2.027,2.528,0.974,1.457,0.974,0.0,2.027,0.0,0.0,0.974,CD4 memory T
TGCAACACGGTGCGCC-1_D21,D21,F,36,healthy,C,10x 3' v3,cryopreserved biobank sample,total PBMC,6646,2472,10.05,3.799,0.918,1.707,0.918,0.0,0.0,1.389,0.0,1.389,0.0,0.0,2.568,2.143,0.918,0.0,0.0,0.918,0.918,0.0,0.0,0.0,0.918,0.0,1.389,0.0,0.0,0.0,4.314,4.959,4.959,2.445,2.677,3.094,2.305,1.389,0.0,0.918,1.389,0.0,0.918,CD8 T
CTGAATAGTAAACACC-1_D21,D21,F,36,healthy,C,10x 3' v3,cryopreserved biobank sample,total PBMC,4712,1988,4.61,3.101,1.657,1.139,0.0,0.0,2.889,0.0,0.0,0.0,0.0,0.0,1.139,0.0,0.0,0.0,0.0,0.0,0.0,0.0,1.657,0.0,0.0,0.0,0.0,0.0,0.0,0.0,3.819,4.654,4.768,3.276,1.657,1.997,3.101,1.997,0.0,1.997,0.0,0.0,1.139,CD4 memory T
GATGCGAGCTTTCGAG-1_D21,D21,F,36,healthy,C,10x 3' v3,cryopreserved biobank sample,total PBMC,4028,1624,7.25,1.248,0.0,0.0,0.0,0.0,0.0,0.0,0.0,0.0,0.0,0.0,1.248,0.0,0.0,0.0,0.0,0.0,2.911,2.392,2.392,0.0,1.248,0.0,0.0,0.0,0.0,0.0,4.104,5.192,4.062,2.596,2.766,3.505,1.786,2.134,0.0,0.0,0.0,0.0,1.248,B
GAACTCCATTACTGGA-1_D21,D21,F,36,healthy,C,10x 3' v3,cryopreserved biobank sample,total PBMC,2923,1429,4.04,0.0,2.06,0.0,0.0,0.0,0.0,3.459,0.0,0.0,0.0,2.06,1.486,0.0,0.0,1.486,0.0,1.486,0.0,0.0,0.0,0.0,0.0,0.0,0.0,0.0,0.0,0.0,4.735,6.728,5.107,2.422,3.217,1.486,0.0,0.0,0.0,2.06,2.06,0.0,0.0,CD4 memory T
GTTCGACAGCCGCCAT-1_D21,D21,F,36,healthy,C,10x 3' v3,cryopreserved biobank sample,total PBMC,7527,2940,5.77,0.0,0.0,0.0,0.0,3.215,0.0,2.034,0.0,0.0,0.0,0.0,0.0,0.0,0.0,0.0,0.0,0.0,0.0,0.0,3.803,1.607,5.11,4.47,5.165,3.103,0.845,3.533,4.571,5.476,3.364,2.975,2.332,2.83,1.607,2.332,0.0,0.845,1.607,0.0,1.607,CD14 monocyte
AAGAGAATGGTTAGCA-1_D21,D21,F,36,healthy,C,10x 3' v3,cryopreserved biobank sample,total PBMC,4770,1809,10.68,0.0,0.0,0.0,0.0,2.608,0.0,3.341,0.0,0.0,0.0,0.0,0.0,0.0,0.0,0.0,0.0,0.0,0.0,0.0,3.657,2.239,4.465,5.153,5.309,3.181,1.647,2.878,4.937,5.445,4.189,3.264,2.239,1.647,1.647,1.13,0.0,1.13,1.13,0.0,1.986,CD14 monocyte
TAGAGGGCAGCTATTA-1_D21,D21,F,36,healthy,C,10x 3' v3,cryopreserved biobank sample,total PBMC,4643,1974,9.0,3.439,0.0,1.149,0.0,2.01,2.465,2.633,1.149,0.0,0.0,0.0,0.0,0.0,0.0,0.0,0.0,0.0,0.0,0.0,1.149,0.0,0.0,0.0,1.149,0.0,1.149,0.0,4.043,5.167,4.818,1.669,0.0,2.263,0.0,2.263,0.0,0.0,0.0,0.0,1.149,CD4 memory T
CATCATACACTTATGG-1_D21,D21,F,36,healthy,C,10x 3' v3,cryopreserved biobank sample,total PBMC,5683,2188,9.53,0.0,0.0,0.0,0.0,1.837,0.0,2.824,0.0,0.0,0.0,0.0,0.0,0.0,0.0,0.0,0.0,1.015,0.0,0.0,2.084,2.084,3.589,5.176,5.289,4.508,1.837,2.923,5.961,5.382,4.316,2.084,1.837,2.447,1.015,1.508,0.0,1.015,1.508,0.0,0.0,CD14 monocyte
TCGTTGATATGGCGCG-1_D21,D21,F,36,healthy,C,10x 3' v3,cryopreserved biobank sample,total PBMC,4728,1840,2.27,3.098,1.994,1.654,1.136,0.0,1.136,1.994,0.0,0.0,0.0,0.0,0.0,0.0,0.0,0.0,0.0,0.0,0.0,0.0,0.0,0.0,1.136,1.136,1.994,0.0,0.0,0.0,3.947,5.613,4.609,2.76,2.247,2.617,2.76,0.0,0.0,1.136,0.0,0.0,0.0,CD4 naive T
TTGAAAGTTCAGAACG-1_D21,D21,F,36,healthy,C,10x 3' v3,cryopreserved biobank sample,total PBMC,3988,1724,7.49,2.921,2.775,2.605,0.0,0.0,1.794,0.0,0.0,0.0,0.0,1.794,0.0,0.0,0.0,0.0,0.0,0.0,0.0,0.0,0.0,0.0,0.0,1.255,0.0,1.255,0.0,0.0,4.712,6.163,4.934,2.605,2.143,3.514,1.255,2.401,0.0,1.255,0.0,0.0,0.0,CD4 naive T
ATTGGCCCTTTCCCGG-1_D21,D21,F,36,healthy,C,10x 3' v3,cryopreserved biobank sample,total PBMC,2862,1184,5.54,0.0,1.503,0.0,2.078,0.0,2.706,2.706,0.0,2.441,0.0,0.0,2.706,1.503,0.0,1.503,0.0,0.0,0.0,0.0,0.0,0.0,0.0,0.0,0.0,0.0,0.0,0.0,4.261,5.859,5.019,3.582,2.706,1.503,0.0,0.0,0.0,1.503,0.0,0.0,1.503,CD8 T
ACGCTCCTACGCTGCT-1_D21,D21,F,36,healthy,C,10x 3' v3,cryopreserved biobank sample,total PBMC,11858,4387,5.36,0.0,0.0,0.0,0.0,1.261,0.0,4.136,0.0,0.0,0.0,0.0,0.0,0.0,0.0,0.0,0.0,0.612,0.0,0.0,3.301,0.0,2.73,3.445,6.074,4.32,0.612,3.27,5.303,5.56,3.445,4.298,2.047,2.614,1.802,1.932,0.0,0.988,1.932,0.0,2.409,CD14 monocyte
TACCGATATATGTGCA-1_D21,D21,F,36,healthy,C,10x 3' v3,cryopreserved biobank sample,total PBMC,8951,3234,4.19,1.471,0.75,0.75,1.699,2.499,1.471,2.177,0.0,0.0,0.0,0.0,0.0,0.0,0.0,0.0,0.0,0.0,0.0,0.0,0.0,0.0,0.0,1.174,0.0,0.0,0.0,0.75,3.746,5.801,4.664,1.885,2.587,2.587,1.699,1.699,0.0,0.0,0.75,0.0,1.471,CD4 memory T
CCGAAGGTACGATTCG-1_D21,D21,F,36,healthy,C,10x 3' v3,cryopreserved biobank sample,total PBMC,6576,2522,7.12,2.687,2.152,0.0,0.0,0.925,1.716,1.397,0.0,0.0,0.0,0.0,0.0,0.0,0.0,0.0,0.0,0.0,0.0,0.0,0.0,0.0,0.925,0.0,0.0,0.0,0.0,0.0,4.304,6.532,4.705,1.716,1.716,1.397,0.925,2.152,0.0,1.397,0.0,0.0,0.0,CD4 memory T
CAGAGCCGTTCCCATG-1_D21,D21,F,36,healthy,C,10x 3' v3,cryopreserved biobank sample,total PBMC,14975,4754,11.41,0.0,0.0,0.0,0.0,1.611,0.0,3.682,0.0,0.0,0.0,0.0,0.0,0.0,0.0,0.0,0.0,0.0,0.511,0.0,2.753,2.91,3.715,4.735,5.484,4.475,0.0,4.068,4.068,4.892,4.475,3.346,2.399,2.91,1.1,1.1,0.0,1.1,1.736,0.0,0.848,CD14 monocyte
ATTGCGAGCGGGGGAA-1_D21,D21,F,36,healthy,C,10x 3' v3,cryopreserved biobank sample,total PBMC,3874,1592,5.81,3.465,3.075,1.818,1.818,1.276,2.168,1.818,0.0,0.0,0.0,0.0,0.0,0.0,0.0,0.0,0.0,0.0,0.0,0.0,0.0,0.0,0.0,1.818,0.0,0.0,0.0,0.0,3.682,6.43,5.485,2.632,1.818,2.632,2.427,1.818,0.0,2.168,1.276,0.0,1.276,CD4 memory T
ACCTCGGGAAGGAATG-1_D21,D21,F,36,healthy,C,10x 3' v3,cryopreserved biobank sample,total PBMC,6658,2206,3.4,0.0,0.0,0.0,0.0,0.917,0.0,3.022,0.0,0.0,0.0,0.0,0.0,0.0,0.0,0.0,0.0,0.0,0.0,0.0,1.947,2.304,4.733,3.571,6.022,3.953,0.917,3.435,5.353,5.388,5.067,1.947,3.571,2.863,2.141,1.706,0.0,1.947,1.387,0.0,1.706,CD14 monocyte
GAAGAGGCCCTGCTTT-1_D21,D21,F,36,healthy,C,10x 3' v3,cryopreserved biobank sample,total PBMC,5784,2062,3.78,0.0,0.0,0.0,0.0,1.495,0.0,1.495,0.0,0.0,0.0,2.697,3.414,3.789,2.573,2.431,1.822,2.266,0.0,0.0,0.0,0.0,1.004,1.004,0.0,1.004,0.0,0.0,4.41,6.636,4.775,2.069,2.266,3.079,2.266,1.822,0.0,0.0,1.495,0.0,1.495,NK
GCTATAAACAGAGGAC-1_D21,D21,F,36,healthy,C,10x 3' v3,cryopreserved biobank sample,total PBMC,7951,2871,8.0,3.48,1.257,0.814,0.814,1.563,1.986,1.257,0.0,0.0,0.0,0.0,0.0,0.0,0.0,0.0,0.0,0.0,0.0,0.0,0.0,0.0,0.814,0.0,0.814,0.0,0.0,0.814,4.32,5.328,5.007,1.986,0.814,3.108,2.404,1.797,0.0,0.814,0.0,0.0,0.0,CD4 memory T
TTATGGTGGATTTAAT-1_D21,D21,F,36,healthy,C,10x 3' v3,cryopreserved biobank sample,total PBMC,6342,2486,9.84,3.774,2.611,1.989,0.947,0.0,1.746,0.0,0.947,0.0,0.0,0.0,0.0,0.0,0.0,0.0,0.0,0.0,0.0,0.0,0.0,0.0,0.0,0.0,0.947,0.0,0.947,0.0,4.624,6.019,5.153,1.989,2.348,2.909,2.488,0.0,0.0,0.947,0.0,0.0,0.947,CD4 memory T
ATTCTTTTTGCCCCTA-1_D21,D21,F,36,healthy,C,10x 3' v3,cryopreserved biobank sample,total PBMC,3692,1720,7.51,3.121,1.311,2.211,1.311,1.859,1.311,1.859,0.0,0.0,0.0,0.0,0.0,0.0,0.0,0.0,0.0,0.0,0.0,0.0,0.0,0.0,0.0,0.0,1.311,0.0,0.0,0.0,3.512,6.287,4.935,2.471,0.0,2.471,0.0,1.859,0.0,1.311,0.0,0.0,1.859,CD4 memory T
CTTTATCGCACCAGAG-1_D21,D21,F,36,healthy,C,10x 3' v3,cryopreserved biobank sample,total PBMC,2967,1354,6.08,2.047,2.047,0.0,3.331,0.0,3.055,0.0,2.047,1.475,0.0,0.0,2.047,1.475,0.0,0.0,0.0,0.0,0.0,0.0,1.475,0.0,0.0,0.0,1.475,1.475,0.0,0.0,2.673,4.626,5.172,2.047,2.408,2.408,2.673,1.475,0.0,0.0,0.0,0.0,2.047,CD8 T
TCGTCCACCAGGTGTA-1_D21,D21,F,36,healthy,C,10x 3' v3,cryopreserved biobank sample,total PBMC,4414,1636,5.65,2.309,2.512,2.309,1.183,1.71,2.309,1.71,0.0,0.0,0.0,0.0,0.0,0.0,0.0,0.0,0.0,0.0,0.0,0.0,0.0,0.0,1.183,0.0,0.0,0.0,0.0,0.0,4.054,5.114,3.929,1.71,0.0,1.183,2.054,2.309,0.0,1.183,0.0,0.0,1.183,CD4 naive T
AGTTTATAAGATGAGA-1_D21,D21,F,36,healthy,C,10x 3' v3,cryopreserved biobank sample,total PBMC,3679,1456,4.22,3.339,3.431,2.474,0.0,0.0,0.0,2.68,1.313,0.0,0.0,0.0,0.0,0.0,0.0,0.0,0.0,0.0,0.0,0.0,0.0,0.0,1.313,0.0,0.0,0.0,0.0,1.313,3.732,6.539,4.746,2.474,2.851,2.474,2.851,1.862,0.0,1.862,1.862,0.0,1.313,CD4 naive T
ATATTCGTCGAGTCTC-1_D21,D21,F,36,healthy,C,10x 3' v3,cryopreserved biobank sample,total PBMC,5163,2031,4.09,2.914,0.0,1.919,1.919,0.0,2.369,1.584,0.0,0.0,0.0,0.0,1.077,0.0,0.0,0.0,0.0,0.0,1.077,0.0,0.0,0.0,0.0,1.077,1.919,0.0,0.0,0.0,4.812,5.89,5.231,1.077,1.077,2.369,0.0,2.369,0.0,0.0,1.919,0.0,0.0,CD4 memory T
AGAGTTCCTTAGGACT-1_D21,D21,F,36,healthy,C,10x 3' v3,cryopreserved biobank sample,total PBMC,4864,2098,9.18,1.97,1.97,1.97,1.632,2.423,1.97,1.117,0.0,0.0,0.0,0.0,0.0,0.0,0.0,0.0,0.0,0.0,0.0,0.0,0.0,0.0,0.0,1.117,0.0,0.0,0.0,0.0,4.17,5.379,5.748,1.97,2.859,1.117,1.632,1.117,0.0,1.632,0.0,0.0,1.117,CD4 naive T
AGGACAGGGTTACCGT-1_D21,D21,F,36,healthy,C,10x 3' v3,cryopreserved biobank sample,total PBMC,3085,1445,5.91,2.373,2.373,2.013,0.0,0.0,2.373,1.445,0.0,1.445,0.0,0.0,0.0,0.0,0.0,0.0,0.0,0.0,0.0,0.0,0.0,0.0,1.445,2.013,2.013,0.0,0.0,0.0,4.921,5.701,5.443,1.445,1.445,2.373,0.0,2.845,0.0,1.445,1.445,0.0,0.0,CD4 memory T
GTCGTCTAATGTGGCA-1_D21,D21,F,36,healthy,C,10x 3' v3,cryopreserved biobank sample,total PBMC,2845,1392,9.83,2.446,1.507,1.507,1.507,1.507,0.0,0.0,0.0,0.0,0.0,0.0,0.0,0.0,0.0,0.0,0.0,0.0,0.0,0.0,0.0,0.0,0.0,0.0,0.0,0.0,0.0,0.0,4.216,5.96,5.155,2.446,3.243,3.916,2.446,1.507,0.0,2.083,0.0,0.0,1.507,CD4 naive T
ACGTGAGACATTGTGT-1_D21,D21,F,36,healthy,C,10x 3' v3,cryopreserved biobank sample,total PBMC,4995,1987,16.35,3.045,1.099,2.399,1.61,0.0,0.0,1.947,0.0,0.0,0.0,0.0,0.0,0.0,1.099,0.0,0.0,0.0,0.0,0.0,0.0,0.0,0.0,0.0,0.0,0.0,0.0,0.0,3.612,5.97,4.95,1.947,3.22,1.947,2.399,1.61,0.0,1.099,1.099,0.0,1.099,CD4 naive T
ACATTACTGTCGCCCG-1_D21,D21,F,36,healthy,C,10x 3' v3,cryopreserved biobank sample,total PBMC,7114,2423,8.43,3.029,2.083,2.712,0.0,1.891,1.891,0.878,0.0,0.0,0.0,0.0,0.0,0.0,0.0,0.0,0.0,0.0,0.0,0.0,0.0,0.0,0.0,0.0,0.0,0.0,0.0,0.0,4.599,5.881,4.768,3.548,2.083,2.883,1.891,0.0,0.0,1.338,1.338,0.0,1.338,CD4 memory T
GCGTCGCAAGATGTGA-1_D21,D21,F,36,healthy,C,10x 3' v3,cryopreserved biobank sample,total PBMC,6125,2167,6.11,2.753,2.52,2.215,0.0,1.451,0.0,1.775,0.0,0.0,0.0,0.968,0.0,0.0,0.0,0.0,0.0,0.0,0.0,0.968,0.0,0.0,0.0,0.0,0.0,0.0,0.0,0.0,4.733,5.719,5.647,2.52,0.0,2.019,1.775,0.968,0.0,1.451,0.0,0.0,0.0,CD4 memory T
ACTAAACGCGCTCGCC-1_D21,D21,F,36,healthy,C,10x 3' v3,cryopreserved biobank sample,total PBMC,7587,3028,4.94,2.187,2.325,2.187,0.841,0.0,2.027,1.836,1.291,0.841,0.841,0.841,0.841,1.291,0.841,0.0,0.0,0.0,0.0,0.0,0.0,0.0,0.841,1.6,0.841,0.0,0.0,0.0,4.68,5.717,4.332,0.0,1.6,2.822,1.6,1.836,0.0,0.0,0.841,0.0,0.841,CD8 T
CCTACTAACCCAACCC-1_D21,D21,F,36,healthy,C,10x 3' v3,cryopreserved biobank sample,total PBMC,9605,2965,5.57,3.174,1.981,1.417,0.0,1.126,1.981,0.714,0.0,0.0,0.0,0.714,0.0,0.0,0.0,0.0,0.0,0.714,0.0,0.0,0.0,0.0,0.0,0.0,0.0,0.0,0.0,0.0,4.357,5.525,5.222,2.871,2.602,3.297,1.825,0.0,0.0,1.642,1.126,0.0,0.0,CD4 naive T
TGGGTTGTCGTTTACT-1_D21,D21,F,36,healthy,C,10x 3' v3,cryopreserved biobank sample,total PBMC,2816,1279,5.78,1.515,1.515,1.515,0.0,0.0,0.0,2.092,0.0,0.0,0.0,0.0,0.0,0.0,0.0,0.0,0.0,0.0,0.0,0.0,0.0,0.0,1.515,0.0,2.092,0.0,0.0,0.0,3.105,4.742,4.886,2.456,2.092,0.0,2.092,2.092,0.0,0.0,1.515,0.0,0.0,CD4 memory T
TCGCGCTACCCGATGG-1_D21,D21,F,36,healthy,C,10x 3' v3,cryopreserved biobank sample,total PBMC,3937,1674,6.28,3.365,1.264,2.412,1.805,2.787,2.154,2.154,0.0,0.0,0.0,0.0,0.0,0.0,0.0,0.0,0.0,0.0,0.0,0.0,0.0,0.0,0.0,1.264,0.0,0.0,0.0,0.0,5.331,5.869,5.618,1.264,2.617,2.412,1.805,0.0,0.0,1.264,1.805,0.0,0.0,CD4 memory T
GGCTTACTTAAATAGC-1_D21,D21,F,36,healthy,C,10x 3' v3,cryopreserved biobank sample,total PBMC,4828,2021,4.61,2.43,2.228,1.638,1.122,1.638,2.866,1.976,0.0,0.0,0.0,0.0,0.0,0.0,0.0,1.122,0.0,0.0,0.0,0.0,0.0,0.0,1.122,0.0,0.0,0.0,0.0,0.0,4.546,6.215,3.468,0.0,2.43,1.638,1.976,1.638,0.0,1.638,0.0,0.0,1.638,CD4 naive T
GACATTAGACGCGGAA-1_D21,D21,F,36,healthy,C,10x 3' v3,cryopreserved biobank sample,total PBMC,3547,1597,5.33,2.247,2.714,2.508,1.34,1.893,2.247,1.34,0.0,0.0,0.0,0.0,0.0,0.0,0.0,0.0,0.0,0.0,0.0,0.0,0.0,0.0,1.893,0.0,0.0,0.0,0.0,0.0,4.734,5.54,4.187,1.34,1.893,1.893,0.0,2.508,0.0,1.34,0.0,0.0,0.0,CD4 naive T
GCAAAAACCATTACAT-1_D21,D21,F,36,healthy,C,10x 3' v3,cryopreserved biobank sample,total PBMC,3250,1335,5.23,1.968,2.325,2.325,1.405,2.325,0.0,1.405,0.0,0.0,0.0,0.0,0.0,0.0,0.0,0.0,0.0,1.405,0.0,0.0,0.0,0.0,0.0,0.0,0.0,0.0,1.405,0.0,4.796,5.712,5.288,1.968,2.325,3.115,2.796,0.0,0.0,0.0,0.0,0.0,0.0,CD4 naive T
TCGCCTTACGTGTTAT-1_D21,D21,F,36,healthy,C,10x 3' v3,cryopreserved biobank sample,total PBMC,7381,2810,5.16,0.0,0.0,0.0,0.0,0.0,0.0,3.383,0.0,0.0,0.0,0.0,0.0,0.0,0.0,0.0,0.0,0.0,0.0,0.0,3.59,2.677,5.678,2.924,5.214,4.41,0.0,4.631,5.229,5.484,3.851,1.311,1.311,2.211,2.471,1.622,0.0,1.311,0.856,0.0,1.311,CD14 monocyte
ACGCAGGGAGTGTTTC-1_D21,D21,F,36,healthy,C,10x 3' v3,cryopreserved biobank sample,total PBMC,6395,2327,5.68,2.713,0.0,3.259,1.418,0.941,0.941,2.603,0.0,0.941,0.0,0.0,0.0,0.0,0.0,0.941,0.0,0.0,0.0,0.0,0.0,0.0,0.0,0.0,0.941,0.0,0.0,0.0,4.311,5.901,5.107,2.48,1.982,1.739,0.0,1.418,0.0,1.739,1.739,0.0,0.941,CD4 naive T
GTGTTAAACTGCACGT-1_D21,D21,F,36,healthy,C,10x 3' v3,cryopreserved biobank sample,total PBMC,1680,828,4.0,3.999,2.558,0.0,0.0,0.0,1.939,1.939,0.0,0.0,0.0,0.0,1.939,0.0,0.0,0.0,0.0,0.0,0.0,0.0,0.0,0.0,0.0,0.0,0.0,0.0,0.0,0.0,4.283,5.961,5.658,2.937,1.939,2.937,1.939,0.0,0.0,1.939,0.0,0.0,2.558,CD4 memory T
TGGTAGATCGGCCCGA-1_D21,D21,F,36,healthy,C,10x 3' v3,cryopreserved biobank sample,total PBMC,6657,2339,4.88,0.0,0.0,0.0,0.0,0.0,0.0,3.334,0.0,0.0,0.0,0.0,0.917,0.0,0.917,0.0,0.0,2.444,0.0,0.0,3.763,0.0,3.022,2.864,4.462,2.946,3.528,2.141,4.062,5.104,2.676,2.864,2.141,3.22,2.444,1.947,0.0,0.0,0.0,0.0,0.0,CD14 monocyte
CTTTAGACGTCATACC-1_D21,D21,F,36,healthy,C,10x 3' v3,cryopreserved biobank sample,total PBMC,3190,1383,7.02,2.342,2.342,1.984,0.0,0.0,2.342,1.419,0.0,0.0,0.0,0.0,0.0,0.0,0.0,0.0,0.0,0.0,0.0,0.0,0.0,0.0,0.0,0.0,0.0,0.0,0.0,0.0,3.732,5.864,4.587,3.133,2.605,1.984,1.419,2.814,0.0,0.0,0.0,0.0,0.0,CD4 naive T
AACTACTAGTCCCTTG-1_D21,D21,F,36,healthy,C,10x 3' v3,cryopreserved biobank sample,total PBMC,4510,1698,10.31,2.492,2.931,2.289,2.035,2.035,3.042,2.035,0.0,0.0,0.0,0.0,0.0,0.0,1.169,0.0,0.0,0.0,0.0,0.0,0.0,0.0,0.0,0.0,0.0,0.0,0.0,0.0,4.072,5.887,3.656,2.289,1.169,2.805,1.693,1.693,0.0,0.0,1.169,0.0,1.169,CD4 naive T
CGCGTAAAAGAAGCGA-1_D21,D21,F,36,healthy,C,10x 3' v3,cryopreserved biobank sample,total PBMC,5874,2096,4.76,0.0,0.0,0.0,0.0,0.994,0.0,3.212,0.0,0.0,0.0,0.0,0.0,0.0,0.0,0.0,0.994,0.0,0.0,0.0,4.475,2.558,3.141,5.623,5.282,3.507,0.994,3.604,4.185,6.056,2.982,3.774,3.812,4.307,2.253,1.809,0.0,1.809,1.809,0.0,1.483,CD14 monocyte
CCGGATGCTTCCTGCG-1_D21,D21,F,36,healthy,C,10x 3' v3,cryopreserved biobank sample,total PBMC,6291,2288,8.78,2.191,2.355,3.076,0.0,1.43,0.0,1.996,0.0,0.0,0.0,0.0,0.0,0.0,0.0,0.0,0.0,0.0,0.0,0.0,0.0,0.952,0.0,0.0,0.952,0.0,0.0,0.0,3.782,5.41,5.003,2.191,2.191,2.355,2.827,0.952,0.0,0.952,1.996,0.0,0.952,CD4 memory T
ATAGGAGATTTTACTG-1_D21,D21,F,36,healthy,C,10x 3' v3,cryopreserved biobank sample,total PBMC,3550,1585,3.67,3.373,1.339,3.159,0.0,0.0,1.339,2.507,0.0,0.0,0.0,0.0,0.0,0.0,0.0,0.0,0.0,0.0,0.0,0.0,0.0,0.0,0.0,0.0,1.339,0.0,0.0,0.0,5.494,7.038,5.26,0.0,1.892,2.714,1.892,1.892,0.0,1.339,0.0,0.0,0.0,CD4 memory T
AGACCCCCTCTCGGGT-1_D21,D21,F,36,healthy,C,10x 3' v3,cryopreserved biobank sample,total PBMC,9899,3209,14.08,0.0,0.0,0.0,0.0,1.394,0.0,3.817,0.0,0.0,0.0,0.0,0.698,0.0,0.0,0.0,0.0,0.0,0.0,0.0,3.593,1.618,3.881,5.478,5.439,4.137,1.105,3.444,4.764,4.654,4.035,2.954,2.312,3.268,0.0,0.0,0.0,1.394,0.0,0.0,0.0,CD14 monocyte
GCCCCTGACTTGTGTA-1_D21,D21,F,36,healthy,C,10x 3' v3,cryopreserved biobank sample,total PBMC,3318,1553,5.94,3.896,2.777,0.0,3.337,1.95,1.95,1.39,0.0,0.0,0.0,0.0,1.39,0.0,0.0,0.0,0.0,0.0,0.0,0.0,0.0,0.0,0.0,0.0,0.0,0.0,0.0,0.0,4.012,5.412,4.849,0.0,2.569,2.569,0.0,1.39,0.0,0.0,0.0,0.0,0.0,CD8 T
TGCAGTATACATCTCT-1_D21,D21,F,36,healthy,C,10x 3' v3,cryopreserved biobank sample,total PBMC,6204,2198,8.55,0.0,0.0,0.0,0.0,1.764,0.0,3.551,0.0,0.0,0.0,0.0,0.0,0.0,0.0,0.0,0.0,0.0,0.0,0.0,3.226,2.204,4.341,4.855,4.565,2.741,0.96,3.639,5.058,5.623,3.089,3.346,2.741,2.368,2.508,1.764,0.0,0.0,0.0,0.0,0.96,CD14 monocyte
TAAACATGAGCTCTCC-1_D21,D21,F,36,healthy,C,10x 3' v3,cryopreserved biobank sample,total PBMC,7732,2755,6.53,3.747,0.83,1.585,0.0,0.83,1.585,1.585,0.0,0.83,0.83,0.83,0.0,0.0,0.83,0.0,0.0,0.0,0.0,0.0,0.0,0.0,0.83,0.0,0.0,0.0,0.83,0.0,4.473,5.77,4.165,4.059,2.805,2.17,2.17,1.82,0.0,0.0,0.0,0.0,1.585,CD4 naive T
ACGGTGAAGCTTAGAT-1_D21,D21,F,36,healthy,C,10x 3' v3,cryopreserved biobank sample,total PBMC,5793,2284,8.81,2.571,1.493,1.493,0.0,1.003,2.43,1.821,0.0,0.0,0.0,0.0,0.0,0.0,0.0,0.0,0.0,0.0,0.0,0.0,0.0,0.0,0.0,1.003,0.0,0.0,0.0,0.0,4.429,5.433,5.395,2.265,1.493,1.493,0.0,2.067,0.0,0.0,1.003,0.0,1.821,CD4 naive T
TTCAATACTAACTAAA-1_D21,D21,F,36,healthy,C,10x 3' v3,cryopreserved biobank sample,total PBMC,3714,1384,3.99,2.988,1.854,1.854,1.854,1.306,1.854,1.306,0.0,0.0,0.0,0.0,0.0,0.0,0.0,1.306,0.0,0.0,0.0,0.0,0.0,0.0,0.0,0.0,1.306,0.0,0.0,0.0,2.842,5.057,3.115,2.206,2.466,2.988,2.206,1.306,0.0,0.0,0.0,0.0,1.854,CD4 naive T
TGGTGGCAGGCTTGAT-1_D21,D21,F,36,healthy,C,10x 3' v3,cryopreserved biobank sample,total PBMC,3990,1787,8.43,3.159,2.4,0.0,1.255,1.255,1.255,2.4,0.0,0.0,0.0,0.0,0.0,0.0,0.0,0.0,0.0,0.0,0.0,1.255,0.0,0.0,0.0,0.0,1.255,0.0,0.0,0.0,4.897,6.045,4.689,2.142,1.794,2.775,0.0,0.0,0.0,0.0,0.0,0.0,1.794,CD4 naive T
GCCATTCTTGAGCGTC-1_D21,D21,F,36,healthy,C,10x 3' v3,cryopreserved biobank sample,total PBMC,10949,3472,6.35,0.0,0.0,0.0,0.0,0.649,0.0,3.049,0.0,0.0,0.0,0.0,0.649,0.0,0.0,0.0,0.0,3.409,0.0,0.0,4.215,0.0,3.439,1.717,3.783,2.221,2.748,2.958,4.535,5.829,4.859,3.245,2.402,2.748,2.402,2.001,0.0,1.717,1.039,0.0,1.538,CD16 monocyte
TGTCCGAGTGTATTGC-1_D21,D21,F,36,healthy,C,10x 3' v3,cryopreserved biobank sample,total PBMC,6059,2323,5.78,3.182,2.763,2.862,0.0,0.975,2.225,2.225,0.975,0.975,0.0,0.975,0.0,0.0,0.0,0.0,0.0,0.0,0.0,0.0,0.0,0.0,1.459,0.975,0.0,0.0,0.0,0.0,4.589,6.159,4.555,2.389,0.975,1.459,0.975,0.975,0.0,0.0,0.0,0.0,1.784,CD4 memory T
TGGGAGGAGCAGGTCG-1_D21,D21,F,36,healthy,C,10x 3' v3,cryopreserved biobank sample,total PBMC,4870,2052,5.84,1.631,0.0,2.221,1.631,2.589,1.116,2.422,0.0,0.0,0.0,0.0,0.0,0.0,0.0,0.0,0.0,1.116,1.116,0.0,0.0,0.0,0.0,1.116,0.0,0.0,0.0,0.0,4.58,6.538,4.289,1.969,1.969,1.631,1.631,1.631,0.0,0.0,0.0,0.0,1.116,CD4 naive T
CCCAGACCTCCCAGTT-1_D21,D21,F,36,healthy,C,10x 3' v3,cryopreserved biobank sample,total PBMC,6064,2322,8.01,2.653,3.182,2.653,0.974,0.974,0.0,0.974,0.974,0.0,0.0,0.0,0.0,0.0,0.0,0.0,0.0,0.0,0.0,0.0,0.0,0.0,0.0,0.0,0.974,0.0,0.0,0.0,4.204,5.007,4.714,2.653,2.028,2.388,1.458,1.458,0.0,0.0,0.974,0.0,0.974,CD4 memory T
TTGTCGCCCGCAGAGA-1_D21,D21,F,36,healthy,C,10x 3' v3,cryopreserved biobank sample,total PBMC,5319,1922,5.78,3.16,3.236,2.142,2.508,0.0,2.142,1.058,0.0,0.0,0.0,0.0,0.0,0.0,1.058,0.0,0.0,0.0,0.0,0.0,0.0,0.0,0.0,0.0,1.058,0.0,0.0,0.0,4.202,5.18,4.956,3.076,1.56,1.893,1.56,2.775,0.0,1.058,1.058,0.0,1.56,CD4 naive T
TTATAAGCATGACCAA-1_D21,D21,F,36,healthy,C,10x 3' v3,cryopreserved biobank sample,total PBMC,8558,2926,13.67,0.0,0.0,0.0,0.774,0.774,0.0,1.736,0.0,0.0,0.0,0.0,0.0,0.0,0.0,0.0,0.0,0.0,1.505,3.285,3.093,0.0,0.774,0.0,0.0,0.0,0.0,0.0,5.007,5.348,5.131,0.0,1.923,1.205,0.0,0.0,0.0,0.774,1.205,0.0,1.923,B
ACCTTTGGATGTCAAC-1_D21,D21,F,36,healthy,C,10x 3' v3,cryopreserved biobank sample,total PBMC,6860,2498,6.65,2.746,2.539,0.899,0.899,0.899,1.681,1.681,0.0,0.0,0.0,0.899,0.0,0.0,0.0,0.0,0.0,0.0,0.0,0.0,0.0,0.0,0.0,0.0,0.0,0.0,0.899,0.0,4.78,5.848,5.897,1.681,0.899,2.277,0.899,2.746,0.0,1.681,0.0,0.0,0.899,CD4 naive T
TCGTATCGATCAGGTC-1_D21,D21,F,36,healthy,C,10x 3' v3,cryopreserved biobank sample,total PBMC,4437,1911,8.43,3.334,2.676,1.18,2.304,1.18,2.507,2.507,0.0,0.0,0.0,0.0,1.18,0.0,0.0,0.0,0.0,0.0,0.0,0.0,0.0,0.0,1.18,0.0,0.0,0.0,0.0,0.0,4.994,5.676,5.432,3.411,2.507,2.049,1.706,1.18,0.0,1.18,0.0,0.0,2.676,CD4 memory T
TTGCCCGACCAACCTT-1_D21,D21,F,36,healthy,C,10x 3' v3,cryopreserved biobank sample,total PBMC,5385,2228,10.4,1.551,2.331,2.331,0.0,0.0,1.551,3.065,0.0,1.05,0.0,0.0,0.0,0.0,0.0,0.0,0.0,0.0,0.0,0.0,0.0,0.0,0.0,0.0,0.0,0.0,1.05,0.0,4.101,4.07,5.905,1.883,1.05,0.0,1.551,1.551,0.0,1.883,1.05,0.0,1.883,CD4 memory T
CAACCAATGAATTGTC-1_D21,D21,F,36,healthy,C,10x 3' v3,cryopreserved biobank sample,total PBMC,5845,2265,9.78,3.146,0.997,0.0,0.0,1.487,0.997,1.814,0.0,0.0,0.0,0.0,0.0,0.0,0.0,0.0,0.0,0.0,0.0,0.0,0.0,0.0,0.997,0.0,0.997,0.0,0.0,0.0,4.689,6.216,4.849,2.987,2.257,2.257,1.487,2.06,0.0,1.487,1.814,0.0,0.0,CD4 memory T
CATAATCTCAGGATCA-1_D21,D21,F,36,healthy,C,10x 3' v3,cryopreserved biobank sample,total PBMC,3206,1468,19.41,2.338,1.979,2.338,0.0,0.0,2.338,2.338,0.0,0.0,0.0,0.0,0.0,0.0,0.0,0.0,0.0,0.0,0.0,0.0,0.0,0.0,1.416,0.0,0.0,0.0,0.0,0.0,4.045,6.239,4.369,3.256,1.416,4.045,0.0,1.416,0.0,0.0,1.416,0.0,1.416,CD4 memory T
ACGGGGCTGAGGCCCT-1_D21,D21,F,36,healthy,C,10x 3' v3,cryopreserved biobank sample,total PBMC,4204,1631,7.72,0.0,0.0,0.0,0.0,1.217,0.0,3.665,0.0,0.0,0.0,0.0,0.0,0.0,0.0,0.0,1.217,0.0,0.0,0.0,2.997,1.217,4.767,4.541,5.832,5.016,2.096,3.21,4.489,5.149,4.746,2.726,2.871,2.096,1.217,1.75,0.0,2.096,0.0,0.0,1.75,CD14 monocyte
CTGTCTAGATCCAATA-1_D21,D21,F,36,healthy,C,10x 3' v3,cryopreserved biobank sample,total PBMC,13291,4539,9.93,0.0,0.561,0.0,0.0,0.918,0.0,1.181,0.0,0.0,0.0,0.0,0.0,0.0,0.0,0.0,0.561,0.561,0.0,0.0,3.059,2.378,5.319,4.823,5.005,3.91,0.0,3.023,5.337,5.078,3.711,3.529,2.508,2.677,2.445,1.389,0.0,0.0,0.918,0.0,0.561,CD14 monocyte
GAGACACGTATGCGCC-1_D21,D21,F,36,healthy,C,10x 3' v3,cryopreserved biobank sample,total PBMC,12980,4090,6.61,0.571,0.0,0.0,0.932,1.579,0.0,3.552,0.0,0.0,0.0,0.0,0.0,0.0,0.0,0.0,0.0,0.0,0.0,0.0,3.117,2.249,4.632,5.254,5.899,4.521,2.249,3.933,5.95,5.029,3.507,3.484,1.969,3.303,2.59,1.727,0.0,1.407,1.579,0.0,1.197,CD14 monocyte
CGATTTATACGGTTTA-1_D21,D21,F,36,healthy,C,10x 3' v3,cryopreserved biobank sample,total PBMC,3829,1715,11.57,0.0,0.0,0.0,1.284,0.0,0.0,1.284,0.0,0.0,0.0,0.0,0.0,0.0,0.0,0.0,0.0,0.0,2.179,2.814,4.633,0.0,0.0,0.0,1.828,0.0,0.0,0.0,3.392,4.937,4.707,2.438,2.438,2.179,1.284,1.284,0.0,2.643,0.0,0.0,0.0,B
TCCGAAAGCGCGGATT-1_D21,D21,F,36,healthy,C,10x 3' v3,cryopreserved biobank sample,total PBMC,3996,1612,7.69,2.604,2.141,2.399,0.0,0.0,1.793,1.793,0.0,0.0,0.0,0.0,0.0,0.0,0.0,0.0,0.0,0.0,0.0,0.0,1.253,0.0,1.253,0.0,0.0,0.0,0.0,1.253,4.364,5.91,5.098,2.399,2.399,1.253,2.141,1.793,0.0,0.0,0.0,0.0,0.0,CD4 naive T
TGGTGGTTAAGATTGG-1_D21,D21,F,36,healthy,C,10x 3' v3,cryopreserved biobank sample,total PBMC,5576,2270,5.11,0.0,0.0,0.0,0.0,1.027,0.0,3.607,0.0,0.0,0.0,0.0,0.0,0.0,0.0,0.0,0.0,0.0,0.0,0.0,3.262,2.607,4.826,5.033,5.741,4.067,1.523,3.505,4.487,6.038,3.391,2.607,2.941,1.853,2.299,2.101,0.0,1.027,1.523,0.0,0.0,CD14 monocyte
AGGGCGAGCCGGGCCC-1_D21,D21,F,36,healthy,C,10x 3' v3,cryopreserved biobank sample,total PBMC,3408,1371,5.36,2.283,2.283,1.37,2.283,0.0,1.37,1.37,1.927,1.927,1.37,0.0,1.37,0.0,0.0,0.0,0.0,0.0,0.0,1.37,0.0,0.0,0.0,0.0,1.37,0.0,0.0,0.0,4.039,6.271,4.723,2.752,2.283,1.927,0.0,1.927,0.0,0.0,0.0,0.0,1.37,CD8 T
CCGGTACTGCCCTGAT-1_D21,D21,F,36,healthy,C,10x 3' v3,cryopreserved biobank sample,total PBMC,9558,3332,6.62,3.134,2.526,1.129,1.129,0.0,1.42,2.237,0.716,1.646,0.0,1.129,1.42,1.129,0.0,0.0,0.0,0.0,0.0,0.0,0.716,0.0,0.716,1.129,0.0,0.0,0.0,0.0,4.293,5.425,5.055,3.221,2.237,3.599,1.985,2.343,0.0,0.716,0.0,0.0,1.83,CD8 T
TTGAACCGGAGCGGAT-1_D21,D21,F,36,healthy,C,10x 3' v3,cryopreserved biobank sample,total PBMC,6696,2501,9.17,3.016,1.383,1.942,1.383,0.0,0.914,2.438,1.383,0.914,0.0,0.914,2.136,2.561,0.0,0.0,0.0,0.0,0.0,0.0,0.914,0.0,1.383,1.383,0.0,0.0,0.0,0.0,4.63,5.998,4.438,2.136,1.383,0.914,0.0,1.942,0.0,1.383,0.0,0.0,1.701,CD8 T
GATTCCCGGAGAACGC-1_D21,D21,F,36,healthy,C,10x 3' v3,cryopreserved biobank sample,total PBMC,5694,2008,5.65,2.587,1.507,1.836,1.014,3.308,2.711,1.507,0.0,0.0,0.0,0.0,0.0,0.0,0.0,1.014,0.0,0.0,0.0,0.0,0.0,0.0,0.0,0.0,0.0,0.0,0.0,0.0,4.189,5.673,5.388,3.242,0.0,2.28,1.014,1.507,0.0,0.0,0.0,0.0,0.0,CD4 memory T
CAAGAGGCGTGTCAAG-1_D21,D21,F,36,healthy,C,10x 3' v3,cryopreserved biobank sample,total PBMC,3520,1553,4.47,3.28,2.254,3.167,0.0,1.346,2.254,1.346,0.0,0.0,0.0,1.346,1.346,0.0,0.0,0.0,0.0,0.0,0.0,0.0,0.0,0.0,0.0,0.0,0.0,0.0,0.0,0.0,4.195,6.288,4.717,3.039,2.254,3.167,1.899,0.0,0.0,0.0,0.0,0.0,0.0,CD4 memory T
GACCTAGTGATGTCGC-1_D21,D21,F,36,healthy,C,10x 3' v3,cryopreserved biobank sample,total PBMC,3688,1655,7.68,2.472,1.311,1.86,1.311,0.0,2.472,1.86,0.0,0.0,0.0,0.0,0.0,0.0,0.0,0.0,0.0,0.0,0.0,0.0,0.0,0.0,0.0,0.0,0.0,0.0,0.0,0.0,4.696,4.645,5.372,2.849,2.212,2.212,0.0,1.311,0.0,1.311,0.0,0.0,0.0,CD4 naive T
CCGCCCGTCCGCGTTT-1_D21,D21,F,36,healthy,C,10x 3' v3,cryopreserved biobank sample,total PBMC,6718,2250,3.49,3.084,2.133,2.296,0.0,2.558,2.435,2.133,0.0,0.0,0.0,0.0,0.0,0.0,0.0,0.0,0.912,0.912,0.0,0.0,0.0,0.0,0.912,0.0,0.0,0.0,0.0,0.0,4.684,5.433,4.883,1.699,2.667,2.296,1.381,1.381,0.0,1.699,0.0,0.0,1.381,CD4 memory T
GTACATCAGACTACCC-1_D21,D21,F,36,healthy,C,10x 3' v3,cryopreserved biobank sample,total PBMC,5132,1972,3.52,3.194,1.589,1.589,0.0,0.0,0.0,0.0,0.0,0.0,1.081,0.0,0.0,0.0,0.0,0.0,1.081,0.0,0.0,0.0,0.0,0.0,0.0,0.0,1.589,0.0,0.0,0.0,4.179,6.527,4.393,1.924,1.924,3.111,1.924,1.589,0.0,1.081,0.0,0.0,1.924,CD4 memory T
CTAATGATTGGCCGTA-1_D21,D21,F,36,healthy,C,10x 3' v3,cryopreserved biobank sample,total PBMC,4275,1752,5.27,2.338,0.0,2.082,2.338,1.206,0.0,2.082,0.0,0.0,0.0,1.206,0.0,0.0,0.0,0.0,0.0,0.0,0.0,0.0,1.206,0.0,0.0,0.0,1.206,1.206,0.0,0.0,3.96,5.876,6.34,1.737,0.0,0.0,2.71,0.0,0.0,1.737,1.737,0.0,1.206,CD4 naive T
GTACGAAAACACTGGA-1_D21,D21,F,36,healthy,C,10x 3' v3,cryopreserved biobank sample,total PBMC,3967,1830,5.41,0.0,2.926,2.147,0.0,2.405,2.405,0.0,0.0,0.0,0.0,0.0,0.0,0.0,0.0,0.0,0.0,0.0,0.0,0.0,0.0,0.0,0.0,0.0,1.259,0.0,0.0,0.0,4.198,6.74,5.418,2.147,0.0,2.405,1.799,1.259,0.0,0.0,0.0,0.0,0.0,CD4 memory T
CCTCCGGAGCAAGGTG-1_D21,D21,F,36,healthy,C,10x 3' v3,cryopreserved biobank sample,total PBMC,4365,1619,11.32,2.063,2.063,2.319,0.0,1.191,1.191,1.72,0.0,0.0,0.0,1.72,0.0,1.191,0.0,0.0,0.0,0.0,0.0,0.0,0.0,0.0,0.0,0.0,1.191,0.0,0.0,0.0,4.425,6.225,4.844,1.72,1.72,2.522,2.319,2.522,0.0,0.0,0.0,0.0,1.191,CD4 memory T
TCAGCCCCCTCGCTTG-1_D21,D21,F,36,healthy,C,10x 3' v3,cryopreserved biobank sample,total PBMC,7191,2629,5.34,3.085,2.373,2.702,0.872,1.33,1.33,1.643,0.0,0.0,0.0,0.0,0.0,0.0,0.0,0.0,0.0,0.0,0.0,0.0,0.0,0.0,0.0,0.0,0.0,0.0,0.0,0.0,4.108,5.318,5.172,2.873,1.33,3.146,2.495,0.0,0.0,1.33,0.0,0.0,0.872,CD4 naive T
GAAAGAGCCCATTACT-1_D21,D21,F,36,healthy,C,10x 3' v3,cryopreserved biobank sample,total PBMC,6072,2299,7.1,3.475,2.651,1.457,0.0,1.457,2.223,0.973,0.0,0.0,0.0,0.973,0.0,0.0,0.0,0.0,0.0,0.0,0.0,0.0,0.0,0.0,0.0,0.0,0.0,0.0,0.0,0.0,5.24,5.5,4.383,2.951,2.027,3.367,2.528,1.782,0.0,2.651,0.973,0.0,0.0,CD4 naive T
CCAACGGTAAACGTCA-1_D21,D21,F,36,healthy,C,10x 3' v3,cryopreserved biobank sample,total PBMC,4181,1645,6.53,2.562,2.101,0.0,1.755,1.221,1.221,1.755,0.0,0.0,0.0,0.0,0.0,0.0,0.0,0.0,0.0,0.0,0.0,0.0,0.0,0.0,0.0,0.0,0.0,0.0,0.0,0.0,3.002,4.351,4.467,3.391,1.221,3.115,0.0,0.0,0.0,1.221,0.0,0.0,1.221,CD4 naive T
CGTTCAACGCTCAGTA-1_D21,D21,F,36,healthy,C,10x 3' v3,cryopreserved biobank sample,total PBMC,4395,1726,5.02,0.0,0.0,0.0,0.0,2.313,0.0,3.622,0.0,0.0,0.0,0.0,0.0,0.0,0.0,0.0,0.0,0.0,0.0,0.0,3.622,1.186,4.702,3.737,4.682,4.682,1.714,2.685,3.492,5.412,3.492,2.829,2.057,2.516,1.714,2.057,0.0,1.186,1.186,0.0,0.0,CD14 monocyte
GTCGAGGATGCGTTCT-1_D21,D21,F,36,healthy,C,10x 3' v3,cryopreserved biobank sample,total PBMC,6893,2314,4.88,2.741,1.361,2.412,0.896,0.0,2.111,0.896,0.0,0.0,0.0,0.0,0.0,0.0,0.0,0.0,0.0,0.0,0.0,0.896,0.0,0.0,0.0,0.0,0.0,0.0,0.896,0.0,3.975,6.541,5.079,1.917,0.896,1.361,1.917,1.361,0.0,0.896,0.896,0.0,1.361,CD4 memory T
CCGGTGAATTCCTTCC-1_D21,D21,F,36,healthy,C,10x 3' v3,cryopreserved biobank sample,total PBMC,5668,2107,4.94,2.285,2.925,0.0,2.285,0.0,2.45,2.826,0.0,1.839,0.0,1.51,1.51,0.0,0.0,0.0,0.0,0.0,0.0,0.0,0.0,0.0,1.51,0.0,0.0,0.0,0.0,0.0,3.988,5.318,4.471,2.087,1.017,2.285,1.51,1.017,0.0,1.839,0.0,0.0,1.017,CD8 T
TGTAGTAGACTGCCCT-1_D21,D21,F,36,healthy,C,10x 3' v3,cryopreserved biobank sample,total PBMC,5137,2031,4.21,3.11,2.919,2.173,0.0,1.081,1.081,1.588,0.0,0.0,0.0,0.0,0.0,0.0,0.0,0.0,0.0,1.081,0.0,0.0,0.0,0.0,0.0,1.081,0.0,0.0,0.0,0.0,4.506,6.141,4.908,2.173,2.919,2.373,2.808,0.0,0.0,2.173,0.0,0.0,1.081,CD4 naive T
ATTGACCACAATTAAA-1_D21,D21,F,36,healthy,C,10x 3' v3,cryopreserved biobank sample,total PBMC,4601,1870,7.0,3.745,2.018,2.018,2.271,1.676,1.676,1.155,0.0,0.0,0.0,1.155,0.0,0.0,0.0,0.0,0.0,0.0,0.0,0.0,0.0,0.0,1.676,1.155,0.0,0.0,0.0,0.0,4.125,5.584,4.159,2.786,2.271,2.912,2.018,1.155,0.0,1.155,0.0,0.0,1.155,CD4 memory T
GAAGTCCCCAATTCTA-1_D21,D21,F,36,healthy,C,10x 3' v3,cryopreserved biobank sample,total PBMC,6145,2483,6.9,0.0,0.0,0.0,0.0,0.966,0.0,1.448,0.0,0.0,0.0,0.0,0.0,0.966,0.0,0.0,0.0,0.0,2.016,2.517,3.606,0.966,0.0,0.0,0.966,0.0,0.0,0.0,4.469,6.173,4.431,3.022,3.022,2.64,0.0,0.966,0.0,0.966,0.966,0.0,0.0,B
GGAACCGTAGAATTGC-1_D21,D21,F,36,healthy,C,10x 3' v3,cryopreserved biobank sample,total PBMC,3868,1777,7.46,3.683,3.382,2.95,1.277,0.0,2.428,1.82,0.0,0.0,0.0,0.0,0.0,0.0,0.0,0.0,0.0,0.0,1.277,0.0,0.0,0.0,0.0,1.82,0.0,0.0,0.0,0.0,3.914,6.076,5.099,3.077,2.428,2.804,1.277,2.17,0.0,0.0,1.277,0.0,1.277,CD4 naive T
TCTAGGAGGGGAGCCG-1_D21,D21,F,36,healthy,C,10x 3' v3,cryopreserved biobank sample,total PBMC,3705,1537,3.42,3.508,2.208,1.308,0.0,1.856,2.208,2.208,0.0,0.0,0.0,1.308,0.0,0.0,0.0,0.0,0.0,0.0,0.0,0.0,0.0,0.0,0.0,0.0,0.0,0.0,0.0,0.0,4.691,6.458,4.226,2.468,2.674,3.23,0.0,0.0,0.0,0.0,0.0,0.0,0.0,CD4 naive T
AATCATACGCTGCTGC-1_D21,D21,F,36,healthy,C,10x 3' v3,cryopreserved biobank sample,total PBMC,2404,1082,10.91,2.232,2.601,0.0,0.0,0.0,1.641,1.641,0.0,0.0,0.0,0.0,0.0,0.0,0.0,0.0,0.0,0.0,0.0,0.0,0.0,0.0,1.641,0.0,0.0,0.0,0.0,0.0,2.232,4.835,5.259,0.0,2.232,1.641,0.0,2.232,0.0,2.232,0.0,0.0,1.641,CD4 naive T
TCCTGTTACAGAGGGG-1_D21,D21,F,36,healthy,C,10x 3' v3,cryopreserved biobank sample,total PBMC,5183,1998,14.05,0.0,0.0,0.0,0.0,0.0,0.0,3.629,0.0,0.0,0.0,0.0,0.0,0.0,0.0,0.0,0.0,1.075,0.0,0.0,3.184,1.075,3.333,4.199,5.185,3.576,1.915,3.772,4.927,5.581,4.927,3.01,3.101,2.165,1.915,0.0,0.0,1.075,1.915,0.0,1.075,CD16 monocyte
GATCACGAAGTGCAGT-1_D21,D21,F,36,healthy,C,10x 3' v3,cryopreserved biobank sample,total PBMC,3765,1634,4.52,3.832,2.194,1.842,0.0,0.0,0.0,1.296,0.0,0.0,0.0,0.0,0.0,0.0,0.0,0.0,0.0,0.0,0.0,0.0,0.0,0.0,0.0,0.0,0.0,0.0,0.0,0.0,4.675,5.458,4.598,1.842,2.453,2.659,1.296,0.0,0.0,1.296,0.0,0.0,0.0,CD4 naive T
ATTTCCCGTGCAAGGC-1_D21,D21,F,36,healthy,C,10x 3' v3,cryopreserved biobank sample,total PBMC,2850,1255,10.74,0.0,0.0,0.0,0.0,2.445,0.0,0.0,0.0,0.0,0.0,0.0,0.0,0.0,0.0,0.0,0.0,0.0,3.241,3.37,3.241,0.0,0.0,0.0,0.0,0.0,0.0,0.0,4.161,5.173,4.105,2.71,2.082,1.506,1.506,1.506,0.0,1.506,0.0,0.0,1.506,B
GCCCCTGGATCTCGAG-1_D21,D21,F,36,healthy,C,10x 3' v3,cryopreserved biobank sample,total PBMC,6558,2319,4.45,1.96,1.718,3.348,0.0,1.718,1.96,1.96,0.0,0.0,0.0,0.0,0.0,0.0,0.0,0.0,0.0,0.0,0.0,0.0,0.0,0.0,0.0,0.926,1.399,0.0,0.0,0.0,4.476,6.791,5.662,1.96,2.155,2.96,2.878,2.317,0.0,1.399,0.0,0.0,0.0,CD4 naive T
GATCGGCACCTTAGAG-1_D21,D21,F,36,healthy,C,10x 3' v3,cryopreserved biobank sample,total PBMC,3773,1620,7.08,0.0,0.0,0.0,0.0,0.0,0.0,1.841,0.0,1.295,0.0,0.0,0.0,0.0,0.0,0.0,0.0,0.0,0.0,0.0,3.1,2.973,4.673,5.124,5.632,3.406,1.295,4.247,4.971,5.688,4.874,3.989,2.192,2.657,1.295,2.192,0.0,1.841,1.841,0.0,0.0,CD14 monocyte
AGTCTTTCGCCGTCCC-1_D21,D21,F,36,healthy,C,10x 3' v3,cryopreserved biobank sample,total PBMC,6327,2568,6.84,0.948,1.426,0.948,1.991,1.426,3.269,1.748,0.0,0.0,0.0,0.0,0.0,0.0,0.948,0.0,0.0,0.0,0.0,0.0,0.948,0.0,0.0,0.948,0.948,0.948,0.948,0.0,5.338,5.382,4.729,1.426,1.991,2.35,0.0,0.948,0.0,0.948,0.948,0.0,1.426,CD4 memory T
GATTTTATGTTAAGTG-1_D21,D21,F,36,healthy,C,10x 3' v3,cryopreserved biobank sample,total PBMC,4537,1909,6.78,1.688,2.799,2.925,1.164,1.688,0.0,2.284,0.0,0.0,0.0,0.0,0.0,0.0,0.0,0.0,0.0,0.0,0.0,0.0,0.0,0.0,0.0,0.0,0.0,0.0,0.0,0.0,3.65,6.061,2.284,2.487,2.03,2.284,1.688,1.688,0.0,1.688,0.0,0.0,1.164,CD4 memory T
GGCCCGCGATTAATCT-1_D21,D21,F,36,healthy,C,10x 3' v3,cryopreserved biobank sample,total PBMC,5792,2133,7.05,2.806,2.43,1.003,1.003,1.003,1.003,2.695,0.0,0.0,0.0,0.0,0.0,0.0,0.0,0.0,0.0,0.0,0.0,0.0,0.0,0.0,0.0,0.0,0.0,0.0,0.0,0.0,4.745,5.433,5.007,2.572,1.821,2.572,0.0,0.0,0.0,1.003,0.0,0.0,1.494,CD4 memory T
ACTCCTTATATGAAGG-1_D21,D21,F,36,healthy,C,10x 3' v3,cryopreserved biobank sample,total PBMC,5857,2280,6.82,2.42,0.996,2.42,1.485,1.485,1.485,2.255,0.0,0.0,0.0,0.0,0.0,0.0,0.0,0.0,0.0,0.0,0.0,0.0,0.0,0.0,0.0,0.996,1.485,0.0,0.0,0.0,2.795,6.214,5.232,0.0,1.812,1.812,0.0,0.996,0.0,1.485,0.0,0.0,0.0,CD4 naive T
AAATCACTTTCCGTAC-1_D21,D21,F,36,healthy,C,10x 3' v3,cryopreserved biobank sample,total PBMC,7528,2674,5.42,3.409,1.297,2.975,1.297,0.0,2.659,1.843,0.0,0.0,0.0,0.0,0.845,0.0,0.0,0.0,0.845,0.0,0.0,0.0,0.0,0.0,0.0,0.0,1.606,0.0,0.0,0.0,3.71,6.47,4.846,2.332,2.332,3.643,2.194,1.843,0.0,1.843,1.297,0.0,0.0,CD4 naive T
GAGATCGCTGGTCGGC-1_D21,D21,F,36,healthy,C,10x 3' v3,cryopreserved biobank sample,total PBMC,3168,1304,4.82,3.483,1.99,3.14,1.425,0.0,0.0,2.348,0.0,0.0,0.0,1.425,0.0,0.0,0.0,0.0,0.0,0.0,0.0,0.0,0.0,0.0,0.0,0.0,0.0,0.0,0.0,0.0,4.209,5.862,5.471,1.425,2.82,0.0,1.425,1.425,0.0,0.0,2.348,0.0,0.0,CD4 memory T
AGCATTTGCCGATCGA-1_D21,D21,F,36,healthy,C,10x 3' v3,cryopreserved biobank sample,total PBMC,4689,2034,10.47,2.457,2.001,1.142,1.661,2.001,0.0,2.001,0.0,0.0,0.0,0.0,0.0,0.0,0.0,0.0,0.0,0.0,0.0,0.0,0.0,0.0,1.142,0.0,1.142,0.0,1.142,0.0,4.354,6.308,5.158,2.255,2.001,2.457,0.0,0.0,0.0,0.0,1.142,0.0,1.661,CD4 naive T
AAGCAGGAGGATCTGG-1_D21,D21,F,36,healthy,C,10x 3' v3,cryopreserved biobank sample,total PBMC,3200,1262,11.61,0.0,0.0,0.0,0.0,0.0,0.0,0.0,0.0,0.0,0.0,0.0,0.0,0.0,0.0,0.0,0.0,0.0,1.417,1.417,3.801,0.0,0.0,1.417,0.0,0.0,0.0,1.417,4.646,6.464,3.991,0.0,2.339,3.258,0.0,1.981,0.0,0.0,1.417,0.0,0.0,B
TTGTGCGATCGGGGAG-1_D21,D21,F,36,healthy,C,10x 3' v3,cryopreserved biobank sample,total PBMC,10034,3163,6.5,0.0,0.0,0.0,0.0,0.0,0.0,3.758,0.0,0.0,0.0,0.0,0.0,0.0,0.0,0.0,0.691,0.0,0.0,0.0,3.132,2.395,5.43,5.857,6.269,4.631,1.943,3.175,5.212,5.606,4.34,2.83,2.562,2.941,2.395,1.384,0.0,1.384,1.096,0.0,1.096,CD14 monocyte
GTTACTTAACTGGACT-1_D21,D21,F,36,healthy,C,10x 3' v3,cryopreserved biobank sample,total PBMC,6984,2755,6.59,0.0,0.0,0.0,0.0,2.4,0.0,3.783,0.0,0.0,0.0,0.0,0.0,0.0,0.0,0.0,0.0,0.0,0.0,0.0,3.436,2.818,4.941,4.877,5.01,4.414,2.099,3.566,5.209,5.354,4.181,1.667,1.667,3.232,1.352,2.261,0.0,2.4,1.906,0.0,1.352,CD14 monocyte
CGTGCGTCCTATCTCT-1_D21,D21,F,36,healthy,C,10x 3' v3,cryopreserved biobank sample,total PBMC,2650,1220,7.28,4.054,0.0,1.563,0.0,0.0,0.0,1.563,0.0,0.0,0.0,0.0,0.0,0.0,0.0,0.0,0.0,0.0,0.0,0.0,1.563,0.0,0.0,0.0,0.0,0.0,0.0,0.0,4.738,5.58,5.162,0.0,2.146,2.146,1.563,2.511,0.0,0.0,0.0,0.0,0.0,CD4 naive T
AGCATATGAGCGCAAA-1_D21,D21,F,36,healthy,C,10x 3' v3,cryopreserved biobank sample,total PBMC,5674,2183,7.55,2.825,0.0,2.086,0.0,1.016,0.0,1.51,0.0,0.0,0.0,3.098,0.0,0.0,0.0,0.0,0.0,0.0,0.0,0.0,1.016,0.0,0.0,1.016,0.0,0.0,0.0,0.0,4.851,4.837,5.407,2.825,2.284,2.284,2.449,0.0,0.0,1.51,1.839,0.0,2.086,CD4 memory T
GCCTTGTCCGGCGTTC-1_D21,D21,F,36,healthy,C,10x 3' v3,cryopreserved biobank sample,total PBMC,2897,1332,12.87,2.43,1.493,0.0,0.0,0.0,1.493,2.695,0.0,0.0,0.0,0.0,0.0,0.0,0.0,0.0,0.0,0.0,0.0,0.0,0.0,0.0,0.0,0.0,0.0,0.0,0.0,0.0,3.826,6.625,4.91,2.43,0.0,2.905,2.067,1.493,0.0,2.067,0.0,0.0,1.493,CD4 naive T
ATATTGCTGCGCCACT-1_D21,D21,F,36,healthy,C,10x 3' v3,cryopreserved biobank sample,total PBMC,6143,2547,5.71,0.0,0.0,0.0,0.966,0.966,0.0,3.73,0.0,0.0,0.0,0.0,0.0,0.0,0.0,0.0,0.0,0.0,0.0,0.0,3.169,1.448,4.216,4.411,5.722,4.64,1.772,3.606,3.691,5.037,4.592,3.022,2.016,3.022,1.448,2.517,0.0,0.966,0.0,0.0,0.966,CD14 monocyte
TCGTCCACCAAGAACT-1_D21,D21,F,36,healthy,C,10x 3' v3,cryopreserved biobank sample,total PBMC,5022,2034,5.72,3.551,2.704,0.0,0.0,1.096,1.606,1.606,1.942,1.096,0.0,0.0,1.096,1.096,0.0,0.0,1.096,0.0,0.0,0.0,0.0,0.0,0.0,1.096,1.096,0.0,0.0,0.0,3.492,7.095,3.607,1.096,2.193,2.193,2.561,2.704,0.0,0.0,1.606,0.0,1.096,CD8 T
AATACCTCTCCTGAGT-1_D21,D21,F,36,healthy,C,10x 3' v3,cryopreserved biobank sample,total PBMC,4336,1870,5.06,2.697,2.325,2.528,0.0,1.725,0.0,3.272,0.0,0.0,0.0,0.0,0.0,0.0,0.0,0.0,0.0,0.0,0.0,1.196,0.0,0.0,0.0,0.0,0.0,0.0,0.0,1.196,4.921,5.593,5.522,2.528,2.697,2.528,1.196,2.069,0.0,0.0,0.0,0.0,2.069,CD4 memory T
GTTAGGTTTCCCGTAT-1_D21,D21,F,36,healthy,C,10x 3' v3,cryopreserved biobank sample,total PBMC,3772,1746,5.48,3.213,2.192,2.451,1.841,0.0,1.295,1.841,0.0,0.0,0.0,1.295,1.295,0.0,0.0,0.0,0.0,0.0,0.0,0.0,0.0,0.0,0.0,0.0,0.0,0.0,0.0,0.0,4.421,6.615,5.14,2.657,2.192,1.295,1.841,0.0,0.0,0.0,0.0,0.0,0.0,CD4 memory T
CACCGTTCAGCTCACC-1_D21,D21,F,36,healthy,C,10x 3' v3,cryopreserved biobank sample,total PBMC,5110,2055,9.35,1.084,2.688,2.378,1.084,1.084,0.0,2.178,0.0,0.0,0.0,0.0,0.0,0.0,0.0,0.0,0.0,0.0,0.0,0.0,0.0,0.0,0.0,0.0,1.592,0.0,0.0,0.0,3.346,5.61,4.969,3.115,1.592,2.924,1.592,2.545,0.0,0.0,0.0,0.0,1.592,CD4 naive T
GCACTCGTGTTCTGCC-1_D21,D21,F,36,healthy,C,10x 3' v3,cryopreserved biobank sample,total PBMC,2516,1205,8.71,0.0,1.604,0.0,1.604,2.559,2.827,0.0,0.0,0.0,0.0,0.0,0.0,0.0,0.0,0.0,0.0,0.0,0.0,0.0,0.0,0.0,0.0,0.0,0.0,0.0,0.0,0.0,4.168,5.947,5.192,2.559,0.0,0.0,2.559,2.559,0.0,0.0,0.0,0.0,1.604,CD4 memory T
TCTACTCGGTTATTAG-1_D21,D21,F,36,healthy,C,10x 3' v3,cryopreserved biobank sample,total PBMC,9757,3210,10.99,0.0,0.0,0.0,0.0,2.101,0.0,3.853,0.0,0.0,0.0,0.0,0.0,0.0,0.0,0.0,0.0,0.706,0.0,0.0,3.068,2.588,4.085,4.915,5.63,4.244,1.405,2.588,5.256,4.183,3.019,2.968,2.968,2.796,0.706,1.629,0.0,2.325,1.629,0.0,1.115,CD14 monocyte
TATGTGGGTGCTGACG-1_D21,D21,F,36,healthy,C,10x 3' v3,cryopreserved biobank sample,total PBMC,9370,3479,6.76,2.137,2.002,2.137,0.726,1.435,2.137,1.662,0.0,0.0,0.0,0.726,0.0,0.726,0.726,0.0,0.0,0.0,0.0,0.0,0.726,0.0,0.0,1.435,0.0,0.0,0.0,0.0,4.298,5.606,5.02,1.846,2.255,2.137,2.137,2.002,0.0,1.846,1.435,0.0,1.142,CD4 memory T
GAGAACGTCTATGGAG-1_D21,D21,F,36,healthy,C,10x 3' v3,cryopreserved biobank sample,total PBMC,4115,1601,11.43,3.484,1.768,3.231,1.233,1.768,0.0,1.233,0.0,0.0,0.0,0.0,1.233,0.0,0.0,0.0,0.0,0.0,0.0,0.0,0.0,0.0,0.0,0.0,1.233,0.0,0.0,0.0,3.952,5.312,5.038,1.233,2.372,2.372,2.115,2.746,0.0,1.233,1.768,0.0,0.0,CD4 naive T
GTTCATGCCAGATGGT-1_D21,D21,F,36,healthy,C,10x 3' v3,cryopreserved biobank sample,total PBMC,19852,6338,12.87,0.408,0.0,0.0,0.0,2.533,0.0,3.949,0.0,0.0,0.0,0.0,0.0,0.0,0.408,0.0,0.0,0.0,0.0,0.0,3.164,1.711,5.648,5.724,5.509,4.875,1.51,3.519,4.898,5.633,3.121,2.715,2.81,3.519,1.952,1.952,0.0,0.921,1.615,0.0,0.697,CD14 monocyte
GAGCATTTGCCGCTTA-1_D21,D21,F,36,healthy,C,10x 3' v3,cryopreserved biobank sample,total PBMC,2659,1172,4.97,3.653,2.143,2.775,0.0,0.0,2.143,1.56,0.0,0.0,0.0,0.0,0.0,0.0,0.0,0.0,1.56,0.0,0.0,0.0,0.0,0.0,0.0,0.0,0.0,0.0,0.0,0.0,3.746,5.577,4.666,0.0,2.986,1.56,1.56,1.56,0.0,0.0,0.0,0.0,0.0,CD4 naive T
AAGATGAGCACCGCCT-1_D21,D21,F,36,healthy,C,10x 3' v3,cryopreserved biobank sample,total PBMC,6555,2351,11.46,2.458,1.96,0.926,3.45,1.719,0.0,1.719,1.399,0.926,0.0,0.0,2.155,1.399,0.0,0.0,0.0,0.0,0.0,0.0,0.0,0.0,0.0,0.0,0.926,0.0,0.0,0.0,4.884,5.846,3.845,2.155,2.318,3.401,2.155,1.96,0.0,1.399,1.719,0.0,2.318,CD8 T
GGGCTCAGTGCTGGCA-1_D21,D21,F,36,healthy,C,10x 3' v3,cryopreserved biobank sample,total PBMC,6058,2354,6.63,2.029,2.389,1.784,0.0,1.784,0.0,0.975,0.0,0.975,0.0,0.0,0.975,0.0,0.0,0.0,0.0,0.0,0.0,0.0,0.0,0.0,0.975,0.0,1.784,0.0,0.0,0.0,4.519,6.308,5.198,1.459,3.477,2.029,2.029,0.0,0.0,0.975,0.975,0.0,1.459,CD4 naive T
ACAATGAGGCAACAAA-1_D21,D21,F,36,healthy,C,10x 3' v3,cryopreserved biobank sample,total PBMC,3836,1704,6.03,3.084,2.641,2.177,1.283,1.283,0.0,1.827,0.0,0.0,0.0,0.0,0.0,0.0,0.0,0.0,0.0,0.0,0.0,0.0,0.0,0.0,0.0,0.0,0.0,0.0,0.0,0.0,3.39,6.212,4.705,3.814,2.177,2.812,1.827,1.283,0.0,0.0,0.0,0.0,0.0,CD4 naive T
TTCGCTTTTAAGGGTC-1_D21,D21,F,36,healthy,C,10x 3' v3,cryopreserved biobank sample,total PBMC,4264,1830,7.54,1.739,1.208,2.984,0.0,2.544,2.984,1.739,0.0,0.0,0.0,0.0,0.0,0.0,0.0,0.0,0.0,0.0,0.0,0.0,0.0,0.0,0.0,0.0,0.0,0.0,0.0,0.0,4.391,5.93,5.715,3.288,2.713,2.34,2.084,0.0,0.0,1.208,1.208,0.0,0.0,CD4 naive T
ATTGAAACGAACTTCC-1_D21,D21,F,36,healthy,C,10x 3' v3,cryopreserved biobank sample,total PBMC,5782,2125,4.76,0.0,0.0,0.0,0.0,2.267,0.0,3.79,0.0,0.0,0.0,0.0,0.0,0.0,0.0,0.0,0.0,0.0,0.0,0.0,3.865,1.004,5.087,5.02,5.515,2.907,1.004,3.08,4.886,6.047,4.322,2.907,2.267,2.907,1.495,1.823,0.0,1.004,1.004,0.0,0.0,CD14 monocyte
TAGTAAATGTATTCAT-1_D21,D21,F,36,healthy,C,10x 3' v3,cryopreserved biobank sample,total PBMC,6311,2263,11.64,0.95,0.0,0.0,0.0,2.189,0.0,4.005,0.0,0.0,0.0,0.0,0.0,0.0,0.0,0.0,0.0,0.0,0.0,0.0,3.33,0.95,3.815,5.211,5.721,2.914,0.0,2.616,5.176,5.082,4.404,2.616,2.493,3.487,0.95,1.428,0.0,0.0,0.0,0.0,0.95,CD14 monocyte
CGTATCAGCTTCGGGG-1_D21,D21,F,36,healthy,C,10x 3' v3,cryopreserved biobank sample,total PBMC,12959,4060,6.43,0.0,0.0,0.0,0.0,1.857,0.0,3.823,0.0,0.0,0.0,0.0,0.0,0.0,0.572,0.0,0.572,0.0,0.0,0.572,1.857,2.073,4.919,5.314,4.641,3.965,1.408,2.799,5.031,5.439,2.931,3.95,3.084,2.073,1.581,0.933,0.0,0.933,2.165,0.0,0.933,CD14 monocyte
CGCTTGCGGTCTACAC-1_D21,D21,F,36,healthy,C,10x 3' v3,cryopreserved biobank sample,total PBMC,6575,2302,7.2,0.0,0.0,0.0,0.0,0.925,0.925,3.965,0.0,0.0,0.0,0.0,0.0,0.925,0.0,0.0,0.0,0.0,0.925,0.0,4.241,1.716,5.031,3.739,3.809,4.508,0.925,3.17,5.467,5.454,4.196,2.958,2.958,3.104,2.958,1.716,0.0,0.0,0.925,0.0,2.315,CD14 monocyte
TCTAAAGCGCCGCTTT-1_D21,D21,F,36,healthy,C,10x 3' v3,cryopreserved biobank sample,total PBMC,6141,2167,9.03,0.0,0.0,0.0,0.0,1.448,0.0,0.0,0.0,0.0,0.0,0.0,0.0,0.0,0.966,0.0,0.0,0.0,1.772,3.236,4.216,0.0,0.0,0.0,0.0,0.0,0.0,0.0,4.506,5.397,5.769,1.772,2.213,2.641,1.772,0.966,0.0,1.448,0.0,0.0,0.966,B
TCATAGACATTTGTAG-1_D21,D21,F,36,healthy,C,10x 3' v3,cryopreserved biobank sample,total PBMC,6918,2445,5.8,3.398,1.359,2.107,0.0,0.0,1.359,0.894,0.0,0.0,0.894,0.0,0.0,0.0,0.0,0.0,0.0,0.0,0.0,0.0,0.0,0.0,0.0,0.0,0.894,0.0,0.0,0.0,3.242,5.905,4.93,2.107,2.738,2.107,2.107,1.675,0.0,2.269,0.894,0.0,0.894,CD4 naive T
AGTTGTGTGAAGGTCA-1_D21,D21,F,36,healthy,C,10x 3' v3,cryopreserved biobank sample,total PBMC,7695,2801,11.24,0.0,0.0,0.0,0.0,2.174,0.0,2.728,0.0,0.0,0.0,0.0,0.0,0.0,0.0,0.0,0.0,0.0,0.0,0.0,3.43,1.824,3.43,5.448,5.385,4.845,1.281,2.728,4.666,5.367,3.945,3.92,1.589,1.824,2.312,0.833,0.0,2.015,1.824,0.0,2.433,CD14 monocyte
AGATTTCTTCCTGCTT-1_D21,D21,F,36,healthy,C,10x 3' v3,cryopreserved biobank sample,total PBMC,3440,1429,6.29,3.976,2.274,1.363,0.0,2.274,0.0,1.919,0.0,0.0,0.0,0.0,0.0,0.0,0.0,0.0,0.0,0.0,0.0,0.0,1.363,0.0,1.363,0.0,0.0,0.0,1.363,0.0,4.217,5.815,4.714,3.73,3.496,2.536,1.919,1.363,0.0,1.363,0.0,0.0,1.363,CD4 naive T
GATGGAAATCCATCGT-1_D21,D21,F,36,healthy,C,10x 3' v3,cryopreserved biobank sample,total PBMC,11887,3972,12.76,0.61,0.0,0.0,0.0,2.045,0.0,2.407,0.0,0.0,0.0,0.0,0.0,0.0,0.0,0.0,0.0,0.0,0.0,0.0,3.201,2.548,3.201,4.547,6.087,4.34,0.61,1.93,3.874,5.923,3.638,3.054,1.474,2.045,1.474,2.548,0.0,1.8,1.65,0.0,1.474,CD14 monocyte
GCAGAGTTTGATTGGC-1_D21,D21,F,36,healthy,C,10x 3' v3,cryopreserved biobank sample,total PBMC,7002,2743,10.28,0.0,0.0,0.0,0.0,1.665,0.0,3.337,0.0,0.0,0.0,0.0,0.0,0.0,0.0,0.0,0.0,0.0,0.0,0.0,3.387,1.35,4.321,4.2,5.206,4.918,1.904,4.111,4.087,6.604,4.134,3.563,1.35,2.398,2.259,1.665,0.0,2.259,1.665,0.0,0.887,CD14 monocyte
AGAGTATTGCGGTAGC-1_D21,D21,F,36,healthy,C,10x 3' v3,cryopreserved biobank sample,total PBMC,9228,3125,15.47,0.0,0.0,0.0,0.0,1.674,0.0,3.604,0.0,0.0,0.0,0.0,0.0,0.0,0.0,0.0,0.0,0.734,0.0,0.0,3.212,2.375,3.604,4.633,5.544,4.206,0.734,3.991,4.695,4.173,3.742,3.255,2.15,3.633,3.021,2.015,0.0,1.859,0.734,0.0,0.0,CD14 monocyte
TCATAAGACCGTGGGA-1_D21,D21,F,36,healthy,C,10x 3' v3,cryopreserved biobank sample,total PBMC,4717,1945,6.78,2.451,2.249,1.138,1.656,1.656,2.763,3.275,0.0,0.0,0.0,1.138,0.0,0.0,1.138,0.0,0.0,0.0,0.0,0.0,0.0,0.0,0.0,1.138,1.138,0.0,0.0,0.0,4.32,5.559,5.518,2.451,3.1,2.249,1.656,2.249,0.0,1.138,0.0,0.0,2.249,CD4 naive T
AACTGAACGTGGAGGA-1_D21,D21,F,36,healthy,C,10x 3' v3,cryopreserved biobank sample,total PBMC,6613,2646,6.06,0.0,0.0,0.0,0.921,1.711,0.0,0.0,0.0,0.0,0.0,0.0,0.0,0.0,0.0,0.0,0.0,0.0,2.952,3.099,3.534,0.0,0.921,0.0,1.392,0.0,0.0,0.0,4.921,5.547,5.263,2.31,1.392,2.572,0.921,1.711,0.0,0.0,0.921,0.0,1.711,B
TGCGTCATAAAGGTGA-1_D21,D21,F,36,healthy,C,10x 3' v3,cryopreserved biobank sample,total PBMC,6925,2490,4.79,3.614,2.107,1.913,1.358,0.894,1.358,2.408,0.0,0.0,0.0,0.894,0.0,0.0,0.0,0.0,0.894,0.0,0.0,0.0,0.0,0.0,0.894,0.0,1.674,0.894,0.0,0.0,4.522,5.813,5.185,2.737,1.674,3.444,1.674,1.358,0.0,1.913,0.894,0.0,0.0,CD4 memory T
CGGAACCTTTAGCAAC-1_D21,D21,F,36,healthy,C,10x 3' v3,cryopreserved biobank sample,total PBMC,4256,1594,8.14,2.342,0.0,1.209,2.086,0.0,1.74,3.523,2.545,0.0,1.209,1.209,1.74,2.859,1.209,0.0,1.74,0.0,0.0,0.0,0.0,0.0,1.209,1.74,0.0,0.0,0.0,0.0,3.374,4.477,4.734,1.209,2.342,2.715,1.209,1.74,0.0,0.0,1.209,0.0,0.0,CD8 T
CTAGTGAACTGGTTTC-1_D21,D21,F,36,healthy,C,10x 3' v3,cryopreserved biobank sample,total PBMC,5760,2454,4.76,0.0,0.0,0.0,0.0,1.498,0.0,2.072,0.0,0.0,0.0,0.0,0.0,0.0,0.0,0.0,0.0,0.0,0.0,0.0,3.16,1.007,3.001,4.255,4.435,3.526,1.498,4.808,5.612,4.004,3.972,3.083,1.007,1.007,1.826,1.826,0.0,1.498,0.0,0.0,1.826,CD14 monocyte
GTCTCTTCAGGTCGCA-1_D21,D21,F,36,healthy,C,10x 3' v3,cryopreserved biobank sample,total PBMC,15174,5146,4.89,3.356,1.725,2.027,1.457,1.936,1.836,1.725,0.0,0.0,0.0,0.0,0.0,0.0,0.0,0.0,0.0,0.0,0.0,0.0,0.0,0.0,0.0,0.841,0.0,0.0,0.0,0.0,4.477,5.272,5.205,1.936,2.11,2.604,1.836,1.725,0.0,0.841,0.841,0.0,1.091,CD4 memory T
GTAACGTGAGAGTATA-1_D21,D21,F,36,healthy,C,10x 3' v3,cryopreserved biobank sample,total PBMC,3668,1588,6.65,2.477,0.0,1.864,1.315,1.315,1.315,1.864,0.0,0.0,0.0,0.0,0.0,0.0,0.0,0.0,0.0,0.0,0.0,0.0,0.0,0.0,1.864,0.0,0.0,0.0,0.0,0.0,4.275,4.312,4.922,1.315,0.0,0.0,0.0,2.477,0.0,1.315,1.315,0.0,1.864,CD4 naive T
GGGAATAATTTCCGGA-1_D21,D21,F,36,healthy,C,10x 3' v3,cryopreserved biobank sample,total PBMC,7628,2862,7.8,0.0,0.0,0.0,1.287,1.287,0.0,3.48,0.0,0.0,0.0,0.0,0.0,0.0,0.0,0.0,0.0,1.287,0.838,0.838,3.729,2.022,4.883,4.624,4.874,2.647,0.838,4.05,4.516,5.919,4.094,3.48,1.596,2.893,1.287,0.0,0.0,2.182,2.182,0.0,1.596,CD14 monocyte
GACTGCGCCTAGAGGC-1_D21,D21,F,36,healthy,C,10x 3' v3,cryopreserved biobank sample,total PBMC,4884,1844,6.42,2.419,1.114,2.218,1.966,1.114,1.966,1.114,0.0,0.0,0.0,0.0,0.0,0.0,0.0,0.0,0.0,0.0,0.0,0.0,0.0,0.0,1.114,1.628,1.114,0.0,1.114,0.0,4.577,6.736,5.508,2.218,2.73,2.587,2.419,0.0,0.0,0.0,0.0,0.0,1.114,CD4 memory T
CAAGTGTTCTTCGCAT-1_D21,D21,F,36,healthy,C,10x 3' v3,cryopreserved biobank sample,total PBMC,4750,1883,4.82,3.417,1.651,2.612,0.0,0.0,1.651,2.612,0.0,0.0,0.0,0.0,0.0,0.0,0.0,0.0,0.0,0.0,0.0,0.0,0.0,1.133,0.0,0.0,1.133,0.0,0.0,0.0,4.093,5.493,5.227,1.99,2.612,2.243,1.99,0.0,0.0,1.651,1.651,0.0,1.651,CD4 naive T
AATGTTCAACGTAAAT-1_D21,D21,F,36,healthy,C,10x 3' v3,cryopreserved biobank sample,total PBMC,8135,2842,5.59,0.0,0.0,0.0,0.0,1.241,0.802,3.334,0.0,0.0,0.0,0.802,0.802,0.0,0.0,0.0,0.0,1.241,0.0,0.802,3.242,1.241,2.49,4.737,5.581,4.758,1.967,3.377,6.202,5.041,4.67,4.053,2.832,2.49,1.545,1.778,0.0,0.0,0.802,0.0,0.0,CD14 monocyte
GTTTTAAGGGTGACTA-1_D21,D21,F,36,healthy,C,10x 3' v3,cryopreserved biobank sample,total PBMC,5906,2339,5.31,3.644,2.248,0.991,1.805,0.991,2.248,2.553,0.0,0.0,0.0,0.991,0.0,0.0,0.0,0.0,0.0,0.0,0.0,0.0,0.0,0.0,0.0,0.0,0.0,0.0,0.0,0.0,4.508,5.976,5.494,2.248,0.0,2.977,1.805,1.478,0.0,1.805,0.0,0.0,0.991,CD4 naive T
AAAGGGTGTTAGGGGC-1_D21,D21,F,36,healthy,C,10x 3' v3,cryopreserved biobank sample,total PBMC,3461,1484,6.84,2.53,1.358,0.0,1.358,1.914,0.0,2.737,0.0,0.0,0.0,0.0,0.0,0.0,0.0,0.0,0.0,0.0,0.0,0.0,0.0,0.0,0.0,0.0,0.0,0.0,0.0,0.0,4.568,5.67,5.177,2.269,2.269,1.914,2.737,1.358,0.0,1.358,1.358,0.0,1.358,CD4 memory T
CATGCAACGTTCGCTC-1_D21,D21,F,36,healthy,C,10x 3' v3,cryopreserved biobank sample,total PBMC,3692,1598,5.33,2.471,2.471,1.311,2.211,0.0,2.211,2.211,0.0,0.0,0.0,1.311,0.0,0.0,0.0,0.0,0.0,0.0,1.311,0.0,0.0,0.0,0.0,0.0,0.0,0.0,0.0,0.0,4.342,6.213,5.063,1.311,2.848,2.677,1.859,1.859,0.0,0.0,0.0,0.0,0.0,CD4 memory T
CGGTAAGCCCTCCTGA-1_D21,D21,F,36,healthy,C,10x 3' v3,cryopreserved biobank sample,total PBMC,4478,2081,11.8,3.402,2.296,1.699,1.174,0.0,1.699,1.174,0.0,0.0,0.0,0.0,0.0,0.0,0.0,0.0,0.0,0.0,0.0,0.0,0.0,0.0,0.0,1.174,0.0,0.0,0.0,0.0,5.015,5.611,4.905,1.699,2.667,2.811,0.0,0.0,0.0,0.0,0.0,0.0,1.174,CD4 memory T
GAAGATATAAGCCGTA-1_D21,D21,F,36,healthy,C,10x 3' v3,cryopreserved biobank sample,total PBMC,6488,2426,3.9,3.358,2.327,1.969,1.407,1.727,2.888,2.164,0.0,0.0,0.0,0.0,0.0,0.0,0.0,0.0,0.0,0.0,0.933,0.0,0.0,0.0,0.0,0.0,0.0,0.0,0.0,0.0,4.434,6.011,5.242,1.969,0.0,0.0,1.969,1.407,0.0,1.407,0.0,0.0,0.933,CD4 naive T
TTGGGCTGAGTCAGCA-1_D21,D21,F,36,healthy,C,10x 3' v3,cryopreserved biobank sample,total PBMC,3520,1518,8.89,2.722,1.346,2.722,1.899,0.0,0.0,3.28,0.0,0.0,0.0,1.346,0.0,0.0,0.0,0.0,0.0,0.0,0.0,0.0,1.346,0.0,0.0,0.0,0.0,0.0,0.0,0.0,4.581,5.209,4.61,3.039,3.28,1.346,2.254,2.515,0.0,1.899,1.346,0.0,1.346,CD4 memory T
GAGCCTAAGCGGGATT-1_D21,D21,F,36,healthy,C,10x 3' v3,cryopreserved biobank sample,total PBMC,7005,2698,6.61,2.097,2.397,1.904,1.349,2.258,2.097,1.904,0.0,0.0,0.0,0.0,0.0,0.0,0.0,0.0,0.0,0.0,0.0,0.0,0.0,0.0,0.0,0.0,0.0,0.0,0.0,0.0,4.978,5.806,5.687,2.258,1.664,3.044,2.973,1.664,0.0,0.887,0.887,0.0,0.0,CD4 memory T
TACATGCGACGTCCTG-1_D21,D21,F,36,healthy,C,10x 3' v3,cryopreserved biobank sample,total PBMC,2839,1363,6.18,0.0,0.0,0.0,0.0,2.085,1.509,0.0,0.0,0.0,0.0,0.0,0.0,0.0,0.0,0.0,0.0,0.0,2.085,3.245,4.851,0.0,0.0,0.0,0.0,0.0,0.0,0.0,4.764,5.74,4.449,2.924,2.924,2.714,2.714,0.0,0.0,0.0,0.0,0.0,1.509,B
GAAAGTCTATATTGTT-1_D21,D21,F,36,healthy,C,10x 3' v3,cryopreserved biobank sample,total PBMC,5093,2274,7.78,1.086,1.93,1.93,0.0,1.93,1.595,0.0,0.0,0.0,0.0,0.0,0.0,0.0,0.0,0.0,0.0,0.0,0.0,0.0,0.0,0.0,0.0,0.0,0.0,0.0,0.0,0.0,4.709,5.802,4.673,0.0,2.691,1.086,1.595,1.086,0.0,0.0,0.0,0.0,1.595,CD4 naive T
GATTGCACGGTGACCC-1_D21,D21,F,36,healthy,C,10x 3' v3,cryopreserved biobank sample,total PBMC,2327,1050,4.56,2.261,2.261,1.667,0.0,1.667,0.0,0.0,0.0,0.0,0.0,0.0,0.0,0.0,0.0,0.0,0.0,0.0,0.0,0.0,0.0,0.0,1.667,0.0,1.667,0.0,0.0,0.0,3.681,6.553,5.488,1.667,1.667,1.667,1.667,1.667,0.0,0.0,0.0,0.0,1.667,CD4 memory T
CTATAAGTTATGTTAT-1_D21,D21,F,36,healthy,C,10x 3' v3,cryopreserved biobank sample,total PBMC,5475,2141,6.05,3.132,1.538,2.748,1.039,1.538,0.0,2.117,0.0,0.0,0.0,0.0,1.039,0.0,1.039,0.0,0.0,0.0,0.0,0.0,0.0,0.0,1.039,1.039,0.0,0.0,0.0,0.0,3.575,5.369,5.636,2.958,2.958,2.482,0.0,0.0,0.0,1.039,0.0,0.0,1.039,CD4 naive T
CACAATCGAAGTAAGC-1_D21,D21,F,36,healthy,C,10x 3' v3,cryopreserved biobank sample,total PBMC,2930,1342,6.08,3.343,2.42,1.485,1.485,1.485,2.058,2.058,0.0,0.0,0.0,0.0,0.0,0.0,0.0,0.0,0.0,0.0,0.0,0.0,0.0,0.0,0.0,0.0,0.0,0.0,0.0,0.0,5.041,5.626,4.819,2.42,2.42,0.0,2.058,0.0,0.0,1.485,1.485,0.0,1.485,CD4 naive T
TCGATTGCTAGCTTTT-1_D21,D21,F,36,healthy,C,10x 3' v3,cryopreserved biobank sample,total PBMC,5714,2262,10.4,3.239,2.442,3.008,0.0,1.504,1.012,1.504,0.0,0.0,0.0,0.0,0.0,0.0,1.012,0.0,0.0,0.0,0.0,0.0,0.0,0.0,1.504,1.012,0.0,1.012,0.0,0.0,4.012,6.142,4.973,1.504,1.012,2.08,1.504,0.0,0.0,2.442,1.012,0.0,2.277,CD4 naive T
AGCGGATTGGAAACGT-1_D21,D21,F,36,healthy,C,10x 3' v3,cryopreserved biobank sample,total PBMC,6334,2299,8.06,1.99,1.425,2.489,1.425,0.947,1.99,2.489,0.0,0.0,0.0,0.0,0.947,0.0,0.0,0.0,0.0,0.0,0.0,0.0,0.0,0.0,0.947,0.0,0.0,0.0,0.0,0.0,4.918,4.528,4.594,2.821,2.349,1.425,1.425,1.425,0.0,1.425,1.747,0.0,0.947,CD4 naive T
TCTCGGCAGTCGATGC-1_D21,D21,F,36,healthy,C,10x 3' v3,cryopreserved biobank sample,total PBMC,4187,1826,8.15,2.875,3.001,2.1,0.0,0.0,2.56,1.754,0.0,0.0,0.0,0.0,0.0,0.0,0.0,0.0,0.0,0.0,0.0,0.0,0.0,0.0,0.0,1.22,0.0,0.0,0.0,0.0,4.885,4.921,5.194,2.56,0.0,2.56,0.0,0.0,0.0,1.22,1.22,0.0,1.22,CD4 naive T
GCAGAATCTGACGAGT-1_D21,D21,F,36,healthy,C,10x 3' v3,cryopreserved biobank sample,total PBMC,3328,1443,7.83,1.947,0.0,1.387,1.387,1.387,1.387,2.566,0.0,0.0,0.0,0.0,0.0,0.0,1.387,0.0,0.0,0.0,0.0,0.0,0.0,0.0,0.0,0.0,1.387,0.0,0.0,0.0,4.746,6.058,4.206,1.387,1.947,2.304,0.0,2.774,0.0,1.387,1.387,0.0,0.0,CD4 naive T
CAGCGTGCTCCCACAA-1_D21,D21,F,36,healthy,C,10x 3' v3,cryopreserved biobank sample,total PBMC,2781,1319,8.22,2.733,2.467,2.103,0.0,3.265,1.525,1.525,0.0,0.0,0.0,1.525,1.525,0.0,0.0,0.0,0.0,0.0,0.0,0.0,0.0,0.0,0.0,0.0,0.0,0.0,1.525,0.0,2.103,6.134,3.787,1.525,1.525,2.467,1.525,0.0,0.0,2.103,0.0,0.0,0.0,CD4 naive T
CATACAACTGATATCA-1_D21,D21,F,36,healthy,C,10x 3' v3,cryopreserved biobank sample,total PBMC,3896,1565,6.45,2.943,2.422,1.814,0.0,0.0,1.272,1.814,0.0,0.0,0.0,0.0,0.0,0.0,0.0,0.0,0.0,0.0,0.0,0.0,0.0,0.0,0.0,0.0,0.0,0.0,0.0,0.0,5.401,5.479,4.48,1.814,2.627,1.814,0.0,3.283,0.0,1.814,0.0,0.0,1.272,CD4 naive T
CCCTTTAACAACTGCC-1_D21,D21,F,36,healthy,C,10x 3' v3,cryopreserved biobank sample,total PBMC,7678,2724,9.57,0.0,0.0,0.0,0.0,1.591,0.0,0.834,0.0,0.0,0.0,0.0,0.0,0.0,0.0,0.0,0.0,0.0,2.017,2.811,3.142,0.0,0.0,0.834,0.834,0.0,0.0,0.0,4.45,6.147,4.727,2.435,1.826,1.826,1.826,2.314,0.0,1.282,0.0,0.0,2.176,B
CGTTCCTCTCTACAAC-1_D21,D21,F,36,healthy,C,10x 3' v3,cryopreserved biobank sample,total PBMC,5003,1962,7.93,3.61,1.945,1.945,1.945,1.098,1.945,2.197,0.0,0.0,0.0,1.098,0.0,1.098,0.0,0.0,0.0,0.0,0.0,0.0,0.0,0.0,0.0,1.098,1.098,0.0,0.0,0.0,3.295,5.22,5.571,1.945,1.609,1.945,1.945,2.397,0.0,0.0,0.0,0.0,1.098,CD4 naive T
CATGTGAAGGAAGCCT-1_D21,D21,F,36,healthy,C,10x 3' v3,cryopreserved biobank sample,total PBMC,3579,1422,5.5,1.885,2.499,2.499,0.0,1.333,1.885,1.885,0.0,0.0,1.333,0.0,0.0,0.0,0.0,0.0,0.0,0.0,0.0,0.0,0.0,0.0,0.0,0.0,0.0,0.0,0.0,0.0,5.414,5.874,4.135,1.885,2.706,2.239,1.885,1.885,0.0,0.0,0.0,0.0,0.0,CD4 naive T
GACTGGCCCCGCATCC-1_D21,D21,F,36,healthy,C,10x 3' v3,cryopreserved biobank sample,total PBMC,3999,1585,5.26,2.398,2.398,2.603,0.0,1.253,2.603,2.773,0.0,0.0,0.0,0.0,0.0,0.0,0.0,0.0,0.0,0.0,0.0,0.0,0.0,0.0,0.0,0.0,0.0,0.0,0.0,0.0,4.775,5.847,4.538,1.253,1.792,3.045,2.603,0.0,0.0,0.0,0.0,0.0,1.792,CD4 memory T
CGTACTCGATTCGTCG-1_D21,D21,F,36,healthy,C,10x 3' v3,cryopreserved biobank sample,total PBMC,2314,1104,6.11,2.266,1.672,2.266,1.672,0.0,0.0,2.636,0.0,0.0,0.0,1.672,0.0,0.0,0.0,0.0,0.0,0.0,0.0,0.0,0.0,0.0,0.0,0.0,0.0,0.0,0.0,0.0,4.804,4.367,3.118,0.0,0.0,1.672,0.0,1.672,0.0,0.0,0.0,0.0,0.0,CD4 naive T
GTATTCGAGACAAGGT-1_D21,D21,F,36,healthy,C,10x 3' v3,cryopreserved biobank sample,total PBMC,5700,2433,6.1,3.01,1.506,2.082,0.0,1.013,1.506,2.279,0.0,0.0,0.0,0.0,0.0,0.0,0.0,0.0,0.0,0.0,0.0,0.0,0.0,0.0,0.0,0.0,1.013,0.0,0.0,0.0,5.202,5.563,4.9,1.506,2.082,2.445,2.082,1.013,0.0,1.506,0.0,0.0,1.013,CD4 memory T
AAACGTCTCCTGAAGA-1_D22,D22,F,42,healthy,C,10x 3' v3,cryopreserved biobank sample,total PBMC,3971,1722,3.69,2.404,2.779,0.0,0.0,0.0,0.0,2.146,0.0,2.146,1.258,4.032,3.164,2.609,0.0,1.258,2.146,0.0,0.0,0.0,0.0,0.0,1.258,1.258,0.0,0.0,0.0,0.0,4.863,4.597,4.304,0.0,2.779,2.404,1.258,2.146,0.0,1.258,0.0,1.798,1.258,CD8 T
ATTTTTGCTTCTGCTC-1_D22,D22,F,42,healthy,C,10x 3' v3,cryopreserved biobank sample,total PBMC,6066,2224,8.5,0.0,0.0,0.0,0.0,0.974,0.0,3.248,0.0,0.0,0.0,0.974,0.0,0.0,0.0,0.0,0.0,0.0,0.0,0.0,2.224,2.762,4.961,4.973,4.444,2.652,1.783,4.153,5.028,4.204,4.044,2.224,1.783,1.783,0.0,0.0,0.0,0.974,0.974,0.974,0.974,CD14 monocyte
AGTGTTTTGACTGCTT-1_D22,D22,F,42,healthy,C,10x 3' v3,cryopreserved biobank sample,total PBMC,4551,1832,6.67,0.0,1.162,0.0,0.0,0.0,1.162,2.281,1.162,0.0,1.162,4.437,2.281,3.387,3.387,2.027,1.685,1.162,0.0,0.0,0.0,0.0,0.0,1.162,1.685,0.0,0.0,0.0,3.703,5.89,4.728,1.685,2.027,2.027,2.484,1.162,0.0,1.685,0.0,1.162,0.0,NK
GGAGGACATCAGGATA-1_D22,D22,F,42,healthy,C,10x 3' v3,cryopreserved biobank sample,total PBMC,2612,1146,6.79,1.575,0.0,0.0,2.158,0.0,0.0,0.0,0.0,0.0,1.575,0.0,0.0,0.0,0.0,0.0,0.0,0.0,0.0,0.0,0.0,0.0,0.0,0.0,0.0,0.0,0.0,1.575,4.191,5.279,4.816,2.792,2.525,2.158,2.792,0.0,0.0,0.0,0.0,2.158,1.575,CD4 naive T
GGTAACAAAAAACCTG-1_D22,D22,F,42,healthy,C,10x 3' v3,cryopreserved biobank sample,total PBMC,5719,2107,6.43,2.707,2.442,1.503,1.011,0.0,0.0,1.503,0.0,0.0,0.0,0.0,1.503,0.0,0.0,0.0,0.0,0.0,0.0,0.0,0.0,1.011,0.0,1.832,0.0,0.0,0.0,0.0,3.63,5.704,5.392,3.63,1.503,2.917,2.079,1.503,1.011,1.011,0.0,2.079,0.0,CD4 naive T
ACTACATCGAGGTAGG-1_D22,D22,F,42,healthy,C,10x 3' v3,cryopreserved biobank sample,total PBMC,7503,2874,8.95,2.335,1.299,0.0,2.335,0.0,0.847,1.609,0.0,0.0,0.0,0.0,0.0,0.0,0.0,0.0,0.0,0.0,0.0,0.0,0.0,0.0,1.609,0.0,0.847,0.0,0.0,0.847,3.68,6.394,5.183,2.197,2.565,1.846,2.037,2.565,0.0,0.847,0.0,1.609,1.846,CD4 naive T
TTTTGCCTGGTATGTT-1_D22,D22,F,42,healthy,C,10x 3' v3,cryopreserved biobank sample,total PBMC,5402,2159,7.94,3.062,1.548,1.548,1.548,0.0,0.0,1.048,0.0,0.0,0.0,0.0,2.636,0.0,0.0,0.0,0.0,0.0,0.0,0.0,0.0,0.0,0.0,0.0,0.0,0.0,0.0,0.0,4.366,6.167,4.596,2.328,1.048,2.761,0.0,2.761,0.0,1.048,0.0,1.548,1.548,CD4 memory T
CCGACGGAACCGAAGG-1_D22,D22,F,42,healthy,C,10x 3' v3,cryopreserved biobank sample,total PBMC,5900,2203,9.86,0.0,0.0,0.0,1.479,0.0,0.0,0.991,0.0,0.0,0.0,0.0,0.991,0.0,0.0,0.0,0.0,0.0,2.678,3.208,4.127,0.0,0.0,0.0,0.0,0.991,0.0,0.0,4.012,6.393,5.139,0.991,0.991,2.249,0.991,1.806,0.0,0.0,0.991,0.0,1.479,B
GCTTTTGAGCCCGTAC-1_D22,D22,F,42,healthy,C,10x 3' v3,cryopreserved biobank sample,total PBMC,5654,2253,5.18,2.287,0.0,0.0,1.018,1.018,1.018,1.018,2.287,1.512,0.0,2.089,2.718,2.089,1.018,1.018,0.0,0.0,0.0,0.0,0.0,0.0,0.0,0.0,0.0,0.0,0.0,1.018,4.813,6.2,5.008,2.089,2.089,2.089,1.512,1.842,0.0,1.018,0.0,1.018,0.0,CD8 T
ACCCATGAATCTTACT-1_D22,D22,F,42,healthy,C,10x 3' v3,cryopreserved biobank sample,total PBMC,5183,1918,7.72,3.333,0.0,2.365,1.075,0.0,0.0,0.0,0.0,0.0,0.0,0.0,1.075,0.0,0.0,0.0,0.0,0.0,0.0,0.0,1.075,0.0,0.0,0.0,1.075,0.0,0.0,0.0,5.195,6.452,5.118,2.165,2.165,2.165,1.915,2.165,0.0,0.0,0.0,1.075,1.581,CD4 memory T
GGACGGGCCGACGCCT-1_D22,D22,F,42,healthy,C,10x 3' v3,cryopreserved biobank sample,total PBMC,3601,1613,4.4,2.7,1.88,0.0,0.0,1.329,0.0,0.0,2.494,2.233,1.88,2.871,3.753,2.233,0.0,0.0,1.329,0.0,0.0,0.0,0.0,0.0,0.0,1.88,0.0,0.0,0.0,0.0,2.871,5.994,5.558,2.233,2.7,1.88,3.258,3.018,0.0,1.329,0.0,2.494,1.329,CD8 T
TTACAACCTTCACCGC-1_D22,D22,F,42,healthy,C,10x 3' v3,cryopreserved biobank sample,total PBMC,7995,2509,7.32,0.0,0.0,0.0,0.0,0.0,0.811,1.982,0.0,0.0,0.0,0.0,0.0,0.0,0.0,0.0,0.0,0.0,0.0,0.0,3.306,1.559,5.352,5.001,5.15,1.559,0.811,2.918,4.395,5.382,4.455,3.683,3.103,2.848,2.848,1.982,0.0,1.253,1.559,0.811,1.982,CD14 monocyte
ACGTCAGCCGAAGGTA-1_D22,D22,F,42,healthy,C,10x 3' v3,cryopreserved biobank sample,total PBMC,5185,2074,5.41,2.165,2.165,1.075,1.581,0.0,0.0,2.365,0.0,0.0,0.0,0.0,1.075,0.0,0.0,0.0,0.0,0.0,0.0,0.0,0.0,0.0,0.0,1.075,0.0,0.0,0.0,0.0,3.815,5.465,5.716,1.075,1.581,2.165,1.075,1.581,0.0,1.581,0.0,1.581,1.075,CD4 naive T
AGACTGCTTCACCTGT-1_D22,D22,F,42,healthy,C,10x 3' v3,cryopreserved biobank sample,total PBMC,4719,1869,6.78,2.451,0.0,0.0,1.656,1.656,0.0,1.656,0.0,0.0,0.0,1.138,0.0,0.0,0.0,0.0,0.0,0.0,0.0,0.0,0.0,0.0,0.0,1.656,0.0,0.0,0.0,1.138,4.476,5.491,4.134,2.999,2.249,1.996,1.656,1.996,0.0,1.138,0.0,0.0,2.451,CD4 memory T
TGTATTCCTAGGAAAG-1_D22,D22,F,42,healthy,C,10x 3' v3,cryopreserved biobank sample,total PBMC,2990,1353,6.16,2.875,0.0,1.469,0.0,1.469,0.0,1.469,0.0,0.0,0.0,1.469,2.04,0.0,0.0,0.0,0.0,0.0,0.0,0.0,1.469,1.469,0.0,0.0,0.0,0.0,0.0,0.0,4.55,5.402,5.339,0.0,0.0,2.666,2.04,2.04,0.0,2.04,0.0,0.0,0.0,CD4 memory T
AGACTGGGCGGCCTTG-1_D22,D22,F,42,healthy,C,10x 3' v3,cryopreserved biobank sample,total PBMC,6033,2574,4.98,3.187,2.229,1.462,2.229,0.0,0.0,2.867,0.0,0.0,0.977,0.0,2.657,0.0,0.0,0.0,0.0,0.0,0.0,0.0,0.0,0.0,0.0,1.462,0.0,0.0,0.0,0.977,3.315,4.857,5.076,2.867,3.039,3.039,2.032,1.787,0.0,0.0,0.977,0.977,0.977,CD4 memory T
ATGGCCCACTACCGCG-1_D22,D22,F,42,healthy,C,10x 3' v3,cryopreserved biobank sample,total PBMC,4724,2010,6.22,1.995,1.995,0.0,0.0,0.0,0.0,1.137,1.995,2.998,2.45,2.248,4.29,2.617,1.655,1.137,2.248,1.137,0.0,0.0,0.0,0.0,0.0,1.137,0.0,0.0,0.0,0.0,4.063,6.261,3.947,3.273,2.761,1.655,1.137,0.0,0.0,0.0,0.0,1.137,1.137,CD8 T
GAGCACCTATATGACA-1_D22,D22,F,42,healthy,C,10x 3' v3,cryopreserved biobank sample,total PBMC,10820,3310,9.71,0.0,0.0,0.0,0.0,1.047,0.0,4.486,0.0,0.0,0.0,0.0,0.0,0.0,0.0,0.0,0.0,0.0,0.0,0.0,2.232,1.547,5.292,5.724,5.153,3.256,1.047,2.759,5.394,5.759,5.195,2.97,1.879,3.325,3.256,2.699,0.0,0.655,0.0,0.655,1.328,CD14 monocyte
GATTCGACTCTAGAAA-1_D22,D22,F,42,healthy,C,10x 3' v3,cryopreserved biobank sample,total PBMC,9510,3359,9.14,0.0,0.0,0.0,0.0,0.719,0.0,4.11,0.0,1.132,0.0,0.0,0.0,0.0,0.719,0.0,0.0,0.0,0.0,0.0,3.416,0.0,3.686,1.65,4.837,2.531,1.424,2.992,5.852,5.864,3.416,2.82,2.531,2.348,2.938,1.424,0.0,1.65,1.989,0.0,1.834,CD14 monocyte
TCGCCGCGAAATACAT-1_D22,D22,F,42,healthy,C,10x 3' v3,cryopreserved biobank sample,total PBMC,6029,2460,5.04,3.116,3.187,1.463,1.788,1.788,1.463,1.788,0.0,0.0,0.0,1.463,0.0,0.0,0.0,0.0,0.0,0.0,0.0,0.0,0.0,0.0,0.0,1.463,0.0,0.0,0.0,0.0,4.69,5.74,5.856,1.463,2.033,2.394,1.463,1.788,0.0,2.535,0.0,0.0,1.788,CD4 naive T
CTTTTCAATACTTGGA-1_D22,D22,F,42,healthy,C,10x 3' v3,cryopreserved biobank sample,total PBMC,3966,1690,6.27,2.781,2.148,0.0,2.148,1.259,0.0,0.0,0.0,1.259,0.0,0.0,0.0,0.0,0.0,0.0,0.0,0.0,0.0,0.0,0.0,0.0,1.259,1.259,0.0,0.0,0.0,0.0,5.058,5.826,5.833,0.0,2.148,3.053,2.406,0.0,0.0,0.0,0.0,1.259,0.0,CD4 naive T
GTTCCGACCCTTCCTT-1_D22,D22,F,42,healthy,C,10x 3' v3,cryopreserved biobank sample,total PBMC,2615,1338,10.81,3.002,2.524,0.0,2.157,2.524,0.0,2.791,0.0,0.0,0.0,1.574,2.157,0.0,0.0,0.0,0.0,0.0,0.0,0.0,0.0,0.0,0.0,0.0,0.0,0.0,0.0,0.0,4.444,5.579,5.579,1.574,2.791,0.0,2.524,2.157,0.0,0.0,1.574,2.157,0.0,CD4 naive T
TCTGGCATTGAATCTT-1_D22,D22,F,42,healthy,C,10x 3' v3,cryopreserved biobank sample,total PBMC,3770,1517,8.49,1.841,2.192,0.0,0.0,0.0,0.0,1.841,1.295,1.841,1.295,3.214,3.569,2.452,1.295,1.295,2.192,0.0,0.0,0.0,0.0,0.0,1.295,0.0,0.0,0.0,0.0,0.0,4.953,6.348,5.362,2.192,2.192,2.828,1.841,1.295,0.0,2.828,0.0,1.295,1.295,CD8 T
CTCTAGAGTATAACCT-1_D22,D22,F,42,healthy,C,10x 3' v3,cryopreserved biobank sample,total PBMC,6399,2591,7.07,0.0,0.0,0.0,0.0,1.417,0.0,2.603,0.0,0.0,0.0,0.0,0.0,0.0,0.0,0.0,0.0,0.0,0.0,0.0,3.521,0.941,5.248,4.897,5.488,2.712,0.941,3.801,5.95,4.824,4.048,4.31,2.712,1.417,1.981,2.176,0.0,0.0,0.0,1.738,1.738,CD14 monocyte
CCCAAAATAATACTAC-1_D22,D22,F,42,healthy,C,10x 3' v3,cryopreserved biobank sample,total PBMC,3116,1331,3.33,3.677,2.004,2.004,2.364,0.0,0.0,2.364,0.0,0.0,0.0,0.0,0.0,0.0,0.0,0.0,0.0,0.0,0.0,0.0,1.437,0.0,0.0,1.437,0.0,0.0,0.0,0.0,4.73,5.832,5.405,3.499,3.009,3.009,0.0,2.364,0.0,1.437,0.0,0.0,0.0,CD4 memory T
CCCTAGGTTGCGAACA-1_D22,D22,F,42,healthy,C,10x 3' v3,cryopreserved biobank sample,total PBMC,5529,2202,10.16,2.614,2.108,1.033,0.0,0.0,0.0,1.86,2.108,2.108,1.033,1.86,3.616,1.033,1.86,1.033,2.849,0.0,0.0,0.0,1.033,0.0,0.0,2.108,0.0,0.0,0.0,0.0,4.877,6.054,5.12,2.614,2.739,2.307,1.033,0.0,0.0,2.108,1.033,2.108,2.307,CD8 T
CCAATATTTATACGCA-1_D22,D22,F,42,healthy,C,10x 3' v3,cryopreserved biobank sample,total PBMC,6616,2505,5.33,0.921,2.681,1.711,0.0,0.921,0.0,1.711,0.0,0.0,0.921,0.0,1.952,0.0,0.0,0.0,0.0,0.0,0.0,0.0,0.0,0.0,0.0,1.711,0.0,0.0,0.0,0.0,4.042,5.995,3.696,3.534,2.78,3.098,1.952,2.147,0.0,0.921,0.921,1.711,1.711,CD4 memory T
CGTACGCGGACTCAAG-1_D22,D22,F,42,healthy,C,10x 3' v3,cryopreserved biobank sample,total PBMC,4207,1762,5.65,2.096,2.556,0.0,2.096,0.0,0.0,1.217,0.0,0.0,1.217,0.0,0.0,0.0,0.0,0.0,0.0,0.0,0.0,0.0,0.0,0.0,0.0,0.0,0.0,0.0,0.0,0.0,4.682,3.832,4.313,2.352,2.997,3.385,1.217,0.0,0.0,0.0,1.217,0.0,0.0,CD4 naive T
GATGTTAAACCATCAC-1_D22,D22,F,42,healthy,C,10x 3' v3,cryopreserved biobank sample,total PBMC,5191,2009,7.14,3.26,2.164,2.164,1.074,1.074,0.0,0.0,1.074,0.0,0.0,0.0,0.0,0.0,0.0,0.0,0.0,0.0,1.074,0.0,0.0,0.0,0.0,0.0,0.0,0.0,0.0,0.0,5.194,6.195,5.594,3.46,2.164,2.364,1.074,1.074,0.0,1.074,1.914,0.0,0.0,CD4 naive T
ATCGCAGGCATCTCGG-1_D22,D22,F,42,healthy,C,10x 3' v3,cryopreserved biobank sample,total PBMC,4721,1813,6.47,1.137,1.137,1.137,0.0,0.0,0.0,1.137,0.0,0.0,0.0,0.0,0.0,0.0,0.0,0.0,0.0,0.0,0.0,0.0,0.0,0.0,0.0,0.0,1.137,0.0,0.0,0.0,4.652,6.551,6.0,1.995,1.656,0.0,0.0,1.656,0.0,0.0,0.0,1.656,1.656,CD4 naive T
GGCTCAGGCACGTGTT-1_D22,D22,F,42,healthy,C,10x 3' v3,cryopreserved biobank sample,total PBMC,8153,2894,8.79,2.674,0.0,2.123,0.0,0.0,0.0,2.585,0.0,0.0,0.8,0.0,1.239,0.0,0.0,0.0,0.0,0.0,0.0,0.0,0.0,0.8,0.8,0.8,1.776,0.8,0.0,0.0,4.328,6.038,4.702,2.488,1.239,0.0,1.965,1.239,0.0,0.0,0.0,1.239,1.239,CD4 memory T
TCCTCTGCATATTATC-1_D22,D22,F,42,healthy,C,10x 3' v3,cryopreserved biobank sample,total PBMC,3942,1727,5.7,1.804,1.263,0.0,0.0,1.263,0.0,0.0,2.153,1.263,0.0,2.786,1.263,0.0,0.0,0.0,0.0,0.0,0.0,0.0,0.0,0.0,0.0,0.0,0.0,0.0,0.0,0.0,4.083,4.552,5.868,2.932,1.804,1.263,1.263,1.804,0.0,1.263,1.804,0.0,0.0,CD8 T
GTGTACACCGAGTTAC-1_D22,D22,F,42,healthy,C,10x 3' v3,cryopreserved biobank sample,total PBMC,4481,1710,7.09,1.698,2.041,0.0,0.0,0.0,0.0,1.173,0.0,2.811,1.173,3.324,2.811,0.0,1.173,1.698,1.698,0.0,0.0,0.0,0.0,0.0,0.0,1.173,1.173,0.0,0.0,0.0,5.285,5.569,3.149,1.173,0.0,2.041,1.173,2.041,0.0,1.698,0.0,1.173,0.0,CD8 T
ACTTTAAGTGAAGAGC-1_D22,D22,F,42,healthy,C,10x 3' v3,cryopreserved biobank sample,total PBMC,5915,2364,6.33,2.552,1.477,0.0,1.477,0.0,1.804,2.411,0.0,0.0,0.99,0.0,0.0,0.0,0.0,0.0,0.0,0.99,0.0,0.0,0.0,0.0,0.0,0.99,1.477,0.0,0.0,0.0,5.146,6.053,5.591,2.676,0.0,2.049,3.272,0.0,0.0,0.99,0.0,0.99,0.99,CD4 naive T
TTAATAGGGCTGGACG-1_D22,D22,F,42,healthy,C,10x 3' v3,cryopreserved biobank sample,total PBMC,7136,2435,5.63,3.855,2.798,1.336,2.502,1.336,0.0,2.08,0.0,0.0,0.0,1.336,0.876,0.0,0.0,0.0,0.0,0.0,0.0,0.0,0.0,0.0,0.876,1.336,1.336,0.0,0.0,0.0,4.919,6.063,5.21,1.336,0.0,1.649,0.876,3.026,0.0,0.876,0.0,0.876,1.888,CD4 naive T
GGGTGTCGCCACATCC-1_D22,D22,F,42,healthy,C,10x 3' v3,cryopreserved biobank sample,total PBMC,8345,2660,4.27,3.004,2.36,2.36,1.945,0.788,0.0,1.525,0.0,0.0,0.788,0.0,1.223,0.0,1.223,0.0,0.0,0.0,0.0,0.0,0.0,0.0,0.0,0.0,0.788,0.0,0.0,0.0,4.509,5.857,4.824,2.878,1.223,0.788,1.757,1.525,0.0,0.0,0.788,1.525,1.945,CD4 naive T
AAGTTCTTGCCCCAAG-1_D22,D22,F,42,healthy,C,10x 3' v3,cryopreserved biobank sample,total PBMC,2989,1457,5.99,0.0,1.469,0.0,2.04,0.0,0.0,2.401,0.0,0.0,0.0,0.0,0.0,0.0,0.0,0.0,0.0,0.0,0.0,0.0,0.0,0.0,0.0,1.469,0.0,1.469,0.0,0.0,3.795,5.929,5.126,3.324,2.875,2.04,2.401,2.04,0.0,0.0,0.0,0.0,0.0,CD4 naive T
CAGTGGCGTTGTTCGG-1_D22,D22,F,42,healthy,C,10x 3' v3,cryopreserved biobank sample,total PBMC,7811,2858,4.81,0.0,0.0,0.0,0.0,0.824,0.0,0.0,0.0,0.0,0.0,0.824,0.0,0.0,0.0,0.824,0.0,0.0,2.161,3.006,3.824,0.0,0.0,0.0,0.0,0.824,0.0,0.0,4.049,6.078,4.918,1.27,0.824,1.27,1.27,2.714,0.824,0.0,0.0,0.824,1.577,CD4 naive T
TATGTTTTCTCACACA-1_D22,D22,F,42,healthy,C,10x 3' v3,cryopreserved biobank sample,total PBMC,4896,1802,4.96,3.239,1.626,0.0,3.388,1.626,0.0,1.113,0.0,0.0,0.0,0.0,1.113,0.0,0.0,0.0,0.0,0.0,0.0,0.0,0.0,0.0,0.0,0.0,1.113,0.0,0.0,0.0,3.684,5.57,4.941,1.113,1.964,3.156,1.626,0.0,0.0,0.0,1.113,1.113,0.0,CD4 naive T
AACCTCCGCAGGAAAT-1_D22,D22,F,42,healthy,C,10x 3' v3,cryopreserved biobank sample,total PBMC,4433,1761,5.97,0.0,0.0,0.0,0.0,2.05,0.0,3.335,0.0,0.0,0.0,0.0,0.0,0.0,0.0,0.0,0.0,0.0,0.0,0.0,3.879,1.18,4.915,5.11,5.329,2.821,0.0,3.879,4.652,6.047,3.059,4.126,2.508,3.412,2.947,2.05,0.0,1.18,0.0,1.18,0.0,CD14 monocyte
CGGTTTCAGGGGTAAA-1_D22,D22,F,42,healthy,C,10x 3' v3,cryopreserved biobank sample,total PBMC,6419,2356,6.17,2.709,2.174,1.415,1.736,0.0,0.0,2.808,0.0,0.0,0.939,1.415,2.174,0.0,0.0,0.0,0.0,0.0,0.0,0.0,0.0,0.0,0.0,0.939,0.0,0.0,0.0,0.0,5.375,6.589,4.098,2.337,2.174,2.898,0.939,1.736,0.0,0.939,0.939,0.0,1.978,CD4 memory T
CATTCGTTCACTGCCA-1_D22,D22,F,42,healthy,C,10x 3' v3,cryopreserved biobank sample,total PBMC,3669,1617,9.55,1.864,2.854,1.315,1.864,1.315,0.0,2.854,0.0,0.0,0.0,0.0,1.315,0.0,0.0,0.0,0.0,0.0,0.0,0.0,0.0,0.0,0.0,0.0,1.315,0.0,0.0,0.0,4.312,5.679,5.473,2.477,2.477,1.864,2.854,1.315,0.0,0.0,0.0,1.315,0.0,CD4 memory T
CTTGTTCAAAGCTGGC-1_D22,D22,F,42,healthy,C,10x 3' v3,cryopreserved biobank sample,total PBMC,8076,2886,12.74,0.0,0.0,0.0,0.0,0.806,0.0,3.763,0.0,0.0,0.806,0.0,0.806,0.0,0.0,0.0,0.0,0.0,0.0,0.0,3.502,0.806,3.947,4.606,4.4,3.148,2.594,4.921,5.281,5.103,3.574,3.296,2.839,3.093,2.269,2.909,0.0,0.806,0.806,1.784,1.246,CD14 monocyte
TGTACGCAATGAGTAT-1_D22,D22,F,42,healthy,C,10x 3' v3,cryopreserved biobank sample,total PBMC,7456,2692,10.65,0.0,0.0,0.0,0.0,0.851,0.851,4.049,0.0,0.0,0.0,0.0,0.0,0.0,0.0,0.0,0.0,0.0,0.0,0.0,3.05,2.202,3.686,5.036,5.98,2.757,0.0,3.58,4.733,5.761,4.384,3.842,2.462,3.502,1.614,1.851,0.0,2.202,0.0,0.0,1.304,CD14 monocyte
GACTCAGAAAGAACAT-1_D22,D22,F,42,healthy,C,10x 3' v3,cryopreserved biobank sample,total PBMC,3412,1446,4.06,0.0,2.543,1.369,0.0,0.0,0.0,1.926,0.0,0.0,0.0,0.0,0.0,0.0,0.0,0.0,0.0,0.0,0.0,0.0,0.0,0.0,1.369,0.0,0.0,0.0,0.0,0.0,4.582,5.314,4.454,2.751,0.0,2.282,0.0,0.0,0.0,1.369,0.0,1.926,1.369,CD4 naive T
AGAATACCACGAGTGA-1_D22,D22,F,42,healthy,C,10x 3' v3,cryopreserved biobank sample,total PBMC,4958,2043,6.03,2.716,1.616,1.953,0.0,0.0,0.0,3.442,1.104,0.0,0.0,0.0,0.0,0.0,0.0,0.0,0.0,0.0,0.0,0.0,0.0,0.0,0.0,1.616,0.0,0.0,0.0,0.0,5.196,6.056,5.477,3.722,1.953,2.406,1.104,1.616,0.0,1.104,0.0,1.616,0.0,CD4 memory T
GATTCCGAATTCGAGT-1_D22,D22,F,42,healthy,C,10x 3' v3,cryopreserved biobank sample,total PBMC,8678,3047,8.86,2.205,0.767,0.0,0.767,1.911,0.0,1.495,1.911,2.205,0.767,3.025,2.324,1.195,0.767,0.767,0.767,0.0,0.0,0.0,0.0,0.0,1.195,0.0,0.0,0.0,0.767,0.0,3.395,6.108,4.961,1.724,1.195,1.724,0.767,2.528,0.0,1.495,0.0,0.767,1.195,CD8 T
TAGTTGCATGAGTTTG-1_D22,D22,F,42,healthy,C,10x 3' v3,cryopreserved biobank sample,total PBMC,5632,2157,5.74,1.021,2.722,1.021,2.29,1.021,1.021,1.021,0.0,0.0,1.021,0.0,0.0,0.0,0.0,0.0,0.0,0.0,0.0,0.0,0.0,0.0,0.0,1.021,0.0,0.0,0.0,0.0,4.457,5.476,5.914,1.021,2.722,2.092,1.021,1.021,0.0,1.845,1.515,0.0,1.515,CD4 naive T
TTGGTATCTCCAAGTC-1_D22,D22,F,42,healthy,C,10x 3' v3,cryopreserved biobank sample,total PBMC,5080,1837,7.2,3.029,1.597,1.088,0.0,1.932,0.0,1.597,1.088,2.818,0.0,3.12,3.12,1.088,0.0,0.0,0.0,1.088,0.0,0.0,0.0,0.0,1.597,0.0,0.0,0.0,0.0,0.0,4.379,5.792,5.126,2.183,0.0,2.183,1.932,3.029,0.0,1.597,1.088,2.183,1.088,CD8 T
TGATAAGAGGGTTAAT-1_D22,D22,F,42,healthy,C,10x 3' v3,cryopreserved biobank sample,total PBMC,8720,2997,4.47,2.963,2.611,1.72,2.427,0.764,0.0,0.764,0.0,0.0,0.0,0.0,1.72,0.0,0.0,0.0,0.0,0.764,0.0,0.0,0.0,0.0,0.0,0.764,0.0,0.0,0.0,0.764,5.092,4.915,5.488,2.523,1.907,2.767,2.611,0.764,0.0,0.764,0.0,0.0,1.192,CD4 naive T
TATAGATGCTGCACGC-1_D22,D22,F,42,healthy,C,10x 3' v3,cryopreserved biobank sample,total PBMC,3167,1366,7.0,3.14,1.425,0.0,0.0,1.425,1.425,0.0,0.0,1.425,0.0,3.14,3.942,1.99,1.425,0.0,1.425,0.0,0.0,0.0,0.0,0.0,1.99,0.0,0.0,0.0,0.0,0.0,4.625,5.738,5.548,2.349,2.349,3.576,0.0,0.0,0.0,0.0,0.0,0.0,1.99,CD8 T
CTAGCCCTGCGTACTA-1_D22,D22,F,42,healthy,C,10x 3' v3,cryopreserved biobank sample,total PBMC,2332,1015,9.79,0.0,2.63,2.259,2.63,0.0,0.0,1.666,0.0,1.666,0.0,0.0,0.0,0.0,0.0,0.0,0.0,0.0,0.0,0.0,0.0,0.0,1.666,0.0,0.0,0.0,0.0,0.0,4.18,5.777,5.073,0.0,2.259,3.111,0.0,1.666,0.0,0.0,0.0,0.0,1.666,CD4 naive T
AGAGAGACTCTCGAGG-1_D22,D22,F,42,healthy,C,10x 3' v3,cryopreserved biobank sample,total PBMC,6391,2400,6.19,2.481,1.739,0.942,1.418,1.739,1.418,2.604,0.0,0.0,0.0,1.739,0.942,0.942,0.0,0.0,0.0,0.0,0.0,0.0,0.0,0.0,0.942,1.418,0.942,0.0,0.0,0.0,4.332,5.136,3.611,0.0,0.942,0.942,1.739,2.481,0.0,0.0,1.418,0.942,0.942,CD4 memory T
GGACATCTCGTACATT-1_D22,D22,F,42,healthy,C,10x 3' v3,cryopreserved biobank sample,total PBMC,3912,1492,3.06,2.939,1.81,0.0,0.0,1.269,0.0,2.418,2.16,2.418,1.269,2.418,1.269,1.81,1.269,0.0,0.0,1.269,0.0,0.0,0.0,0.0,0.0,0.0,1.269,0.0,0.0,0.0,4.416,5.362,5.42,2.939,2.623,2.418,2.16,1.269,0.0,0.0,1.269,1.269,0.0,CD8 T
AAAGGCGCCATCAGGC-1_D22,D22,F,42,healthy,C,10x 3' v3,cryopreserved biobank sample,total PBMC,4973,1895,11.75,2.202,1.614,1.102,1.102,0.0,0.0,1.102,0.0,0.0,1.102,1.102,1.614,0.0,0.0,0.0,0.0,0.0,0.0,0.0,0.0,0.0,0.0,0.0,0.0,0.0,0.0,0.0,3.767,5.062,5.193,1.614,1.102,0.0,0.0,0.0,0.0,1.614,0.0,2.202,1.614,CD4 memory T
TACCATGTCTTTACAG-1_D22,D22,F,42,healthy,C,10x 3' v3,cryopreserved biobank sample,total PBMC,3368,1432,10.59,2.555,1.379,2.293,0.0,0.0,1.937,1.379,1.379,0.0,0.0,0.0,0.0,0.0,0.0,0.0,0.0,0.0,0.0,0.0,0.0,0.0,1.379,0.0,1.379,0.0,0.0,0.0,4.681,5.171,4.81,1.937,3.081,2.935,0.0,1.937,0.0,2.293,0.0,0.0,0.0,CD4 naive T
GAAGTACTGCCAACCG-1_D22,D22,F,42,healthy,C,10x 3' v3,cryopreserved biobank sample,total PBMC,6333,2473,10.25,0.0,0.947,0.0,1.425,1.425,0.0,1.747,0.0,0.0,0.947,0.0,0.0,0.0,0.0,0.0,0.947,0.947,2.722,2.993,3.484,0.0,0.0,0.947,0.947,0.0,0.0,0.0,4.686,6.169,5.038,2.722,1.425,1.99,1.99,1.747,0.0,1.425,0.947,1.747,1.425,B
CTTATGATCCCTGTTG-1_D22,D22,F,42,healthy,C,10x 3' v3,cryopreserved biobank sample,total PBMC,5268,2110,4.02,2.895,2.659,1.568,0.0,0.0,0.0,2.895,0.0,0.0,0.0,1.568,1.568,1.064,0.0,1.064,0.0,0.0,0.0,0.0,0.0,0.0,0.0,1.064,0.0,0.0,0.0,0.0,4.318,4.792,5.489,1.064,2.151,1.901,1.901,0.0,0.0,0.0,1.064,0.0,0.0,CD4 memory T
AACTTATCAGCGGTTT-1_D22,D22,F,42,healthy,C,10x 3' v3,cryopreserved biobank sample,total PBMC,5319,1836,5.84,2.508,1.058,0.0,1.893,0.0,0.0,1.893,0.0,0.0,0.0,0.0,0.0,0.0,0.0,0.0,0.0,0.0,1.058,0.0,0.0,0.0,0.0,1.56,0.0,0.0,0.0,0.0,4.202,5.372,5.625,2.508,2.342,1.56,2.775,1.893,0.0,1.893,2.142,1.56,1.893,CD4 naive T
CCGTCTTTGACCGTGG-1_D22,D22,F,42,healthy,C,10x 3' v3,cryopreserved biobank sample,total PBMC,5415,2361,4.4,0.0,0.0,0.0,0.0,1.546,0.0,1.546,1.046,0.0,0.0,0.0,0.0,0.0,0.0,0.0,0.0,0.0,2.869,3.683,4.096,0.0,1.546,1.046,1.046,0.0,0.0,0.0,4.938,6.027,5.002,1.878,1.546,1.546,2.127,2.758,0.0,1.046,0.0,0.0,1.546,B
CAAGAGGCGATGGCCA-1_D22,D22,F,42,healthy,C,10x 3' v3,cryopreserved biobank sample,total PBMC,5800,2289,2.99,3.787,2.694,0.0,1.82,0.0,1.493,1.002,0.0,0.0,0.0,0.0,0.0,0.0,0.0,0.0,0.0,0.0,0.0,0.0,1.002,1.002,0.0,1.002,1.493,0.0,0.0,0.0,5.337,5.875,4.758,3.705,2.804,2.994,2.694,2.066,0.0,0.0,1.493,1.002,0.0,CD4 naive T
TCGGGCCCTTCGGAGA-1_D22,D22,F,42,healthy,C,10x 3' v3,cryopreserved biobank sample,total PBMC,7979,2953,6.96,3.105,1.983,1.255,2.142,0.0,0.0,1.255,0.0,0.0,0.0,0.0,0.0,0.0,0.0,0.0,0.0,0.0,0.812,0.0,0.812,0.812,0.812,0.0,0.0,0.0,0.812,0.0,4.605,5.672,6.412,2.85,2.508,1.255,2.694,1.255,0.812,1.255,1.56,1.56,1.983,CD4 naive T
GCGCATCTAATGGGCT-1_D22,D22,F,42,healthy,C,10x 3' v3,cryopreserved biobank sample,total PBMC,5653,2071,7.46,2.287,1.019,0.0,0.0,0.0,0.0,2.287,1.513,1.842,2.089,3.812,4.084,1.019,1.513,1.842,2.287,0.0,0.0,0.0,0.0,0.0,0.0,0.0,0.0,0.0,0.0,1.019,4.248,4.841,5.239,1.842,2.089,2.287,2.089,2.287,0.0,1.513,2.452,0.0,1.513,CD8 T
TGCCCTTTGCATTTAG-1_D22,D22,F,42,healthy,C,10x 3' v3,cryopreserved biobank sample,total PBMC,2156,1014,4.52,3.362,0.0,0.0,0.0,0.0,1.73,0.0,0.0,0.0,0.0,1.73,0.0,0.0,0.0,0.0,0.0,0.0,0.0,0.0,0.0,0.0,0.0,1.73,0.0,0.0,0.0,0.0,5.007,6.152,5.868,2.33,2.702,0.0,0.0,0.0,0.0,1.73,0.0,0.0,2.33,CD4 naive T
CCGCGACGAGGGCCAG-1_D22,D22,F,42,healthy,C,10x 3' v3,cryopreserved biobank sample,total PBMC,5126,1919,5.27,2.685,1.925,1.082,1.925,1.082,1.082,0.0,0.0,0.0,0.0,0.0,0.0,0.0,0.0,0.0,0.0,0.0,0.0,0.0,0.0,0.0,0.0,1.59,0.0,0.0,0.0,0.0,4.57,5.842,3.946,1.925,1.925,1.082,2.542,1.082,0.0,0.0,1.082,1.082,1.925,CD4 naive T
CGGTAATCACGACAGT-1_D22,D22,F,42,healthy,C,10x 3' v3,cryopreserved biobank sample,total PBMC,7098,2630,5.06,2.246,2.085,0.879,1.34,1.34,0.0,0.879,0.0,0.0,0.879,0.0,0.879,0.0,0.0,0.0,0.0,0.0,0.0,0.0,0.0,0.0,0.0,0.0,0.879,0.879,0.0,0.0,4.465,6.408,5.031,3.031,2.507,2.246,1.34,1.654,0.0,1.34,0.0,0.0,0.879,CD4 naive T
CCTCAAGTAACGTGAA-1_D22,D22,F,42,healthy,C,10x 3' v3,cryopreserved biobank sample,total PBMC,4518,1851,3.97,2.288,0.0,2.033,1.691,0.0,0.0,1.167,0.0,0.0,0.0,0.0,1.691,0.0,1.167,0.0,0.0,0.0,0.0,0.0,0.0,0.0,0.0,1.167,0.0,0.0,0.0,0.0,4.211,5.732,5.277,3.041,3.71,2.659,0.0,1.691,0.0,1.167,0.0,1.167,0.0,CD4 memory T
CGATCTCTACCAATGT-1_D22,D22,F,42,healthy,C,10x 3' v3,cryopreserved biobank sample,total PBMC,10303,3358,4.3,0.0,0.0,0.0,0.0,0.678,0.0,4.048,0.0,0.0,0.0,0.0,0.0,0.0,0.0,0.0,0.0,0.0,0.0,0.0,2.805,3.107,4.615,5.001,5.395,2.371,1.586,3.19,5.201,5.064,4.961,3.777,2.745,2.276,1.767,1.92,0.678,0.678,0.678,1.767,0.678,CD14 monocyte
CGGCGGCTTGGGCGTA-1_D22,D22,F,42,healthy,C,10x 3' v3,cryopreserved biobank sample,total PBMC,11409,3531,5.65,0.0,0.0,0.0,0.0,1.683,0.0,3.132,0.0,0.0,0.0,0.0,0.0,0.0,0.0,0.0,0.0,0.0,0.0,0.0,2.185,1.834,5.37,5.507,5.771,3.01,1.505,4.147,5.24,3.86,4.188,3.24,1.834,2.444,2.185,1.289,0.0,1.013,1.013,1.013,1.505,CD14 monocyte
CGCGGGAGAGACGCCC-1_D22,D22,F,42,healthy,C,10x 3' v3,cryopreserved biobank sample,total PBMC,9572,3352,6.81,2.874,2.605,1.984,2.438,0.715,0.715,0.0,0.0,0.0,0.0,0.0,0.0,0.0,0.0,0.0,0.0,0.0,0.0,0.715,0.0,0.0,0.0,0.0,0.715,0.0,0.0,0.0,4.628,4.903,5.131,2.236,0.715,1.419,1.984,1.828,0.0,0.715,1.645,0.0,0.715,CD4 naive T
AGCCAACTTACCGCTC-1_D22,D22,F,42,healthy,C,10x 3' v3,cryopreserved biobank sample,total PBMC,5361,1969,4.66,3.429,1.886,2.136,1.886,1.053,1.053,1.886,0.0,0.0,0.0,0.0,0.0,0.0,0.0,0.0,0.0,0.0,0.0,0.0,0.0,0.0,1.053,1.053,1.053,1.053,0.0,0.0,4.106,4.464,4.948,1.554,1.554,1.554,2.501,0.0,0.0,0.0,1.053,0.0,0.0,CD4 naive T
CGCATCCGCGGCGCTC-1_D22,D22,F,42,healthy,C,10x 3' v3,cryopreserved biobank sample,total PBMC,9784,3514,4.89,4.116,1.403,0.704,0.704,1.113,1.113,1.403,1.627,2.965,1.81,2.418,2.585,2.217,0.704,0.704,0.704,0.704,0.0,0.0,0.0,0.0,0.0,0.0,0.704,0.0,0.0,0.0,3.71,5.891,6.062,1.403,2.728,1.965,0.704,1.81,0.0,1.403,0.0,1.113,1.113,CD8 T
GCCCCCCTGACCTCTC-1_D22,D22,F,42,healthy,C,10x 3' v3,cryopreserved biobank sample,total PBMC,4713,1885,5.7,3.192,1.997,1.138,0.0,1.657,0.0,1.997,0.0,0.0,0.0,1.657,1.138,0.0,0.0,0.0,0.0,0.0,0.0,0.0,0.0,0.0,0.0,0.0,1.138,0.0,0.0,0.0,4.292,5.948,5.902,1.657,1.657,0.0,2.25,2.25,0.0,1.138,0.0,0.0,1.997,CD4 memory T
GACACCTGTATGTAGG-1_D22,D22,F,42,healthy,C,10x 3' v3,cryopreserved biobank sample,total PBMC,7034,2572,6.21,2.812,2.516,1.9,0.884,0.884,0.0,1.661,0.0,0.0,0.0,0.0,1.346,0.0,0.0,0.0,0.884,0.0,0.0,0.0,0.0,0.0,0.0,0.884,0.884,0.0,0.0,0.0,3.281,5.112,4.814,2.516,2.255,2.394,2.894,0.884,0.0,0.0,1.346,1.661,1.346,CD4 naive T
TAGTATAGTCTCTAGA-1_D22,D22,F,42,healthy,C,10x 3' v3,cryopreserved biobank sample,total PBMC,10474,3464,4.78,0.0,0.0,0.0,0.0,0.0,0.0,4.443,0.67,0.0,0.0,0.0,1.068,0.0,0.0,0.67,0.0,0.0,0.0,0.0,4.272,2.356,4.349,3.826,6.063,3.389,1.352,3.998,4.917,5.556,4.144,2.79,2.79,3.323,2.356,0.67,0.0,1.068,0.67,1.573,0.67,CD14 monocyte
ACGACACCCGGATTTC-1_D22,D22,F,42,healthy,C,10x 3' v3,cryopreserved biobank sample,total PBMC,2311,1070,5.3,2.267,1.673,0.0,1.673,0.0,0.0,2.267,0.0,2.638,0.0,3.79,3.969,1.673,0.0,1.673,2.267,0.0,0.0,0.0,0.0,0.0,0.0,1.673,1.673,0.0,0.0,0.0,3.79,5.341,4.769,0.0,0.0,2.638,1.673,2.638,0.0,0.0,0.0,1.673,1.673,CD8 T
AGAAGCGTTTGTCTTG-1_D22,D22,F,42,healthy,C,10x 3' v3,cryopreserved biobank sample,total PBMC,4431,1699,6.69,3.729,1.181,0.0,1.707,1.181,0.0,1.181,0.0,0.0,0.0,1.181,1.181,0.0,0.0,0.0,0.0,0.0,0.0,0.0,0.0,0.0,0.0,0.0,0.0,1.181,0.0,0.0,3.551,6.659,4.793,1.707,1.707,3.059,1.181,1.181,0.0,0.0,1.181,0.0,2.677,CD4 naive T
GACCCCTAAGCCGCGT-1_D22,D22,F,42,healthy,C,10x 3' v3,cryopreserved biobank sample,total PBMC,4273,1682,4.99,3.094,2.711,0.0,1.737,2.542,0.0,1.206,0.0,1.206,0.0,0.0,0.0,0.0,0.0,0.0,0.0,0.0,0.0,0.0,0.0,0.0,0.0,0.0,0.0,0.0,0.0,0.0,4.73,6.389,5.429,2.711,3.195,3.37,2.082,1.206,1.206,1.206,0.0,2.082,1.737,CD4 naive T
GGACATAGTTCCCTAG-1_D22,D22,F,42,healthy,C,10x 3' v3,cryopreserved biobank sample,total PBMC,9693,3412,6.15,3.165,1.818,0.0,0.0,0.0,0.0,1.818,1.41,0.709,1.41,3.025,3.694,2.863,0.709,1.41,2.225,0.0,0.0,0.0,0.0,0.0,0.0,0.709,0.709,0.0,1.12,0.0,3.719,5.23,5.58,1.634,1.12,3.431,1.634,1.818,0.0,0.709,0.0,1.973,1.12,CD8 T
AGCTTAGCAGCAATGG-1_D22,D22,F,42,healthy,C,10x 3' v3,cryopreserved biobank sample,total PBMC,11633,3753,13.23,0.0,0.0,0.0,0.0,1.0,0.0,3.151,0.0,0.0,0.0,0.0,0.0,0.0,0.62,0.0,0.0,0.0,0.0,0.0,3.516,2.168,4.569,4.874,5.477,2.499,0.62,4.523,6.157,5.675,3.637,1.667,1.948,2.347,2.064,1.948,0.0,1.0,1.0,1.275,0.62,CD14 monocyte
TACAGAACTCGGTCGA-1_D22,D22,F,42,healthy,C,10x 3' v3,cryopreserved biobank sample,total PBMC,5284,2020,4.03,2.781,2.992,0.0,1.062,1.062,0.0,1.062,1.062,2.657,1.062,2.514,2.992,2.148,1.565,0.0,0.0,1.062,0.0,0.0,0.0,0.0,0.0,1.062,0.0,0.0,0.0,0.0,4.69,5.954,3.796,2.148,2.148,2.348,1.062,2.148,0.0,1.062,0.0,0.0,1.062,CD8 T
ATACATCCAGCTTCCG-1_D22,D22,F,42,healthy,C,10x 3' v3,cryopreserved biobank sample,total PBMC,6518,2363,4.0,2.794,2.966,0.0,0.0,0.0,0.0,2.463,0.0,2.463,0.0,3.883,2.695,0.0,0.0,0.93,1.403,0.0,0.0,0.0,0.0,0.0,0.93,0.0,0.93,0.0,0.0,0.0,4.056,6.448,5.463,2.794,2.323,1.403,2.16,2.16,0.0,0.93,1.723,0.93,0.93,CD8 T
CGCACTCGTGGATACT-1_D22,D22,F,42,healthy,C,10x 3' v3,cryopreserved biobank sample,total PBMC,6717,2507,4.42,0.0,0.0,0.0,0.0,0.912,0.0,4.079,0.0,0.0,0.0,0.0,0.0,0.0,0.0,0.0,0.0,0.912,0.0,0.0,3.821,1.939,5.393,5.191,5.183,3.427,1.381,3.821,4.283,5.095,4.86,2.937,1.939,1.381,0.912,1.939,0.0,0.0,1.699,1.381,0.912,CD14 monocyte
CAAAATGCCCGTGGGA-1_D22,D22,F,42,healthy,C,10x 3' v3,cryopreserved biobank sample,total PBMC,5742,2176,6.22,0.0,0.0,0.0,0.0,1.008,0.0,0.0,0.0,0.0,0.0,1.008,0.0,0.0,0.0,0.0,0.0,0.0,2.579,2.579,3.756,0.0,1.5,0.0,1.008,1.008,0.0,0.0,5.38,5.851,5.411,2.273,2.075,1.828,1.828,2.273,0.0,1.008,0.0,1.5,1.008,B
TGATCGGCAGCCGATG-1_D22,D22,F,42,healthy,C,10x 3' v3,cryopreserved biobank sample,total PBMC,3982,1604,6.99,2.144,2.144,1.256,2.144,0.0,1.256,2.144,0.0,0.0,0.0,0.0,0.0,0.0,0.0,0.0,0.0,0.0,0.0,0.0,0.0,0.0,0.0,0.0,0.0,0.0,0.0,0.0,5.101,3.936,5.814,1.796,2.777,1.796,1.796,1.796,0.0,1.256,1.256,1.256,1.796,CD4 naive T
CGCAGACTTCTTACGA-1_D22,D22,F,42,healthy,C,10x 3' v3,cryopreserved biobank sample,total PBMC,5648,2112,6.85,0.0,0.0,0.0,0.0,0.0,0.0,3.545,0.0,0.0,0.0,0.0,0.0,0.0,0.0,0.0,0.0,0.0,0.0,0.0,3.179,1.019,5.466,5.221,4.708,2.595,1.842,3.493,6.253,5.11,4.114,2.453,2.929,2.288,2.453,1.513,0.0,1.019,1.842,1.513,1.019,CD14 monocyte
GATCCATGTTAAACAG-1_D22,D22,F,42,healthy,C,10x 3' v3,cryopreserved biobank sample,total PBMC,5452,2078,4.23,3.471,2.121,1.541,1.042,1.042,0.0,1.042,0.0,0.0,0.0,0.0,1.541,0.0,1.042,0.0,0.0,0.0,0.0,0.0,0.0,0.0,0.0,1.042,1.042,0.0,0.0,0.0,4.51,6.674,5.02,2.628,2.628,3.136,2.32,1.541,0.0,1.541,1.541,0.0,1.042,CD4 naive T
CCGATGTCCCTCTGGA-1_D22,D22,F,42,healthy,C,10x 3' v3,cryopreserved biobank sample,total PBMC,5059,2014,7.68,0.0,0.0,0.0,0.0,1.6,0.0,1.091,1.091,0.0,0.0,0.0,0.0,0.0,0.0,0.0,0.0,0.0,2.554,1.936,3.88,0.0,0.0,0.0,1.091,0.0,0.0,0.0,3.356,5.648,5.359,2.697,2.187,2.822,1.6,2.387,0.0,1.6,0.0,0.0,0.0,B
TACAGAGTCAACTGTT-1_D22,D22,F,42,healthy,C,10x 3' v3,cryopreserved biobank sample,total PBMC,3954,1604,3.64,2.929,1.261,1.261,1.261,1.801,0.0,1.261,0.0,2.408,1.801,4.651,4.406,0.0,0.0,0.0,2.613,0.0,0.0,0.0,0.0,1.261,0.0,0.0,0.0,0.0,0.0,0.0,4.201,5.454,5.507,3.056,2.408,1.261,2.15,1.261,0.0,1.801,0.0,1.261,2.15,CD8 T
ACAATCACACCGGACG-1_D22,D22,F,42,healthy,C,10x 3' v3,cryopreserved biobank sample,total PBMC,3240,1472,3.21,3.92,2.971,0.0,1.408,1.408,0.0,0.0,0.0,0.0,0.0,0.0,0.0,0.0,0.0,0.0,1.408,0.0,0.0,0.0,0.0,0.0,1.408,1.408,0.0,0.0,0.0,0.0,4.72,5.538,5.794,2.591,0.0,1.408,1.408,3.118,0.0,1.408,0.0,1.97,1.408,CD4 naive T
TTCCCCCTGAATCACT-1_D22,D22,F,42,healthy,C,10x 3' v3,cryopreserved biobank sample,total PBMC,3979,1710,4.56,3.263,2.145,0.0,1.257,2.145,0.0,1.796,1.257,1.796,1.257,1.796,0.0,0.0,0.0,0.0,0.0,1.257,0.0,0.0,0.0,0.0,1.257,0.0,0.0,0.0,0.0,0.0,3.517,4.954,4.737,1.796,2.145,2.403,0.0,1.796,0.0,0.0,1.796,2.145,1.257,CD8 T
TGATCTCAGCTAACTC-1_D22,D22,F,42,healthy,C,10x 3' v3,cryopreserved biobank sample,total PBMC,6818,2423,4.2,0.0,0.0,0.0,0.0,1.37,0.0,2.841,0.903,0.0,0.0,3.87,3.505,4.912,2.841,1.686,1.927,1.927,0.0,0.0,0.0,0.0,0.903,0.903,0.903,0.0,0.903,0.0,4.786,6.144,4.669,2.422,2.422,2.752,1.37,2.12,0.0,0.0,1.927,1.37,0.903,NK
GCATAGTCAAAGTAGC-1_D22,D22,F,42,healthy,C,10x 3' v3,cryopreserved biobank sample,total PBMC,4823,2337,9.32,3.253,1.977,2.431,1.123,1.123,0.0,1.977,0.0,0.0,1.123,1.638,1.123,0.0,0.0,0.0,0.0,0.0,0.0,0.0,0.0,0.0,1.123,1.123,0.0,0.0,0.0,0.0,2.742,6.26,5.388,3.079,3.331,2.229,2.229,1.123,0.0,0.0,0.0,0.0,1.123,CD4 memory T
TCAAACCGGTTACGGG-1_D22,D22,F,42,healthy,C,10x 3' v3,cryopreserved biobank sample,total PBMC,3803,1694,8.03,2.185,2.966,0.0,1.834,1.289,0.0,0.0,0.0,0.0,0.0,0.0,1.289,0.0,0.0,0.0,0.0,0.0,0.0,0.0,0.0,0.0,0.0,0.0,1.289,0.0,0.0,0.0,3.483,5.482,4.846,2.444,1.834,1.834,1.289,1.289,0.0,2.185,1.289,1.834,1.834,CD4 naive T
ACTTGAGTCGCTTCGC-1_D22,D22,F,42,healthy,C,10x 3' v3,cryopreserved biobank sample,total PBMC,12281,3790,5.64,0.0,0.0,0.596,0.0,0.966,0.0,4.074,0.596,0.0,0.0,0.0,0.0,0.0,0.0,0.0,0.0,0.0,0.596,0.0,3.893,2.802,5.496,5.676,5.313,2.982,0.0,4.559,4.515,4.955,4.361,3.731,2.12,2.518,2.017,1.624,0.0,1.449,1.624,1.236,2.12,CD14 monocyte
AAACTGGTCGAAGTGT-1_D22,D22,F,42,healthy,C,10x 3' v3,cryopreserved biobank sample,total PBMC,4791,1774,6.85,3.176,1.644,2.437,1.983,1.127,0.0,1.644,0.0,0.0,0.0,0.0,1.127,0.0,0.0,0.0,0.0,0.0,0.0,0.0,0.0,0.0,0.0,0.0,1.127,0.0,0.0,1.127,5.099,5.252,4.575,1.983,1.127,1.983,1.644,1.127,0.0,0.0,0.0,0.0,0.0,CD4 naive T
GCGAGTTTAGAGCTAA-1_D22,D22,F,42,healthy,C,10x 3' v3,cryopreserved biobank sample,total PBMC,8267,2656,5.83,1.953,1.953,2.368,2.111,0.793,0.0,1.229,0.0,0.0,0.0,0.0,0.0,0.0,0.0,0.0,0.0,0.0,0.0,0.793,0.0,0.0,0.0,0.793,0.0,0.0,0.0,0.0,5.22,5.488,5.532,0.0,2.111,1.764,1.229,1.229,0.0,0.793,0.793,0.793,1.764,CD4 memory T
GGACATGACGTGTTTG-1_D22,D22,F,42,healthy,C,10x 3' v3,cryopreserved biobank sample,total PBMC,4574,1844,6.66,2.791,1.681,0.0,2.277,2.023,1.159,0.0,0.0,0.0,1.159,0.0,0.0,0.0,0.0,0.0,0.0,0.0,0.0,0.0,0.0,0.0,0.0,1.681,0.0,0.0,0.0,0.0,4.531,6.511,4.867,0.0,0.0,0.0,2.647,0.0,0.0,1.159,0.0,0.0,1.159,CD4 naive T
GAATGAACATCTGAGC-1_D22,D22,F,42,healthy,C,10x 3' v3,cryopreserved biobank sample,total PBMC,6587,2575,6.34,0.0,0.0,0.0,0.0,0.924,0.0,3.289,0.0,0.0,0.0,0.0,0.0,0.924,0.0,0.0,0.0,0.924,0.0,0.0,4.194,1.956,4.978,4.4,5.298,2.151,2.151,2.453,3.737,6.051,4.362,3.344,1.715,2.313,1.715,1.395,0.0,1.395,0.0,0.924,1.395,CD14 monocyte
CCCTTGGATCTCAGGG-1_D22,D22,F,42,healthy,C,10x 3' v3,cryopreserved biobank sample,total PBMC,5791,2338,4.93,1.494,1.821,1.003,1.821,1.821,0.0,2.265,1.494,0.0,2.068,3.571,3.226,1.494,1.003,0.0,1.003,0.0,0.0,1.003,0.0,0.0,1.494,1.003,0.0,0.0,0.0,0.0,3.707,6.029,5.567,2.43,1.003,2.696,1.003,1.003,0.0,0.0,0.0,0.0,1.494,CD8 T
TAGCACTGCTATGTAT-1_D22,D22,F,42,healthy,C,10x 3' v3,cryopreserved biobank sample,total PBMC,4598,1903,4.49,2.474,1.155,2.272,0.0,2.272,1.155,0.0,0.0,0.0,0.0,0.0,1.677,0.0,0.0,0.0,0.0,0.0,0.0,0.0,0.0,0.0,0.0,0.0,0.0,0.0,0.0,0.0,2.272,5.663,4.502,2.474,2.018,1.155,1.677,2.018,0.0,0.0,1.155,1.155,2.272,CD4 naive T
GGCCCCTACAATTGTC-1_D22,D22,F,42,healthy,C,10x 3' v3,cryopreserved biobank sample,total PBMC,2613,1236,5.57,2.524,2.158,0.0,2.158,2.158,0.0,1.574,0.0,0.0,0.0,0.0,0.0,0.0,0.0,0.0,0.0,0.0,0.0,0.0,0.0,0.0,0.0,0.0,0.0,0.0,0.0,0.0,4.61,6.525,4.131,3.763,3.325,3.002,0.0,0.0,0.0,0.0,1.574,0.0,2.524,CD4 naive T
TATTTTCGCTGGCATA-1_D22,D22,F,42,healthy,C,10x 3' v3,cryopreserved biobank sample,total PBMC,5134,1989,5.31,0.0,0.0,0.0,0.0,1.923,0.0,4.179,0.0,0.0,0.0,0.0,0.0,0.0,0.0,0.0,0.0,1.588,0.0,0.0,3.342,1.923,5.017,5.72,5.553,1.923,1.923,3.408,4.753,5.757,4.95,1.923,2.683,3.781,1.923,1.081,0.0,1.081,0.0,0.0,0.0,CD14 monocyte
GCTTGGCTTACCAGTA-1_D22,D22,F,42,healthy,C,10x 3' v3,cryopreserved biobank sample,total PBMC,8067,3130,7.02,2.765,1.974,1.974,0.0,0.0,0.0,1.785,0.0,0.0,0.0,1.247,2.595,0.0,0.0,0.806,0.0,0.806,0.0,0.0,0.0,0.0,0.0,2.133,0.806,0.0,0.0,0.0,3.948,5.429,4.607,2.975,1.552,0.806,2.133,2.498,0.0,1.247,0.806,0.0,2.133,CD4 memory T
CACATAATAACGCTGT-1_D22,D22,F,42,healthy,C,10x 3' v3,cryopreserved biobank sample,total PBMC,4157,1762,7.58,2.363,0.0,0.0,1.225,1.225,0.0,2.567,1.225,1.225,0.0,3.008,3.397,1.225,1.225,1.225,1.76,1.225,0.0,0.0,0.0,0.0,0.0,1.225,1.225,0.0,0.0,0.0,4.293,5.074,5.253,1.76,1.76,2.106,2.106,1.225,0.0,0.0,1.225,1.225,1.76,CD8 T
ACGTGTACATGGTGTT-1_D22,D22,F,42,healthy,C,10x 3' v3,cryopreserved biobank sample,total PBMC,3494,1442,13.45,1.906,0.0,0.0,1.351,1.351,0.0,0.0,1.351,2.728,1.906,3.643,3.481,2.521,1.351,1.351,1.351,0.0,0.0,0.0,0.0,0.0,0.0,0.0,0.0,0.0,0.0,0.0,4.112,6.017,5.906,1.906,1.906,2.521,1.906,0.0,0.0,2.26,0.0,1.351,2.26,CD8 T
CTACTACAGTCGCTGG-1_D22,D22,F,42,healthy,C,10x 3' v3,cryopreserved biobank sample,total PBMC,3736,1699,5.75,2.983,0.0,1.302,1.302,0.0,0.0,0.0,0.0,0.0,0.0,0.0,0.0,0.0,0.0,0.0,0.0,0.0,0.0,0.0,0.0,0.0,0.0,0.0,1.849,0.0,0.0,0.0,4.632,5.824,5.767,0.0,0.0,0.0,1.302,1.302,0.0,1.302,0.0,2.201,1.849,CD4 naive T
CGGCTTTGAGTGTCTT-1_D22,D22,F,42,healthy,C,10x 3' v3,cryopreserved biobank sample,total PBMC,2396,1065,4.21,3.652,2.604,1.644,2.604,0.0,0.0,0.0,0.0,0.0,0.0,0.0,0.0,0.0,0.0,0.0,0.0,0.0,0.0,0.0,0.0,0.0,1.644,0.0,0.0,0.0,0.0,1.644,3.755,4.153,5.723,2.235,2.604,2.235,2.235,0.0,0.0,0.0,0.0,0.0,1.644,CD4 naive T
CCTAGGTGGGATCGTT-1_D22,D22,F,42,healthy,C,10x 3' v3,cryopreserved biobank sample,total PBMC,5341,1980,4.21,3.156,1.89,0.0,1.557,1.055,0.0,1.055,0.0,0.0,0.0,0.0,0.0,0.0,0.0,0.0,0.0,0.0,0.0,0.0,0.0,0.0,0.0,1.055,0.0,0.0,0.0,0.0,4.401,6.186,5.573,2.504,1.89,2.139,1.89,1.89,0.0,0.0,1.055,0.0,0.0,CD4 naive T
CATGGCACGGAGTTTG-1_D22,D22,F,42,healthy,C,10x 3' v3,cryopreserved biobank sample,total PBMC,9732,3263,10.76,0.0,0.0,0.0,0.0,1.407,0.0,2.327,1.407,0.707,0.0,0.0,0.0,0.0,0.0,0.0,0.0,0.0,0.0,0.0,3.117,1.117,4.718,4.879,5.237,3.553,0.0,4.034,4.261,6.474,3.877,2.97,3.553,2.51,2.103,2.221,0.0,1.117,0.707,1.407,1.117,CD14 monocyte
GATCTACTTTAATGTG-1_D22,D22,F,42,healthy,C,10x 3' v3,cryopreserved biobank sample,total PBMC,3251,1232,4.76,1.967,1.405,1.405,0.0,0.0,1.405,1.405,1.405,1.967,1.967,2.325,3.458,1.967,1.405,0.0,2.325,0.0,0.0,0.0,0.0,0.0,0.0,1.967,1.405,0.0,0.0,0.0,3.713,5.137,4.502,1.967,1.967,1.405,2.325,1.967,0.0,1.405,0.0,0.0,0.0,CD8 T
AAACCCCCGGTTTACG-1_D22,D22,F,42,healthy,C,10x 3' v3,cryopreserved biobank sample,total PBMC,4586,1749,11.22,2.021,2.274,1.157,0.0,1.679,0.0,0.0,0.0,0.0,0.0,0.0,1.157,0.0,0.0,0.0,0.0,0.0,0.0,0.0,0.0,0.0,0.0,1.157,1.157,1.157,0.0,0.0,3.127,5.262,5.296,2.645,0.0,2.021,2.645,1.679,0.0,1.679,1.157,0.0,1.157,CD4 naive T
TCTCCTCTCCTTACTC-1_D22,D22,F,42,healthy,C,10x 3' v3,cryopreserved biobank sample,total PBMC,6751,2560,5.37,2.431,1.694,1.377,2.553,0.0,0.909,0.0,0.909,0.0,0.0,0.0,0.0,0.0,0.0,0.0,0.0,0.0,0.0,0.0,0.0,0.0,0.909,0.0,0.909,0.0,0.0,0.0,3.749,5.515,5.771,2.431,3.422,2.761,1.694,0.0,0.0,2.129,1.694,0.0,0.0,CD4 naive T
GTAAATCCATTCTTCG-1_D22,D22,F,42,healthy,C,10x 3' v3,cryopreserved biobank sample,total PBMC,5331,2054,12.36,0.0,0.0,0.0,0.0,0.0,0.0,3.829,0.0,0.0,0.0,0.0,0.0,0.0,0.0,0.0,0.0,1.056,0.0,0.0,3.907,2.141,4.532,5.67,4.171,3.493,0.0,4.379,4.842,4.993,3.493,3.601,1.891,2.984,2.506,0.0,0.0,1.559,0.0,1.056,1.056,CD14 monocyte
GGGCGAGGATCGCCGA-1_D22,D22,F,42,healthy,C,10x 3' v3,cryopreserved biobank sample,total PBMC,3526,1590,5.52,2.72,1.898,1.344,2.252,0.0,0.0,0.0,0.0,0.0,0.0,0.0,1.344,0.0,0.0,0.0,0.0,0.0,0.0,0.0,0.0,0.0,0.0,0.0,0.0,0.0,0.0,0.0,3.952,3.634,4.636,3.278,3.165,3.037,0.0,0.0,0.0,1.344,0.0,0.0,1.344,CD4 naive T
ATTCGTAATATGGCCT-1_D22,D22,F,42,healthy,C,10x 3' v3,cryopreserved biobank sample,total PBMC,10185,3498,11.5,2.286,1.595,0.684,0.0,0.0,0.0,1.086,1.595,2.181,2.063,2.468,2.978,1.595,1.777,0.0,1.086,0.0,0.0,0.0,0.0,0.0,0.0,1.086,0.0,0.0,0.0,0.0,3.874,5.669,5.799,1.595,0.0,1.595,1.086,1.595,0.0,0.0,0.684,0.684,1.086,CD8 T
AGGGGGCCGCTGTTCC-1_D22,D22,F,42,healthy,C,10x 3' v3,cryopreserved biobank sample,total PBMC,3065,1319,7.99,3.024,0.0,2.643,0.0,0.0,0.0,0.0,0.0,1.45,0.0,0.0,0.0,0.0,0.0,0.0,0.0,0.0,0.0,0.0,0.0,0.0,0.0,0.0,0.0,0.0,0.0,0.0,5.231,5.75,5.74,2.018,2.851,2.018,0.0,0.0,0.0,0.0,0.0,2.643,1.45,CD4 naive T
TGGATGCCGTGAATGA-1_D22,D22,F,42,healthy,C,10x 3' v3,cryopreserved biobank sample,total PBMC,8017,2756,4.02,0.81,1.251,0.81,0.0,1.251,0.0,0.81,0.0,0.0,0.0,0.0,0.0,0.0,0.0,0.0,0.0,0.0,0.0,0.0,0.0,0.0,1.251,1.251,0.0,0.81,0.0,0.81,4.575,6.107,5.385,2.601,1.979,2.275,1.251,1.79,0.0,0.81,1.556,1.556,1.556,CD4 naive T
ATCACTTTGTGGTCTC-1_D22,D22,F,42,healthy,C,10x 3' v3,cryopreserved biobank sample,total PBMC,9728,3581,3.06,3.492,1.407,1.632,1.97,1.632,1.815,1.117,0.0,0.0,1.117,0.0,0.0,0.0,0.0,0.0,0.0,0.0,0.707,0.0,0.707,0.0,1.117,0.0,0.0,0.0,0.0,0.707,4.202,5.487,5.355,1.632,1.815,2.327,1.632,1.815,0.0,1.117,0.0,0.0,1.632,CD4 naive T
AAAGTTGTACGGTGGT-1_D22,D22,F,42,healthy,C,10x 3' v3,cryopreserved biobank sample,total PBMC,6112,2498,6.06,0.0,0.0,0.0,0.0,0.969,0.0,3.103,0.0,0.0,0.0,0.0,0.0,0.0,0.0,0.0,0.0,0.0,0.0,0.0,3.914,2.755,5.884,5.638,5.655,2.381,0.969,4.221,4.735,5.285,4.919,2.854,1.452,1.452,2.755,1.452,0.0,0.0,0.0,0.0,0.969,CD14 monocyte
GTAACAGTTGCGGGTA-1_D22,D22,F,42,healthy,C,10x 3' v3,cryopreserved biobank sample,total PBMC,8340,2806,10.14,0.0,0.788,0.0,0.0,0.0,0.0,3.841,0.0,0.788,0.0,0.0,0.0,0.0,0.0,0.0,0.0,0.0,0.0,0.0,3.673,2.809,4.755,4.536,5.063,2.652,1.223,4.322,4.89,6.086,4.925,3.815,2.734,1.945,3.005,0.788,0.0,1.223,1.525,0.788,1.945,CD14 monocyte
AGAGCGGAGCCTGGAC-1_D22,D22,F,42,healthy,C,10x 3' v3,cryopreserved biobank sample,total PBMC,6702,2669,5.24,2.669,1.941,2.438,0.913,0.913,0.0,2.135,0.0,0.0,0.913,0.0,1.941,0.0,0.0,0.0,0.0,0.913,0.0,0.0,1.382,0.0,0.0,0.0,1.382,0.0,0.0,0.0,5.06,5.51,5.012,2.768,0.913,2.438,1.941,2.669,0.0,0.0,0.0,2.298,1.7,CD4 memory T
CTGGCCAGTACGGCCA-1_D22,D22,F,42,healthy,C,10x 3' v3,cryopreserved biobank sample,total PBMC,9605,3159,9.67,2.435,0.713,1.417,1.642,1.126,0.0,1.825,0.0,0.0,0.0,0.713,0.713,0.0,0.0,0.0,0.0,0.0,0.0,0.0,0.0,0.0,0.0,0.0,1.126,0.713,0.0,0.0,4.731,4.583,5.01,2.746,1.825,2.233,1.126,1.642,0.0,0.713,1.417,0.0,2.233,CD4 naive T
TCTAACGTAGGGCAAG-1_D22,D22,F,42,healthy,C,10x 3' v3,cryopreserved biobank sample,total PBMC,6131,2441,11.03,1.45,1.45,1.774,2.018,0.0,0.0,0.0,0.0,0.0,0.967,0.0,0.967,0.0,0.967,0.0,0.0,0.0,0.0,0.0,0.0,0.0,0.0,0.967,0.967,0.0,0.0,0.0,5.248,6.418,4.373,0.967,2.519,0.0,0.0,1.45,0.0,0.967,0.0,0.967,0.967,CD4 naive T
TGTATTGACCACGAGG-1_D22,D22,F,42,healthy,C,10x 3' v3,cryopreserved biobank sample,total PBMC,2868,1231,4.34,2.914,2.439,2.439,1.501,2.439,0.0,1.501,0.0,0.0,1.501,1.501,0.0,0.0,0.0,0.0,0.0,0.0,0.0,0.0,0.0,0.0,0.0,0.0,0.0,0.0,0.0,1.501,3.477,5.206,5.126,2.704,2.439,2.914,2.704,1.501,0.0,0.0,1.501,0.0,1.501,CD4 memory T
TACTGACAGCTCTCGA-1_D22,D22,F,42,healthy,C,10x 3' v3,cryopreserved biobank sample,total PBMC,3242,1475,5.85,3.553,2.591,1.97,0.0,1.407,0.0,1.97,1.407,0.0,0.0,1.407,1.407,0.0,0.0,0.0,0.0,0.0,0.0,0.0,1.407,0.0,0.0,0.0,0.0,1.407,0.0,0.0,2.328,5.735,4.773,1.407,1.407,2.591,1.407,0.0,0.0,1.407,1.407,0.0,1.407,CD4 naive T
GTAATTCTGCAGCGTT-1_D22,D22,F,42,healthy,C,10x 3' v3,cryopreserved biobank sample,total PBMC,6157,2282,6.32,0.0,0.0,0.0,0.0,2.014,0.0,3.02,0.0,0.0,0.0,0.0,0.0,0.0,0.0,0.0,0.0,0.0,0.0,0.0,3.97,0.965,5.776,5.431,4.521,3.167,1.77,2.014,5.558,5.357,5.5,3.647,2.639,2.639,2.211,2.748,0.0,1.447,0.965,0.965,0.0,CD14 monocyte
GACAGCAAATCATACC-1_D22,D22,F,42,healthy,C,10x 3' v3,cryopreserved biobank sample,total PBMC,3487,1365,4.46,3.567,2.262,1.353,0.0,1.353,0.0,2.523,0.0,0.0,0.0,0.0,0.0,0.0,0.0,0.0,0.0,0.0,0.0,0.0,1.353,0.0,0.0,0.0,0.0,0.0,0.0,0.0,4.647,6.26,4.59,2.523,1.353,2.262,2.262,1.353,0.0,0.0,0.0,2.262,1.353,CD4 memory T
GTCGAGTCCGGAATTG-1_D22,D22,F,42,healthy,C,10x 3' v3,cryopreserved biobank sample,total PBMC,8806,3011,8.18,0.0,0.0,0.0,0.0,1.185,0.759,2.758,0.0,0.0,0.0,0.0,0.0,0.0,0.0,0.0,0.0,0.0,0.0,0.0,4.114,0.759,4.037,4.456,5.341,2.602,1.483,3.735,4.658,5.497,4.731,2.056,2.514,2.192,2.311,2.192,0.0,0.759,1.712,1.712,1.483,CD14 monocyte
CTTAGTGGTGACGCCT-1_D22,D22,F,42,healthy,C,10x 3' v3,cryopreserved biobank sample,total PBMC,4620,1976,5.27,2.47,1.673,0.0,0.0,1.152,1.152,2.638,0.0,2.782,1.673,3.511,2.014,2.014,0.0,1.673,2.268,0.0,0.0,0.0,0.0,0.0,0.0,1.152,1.152,0.0,0.0,1.152,5.109,5.266,5.934,3.12,2.47,2.268,0.0,2.268,0.0,0.0,1.673,0.0,1.673,CD8 T
GCGCGGTAATAGACAC-1_D22,D22,F,42,healthy,C,10x 3' v3,cryopreserved biobank sample,total PBMC,2980,1327,7.54,3.327,2.878,1.472,0.0,0.0,2.043,1.472,0.0,0.0,0.0,0.0,0.0,0.0,0.0,0.0,0.0,0.0,1.472,0.0,2.043,0.0,1.472,0.0,0.0,0.0,0.0,0.0,4.118,6.366,3.72,3.72,0.0,3.051,1.472,0.0,0.0,0.0,0.0,0.0,0.0,CD4 naive T
TGCATGCATGGGAACC-1_D22,D22,F,42,healthy,C,10x 3' v3,cryopreserved biobank sample,total PBMC,4441,1739,6.75,1.179,1.705,0.0,1.179,1.705,0.0,2.048,0.0,3.057,0.0,2.945,2.048,1.179,0.0,0.0,1.179,0.0,0.0,1.179,1.179,0.0,0.0,2.048,0.0,0.0,0.0,0.0,3.726,5.421,5.516,2.303,0.0,2.048,2.048,0.0,0.0,1.705,1.179,1.179,0.0,CD8 T
AAGAAAGAACTTTCTG-1_D22,D22,F,42,healthy,C,10x 3' v3,cryopreserved biobank sample,total PBMC,2715,1263,7.52,1.544,0.0,0.0,0.0,0.0,0.0,2.124,1.544,1.544,1.544,3.14,3.417,2.124,0.0,1.544,1.544,0.0,0.0,0.0,0.0,0.0,0.0,0.0,1.544,0.0,0.0,0.0,4.572,5.689,5.912,0.0,0.0,1.544,1.544,2.124,0.0,0.0,0.0,0.0,0.0,CD8 T
GAAAGCGATACCGGTT-1_D22,D22,F,42,healthy,C,10x 3' v3,cryopreserved biobank sample,total PBMC,2852,1210,7.98,2.081,3.093,0.0,0.0,1.505,0.0,0.0,0.0,0.0,0.0,1.505,1.505,0.0,0.0,0.0,0.0,0.0,0.0,0.0,0.0,0.0,0.0,1.505,0.0,0.0,0.0,0.0,4.597,5.822,5.089,3.093,1.505,1.505,1.505,2.919,0.0,0.0,0.0,1.505,1.505,CD4 memory T
TCACTGTCGTTAGTTC-1_D22,D22,F,42,healthy,C,10x 3' v3,cryopreserved biobank sample,total PBMC,6400,2484,5.27,0.0,0.0,0.941,1.738,1.738,0.941,0.0,0.0,0.941,0.0,0.0,0.0,0.0,0.0,0.0,0.0,0.0,2.339,3.869,4.074,0.0,0.941,0.941,0.0,0.0,0.0,0.0,4.483,6.229,4.222,2.811,2.176,0.941,2.176,1.738,0.0,0.941,0.941,0.941,0.941,B
CGGGGTGCTCGTAACT-1_D22,D22,F,42,healthy,C,10x 3' v3,cryopreserved biobank sample,total PBMC,11126,3767,5.75,0.0,0.0,0.0,0.0,0.0,0.0,3.657,0.0,0.0,0.0,0.0,0.0,0.0,0.0,0.0,0.0,0.0,0.0,0.0,2.895,2.79,5.702,4.792,4.469,1.987,1.029,2.207,4.911,5.728,5.222,2.844,0.641,2.54,2.844,0.641,0.0,2.673,1.525,1.307,0.641,CD14 monocyte
TAATTCACCTTACTCG-1_D22,D22,F,42,healthy,C,10x 3' v3,cryopreserved biobank sample,total PBMC,4851,2308,12.94,2.425,2.593,1.972,1.119,1.119,0.0,1.634,0.0,0.0,0.0,1.119,1.634,0.0,0.0,0.0,1.119,0.0,0.0,0.0,0.0,0.0,0.0,0.0,0.0,0.0,0.0,1.119,4.107,6.297,5.333,0.0,2.224,1.634,1.634,2.862,0.0,0.0,1.634,0.0,0.0,CD4 naive T
GGACTAGTTGAATCTC-1_D22,D22,F,42,healthy,C,10x 3' v3,cryopreserved biobank sample,total PBMC,4769,1783,8.29,2.878,2.239,1.13,0.0,0.0,0.0,0.0,1.647,3.48,1.13,3.264,3.601,1.647,1.13,0.0,2.441,0.0,0.0,0.0,0.0,0.0,0.0,0.0,1.13,0.0,0.0,0.0,4.922,6.154,5.177,3.181,2.989,2.752,2.441,1.647,0.0,1.647,0.0,1.13,0.0,CD8 T
GGGACATGAATCGCCG-1_D22,D22,F,42,healthy,C,10x 3' v3,cryopreserved biobank sample,total PBMC,3202,1449,4.83,3.257,2.339,1.98,1.417,1.417,0.0,2.339,0.0,0.0,0.0,0.0,0.0,0.0,0.0,0.0,0.0,0.0,0.0,0.0,0.0,0.0,0.0,1.417,0.0,0.0,0.0,1.417,3.565,5.562,4.884,1.98,2.81,3.129,1.417,1.417,0.0,0.0,1.98,0.0,0.0,CD4 naive T
CAAACTACATCACGGG-1_D22,D22,F,42,healthy,C,10x 3' v3,cryopreserved biobank sample,total PBMC,16859,5344,12.06,0.0,0.0,0.0,0.0,1.022,0.0,3.533,0.0,0.0,0.0,0.466,0.466,0.0,0.0,0.0,0.0,0.466,0.0,0.466,3.55,2.018,5.688,5.026,4.211,2.643,1.378,3.678,5.571,4.847,4.974,3.736,2.834,2.165,0.0,1.378,0.0,1.936,1.022,0.782,0.782,CD14 monocyte
GAACGCACATGTGACT-1_D22,D22,F,42,healthy,C,10x 3' v3,cryopreserved biobank sample,total PBMC,2958,1326,14.62,0.0,0.0,0.0,0.0,0.0,0.0,1.477,2.411,0.0,0.0,4.125,3.878,5.074,3.058,1.477,0.0,2.676,0.0,0.0,0.0,0.0,0.0,0.0,1.477,0.0,0.0,0.0,4.277,5.499,5.442,2.411,0.0,1.477,1.477,0.0,0.0,0.0,0.0,1.477,1.477,NK
GATGCTACGGCGGGAC-1_D22,D22,F,42,healthy,C,10x 3' v3,cryopreserved biobank sample,total PBMC,3540,1476,4.71,3.833,1.895,0.0,0.0,0.0,0.0,2.888,1.342,2.51,1.342,2.51,2.888,0.0,0.0,0.0,0.0,0.0,0.0,0.0,0.0,0.0,0.0,0.0,0.0,0.0,0.0,0.0,4.632,4.875,5.564,1.342,2.51,2.51,1.895,2.51,0.0,1.895,0.0,0.0,1.895,CD8 T
AAAGAGAGTTCTTTAC-1_D22,D22,F,42,healthy,C,10x 3' v3,cryopreserved biobank sample,total PBMC,3536,1427,6.37,3.275,1.342,1.342,1.342,2.25,0.0,0.0,0.0,0.0,0.0,0.0,1.342,0.0,0.0,0.0,0.0,0.0,0.0,0.0,0.0,0.0,0.0,2.511,0.0,0.0,0.0,0.0,4.003,4.101,5.863,2.25,2.717,1.896,0.0,2.511,0.0,0.0,0.0,0.0,1.342,CD4 naive T
GTTGGTCAGCTAAAAA-1_D22,D22,F,42,healthy,C,10x 3' v3,cryopreserved biobank sample,total PBMC,13003,4050,9.37,2.698,2.886,1.405,0.57,1.196,0.0,0.931,0.0,0.0,1.405,0.57,1.196,0.0,0.931,0.0,0.0,0.0,0.0,0.0,0.0,0.0,0.57,1.578,0.57,0.0,0.0,0.0,4.802,5.362,4.73,1.405,2.247,1.196,1.578,1.854,0.0,0.0,1.578,0.57,1.967,CD4 memory T
ATACCTTCGCGGTCAC-1_D22,D22,F,42,healthy,C,10x 3' v3,cryopreserved biobank sample,total PBMC,4906,2040,5.11,3.154,3.515,0.0,0.0,0.0,0.0,2.726,1.625,2.962,0.0,3.574,3.237,0.0,1.111,0.0,0.0,0.0,0.0,0.0,1.111,0.0,0.0,0.0,1.111,1.111,0.0,0.0,4.438,5.857,4.573,1.962,2.415,2.582,0.0,0.0,0.0,1.111,1.111,1.111,0.0,CD8 T
TCAGTCACCGGATCCT-1_D22,D22,F,42,healthy,C,10x 3' v3,cryopreserved biobank sample,total PBMC,8732,3017,7.52,0.0,0.0,0.0,0.0,0.0,0.763,2.766,0.0,0.0,0.0,0.0,0.0,0.0,0.0,0.0,0.0,0.0,0.763,0.0,1.719,2.522,5.524,4.798,4.277,1.49,1.191,4.045,4.835,5.707,3.821,3.894,2.61,2.766,1.719,2.199,0.0,0.763,1.719,1.906,1.719,CD14 monocyte
CCCACATATCGGATGG-1_D22,D22,F,42,healthy,C,10x 3' v3,cryopreserved biobank sample,total PBMC,14061,4526,5.16,0.0,0.537,0.0,0.0,0.0,0.0,3.197,0.0,0.0,0.0,0.0,0.0,0.0,0.0,0.0,0.0,0.0,0.537,0.0,3.168,1.661,4.955,4.692,6.048,2.327,1.142,3.599,5.472,4.632,3.76,3.43,3.406,4.118,2.394,1.347,0.0,2.002,1.142,1.661,2.002,CD14 monocyte
ATTACTGGAGTCTCAG-1_D22,D22,F,42,healthy,C,10x 3' v3,cryopreserved biobank sample,total PBMC,4889,2093,3.94,2.966,2.729,1.627,2.586,1.965,1.114,1.627,0.0,0.0,0.0,1.114,0.0,0.0,0.0,0.0,0.0,0.0,0.0,0.0,0.0,0.0,0.0,0.0,0.0,0.0,0.0,0.0,3.633,6.711,6.198,1.965,0.0,0.0,1.627,0.0,0.0,2.217,1.627,1.627,1.114,CD4 naive T
AGTCAGCAAACTACTC-1_D22,D22,F,42,healthy,C,10x 3' v3,cryopreserved biobank sample,total PBMC,9179,3049,7.15,0.0,0.0,0.0,0.0,1.157,0.0,3.026,0.737,0.0,0.0,0.0,0.0,0.0,0.0,0.737,0.0,0.0,0.0,0.0,2.719,2.02,5.256,5.47,4.96,2.38,0.737,3.747,4.491,4.333,5.096,3.415,2.155,3.126,0.0,0.737,0.0,0.737,0.737,0.737,0.737,CD14 monocyte
ACCGACTGACTGCCTA-1_D22,D22,F,42,healthy,C,10x 3' v3,cryopreserved biobank sample,total PBMC,2909,1416,9.21,1.49,1.49,0.0,1.49,2.064,1.49,2.064,0.0,0.0,0.0,0.0,0.0,0.0,0.0,0.0,0.0,0.0,0.0,0.0,0.0,0.0,0.0,1.49,0.0,0.0,0.0,0.0,5.133,3.895,4.826,2.691,2.064,0.0,2.691,1.49,0.0,1.49,0.0,2.426,0.0,CD4 naive T
GGCACCGACACAGACT-1_D22,D22,F,42,healthy,C,10x 3' v3,cryopreserved biobank sample,total PBMC,6521,2381,5.46,2.793,2.16,0.93,1.403,1.403,0.0,1.403,0.0,0.0,0.0,0.0,0.0,0.0,0.0,0.0,0.0,0.0,0.93,0.93,0.0,0.93,0.0,0.0,0.93,0.0,0.0,0.0,4.056,4.333,6.153,2.695,0.0,1.403,1.403,0.93,0.0,1.403,0.93,1.723,0.93,CD4 naive T
ACTCGTCCTTGTCGGC-1_D22,D22,F,42,healthy,C,10x 3' v3,cryopreserved biobank sample,total PBMC,3235,1425,3.91,2.801,2.329,1.409,1.409,1.409,0.0,0.0,0.0,0.0,0.0,0.0,1.409,0.0,0.0,0.0,0.0,0.0,0.0,0.0,0.0,0.0,0.0,1.409,0.0,0.0,0.0,0.0,4.09,5.859,4.897,2.329,0.0,2.973,1.409,1.409,0.0,0.0,0.0,1.409,1.409,CD4 naive T
ATCCAAAGTCAATACG-1_D22,D22,F,42,healthy,C,10x 3' v3,cryopreserved biobank sample,total PBMC,9394,3631,8.47,0.0,0.0,0.0,0.0,0.0,0.0,3.725,0.0,0.725,0.0,0.725,0.0,0.0,0.0,0.0,0.0,0.725,0.0,0.0,4.032,2.359,5.414,5.046,6.427,3.004,1.141,4.296,5.672,5.304,4.697,4.069,2.253,3.238,3.004,1.141,0.0,0.725,1.66,0.725,0.0,CD14 monocyte
AACGTCTGTTTTAACG-1_D22,D22,F,42,healthy,C,10x 3' v3,cryopreserved biobank sample,total PBMC,3393,1408,4.94,0.0,0.0,0.0,1.373,1.373,0.0,0.0,0.0,0.0,0.0,0.0,0.0,0.0,0.0,0.0,0.0,0.0,2.756,1.373,3.315,0.0,1.373,1.373,0.0,0.0,0.0,0.0,4.674,6.303,5.757,1.373,1.373,1.373,1.931,2.756,0.0,0.0,1.373,1.373,1.373,B
TAAAGTGACAAACCCC-1_D22,D22,F,42,healthy,C,10x 3' v3,cryopreserved biobank sample,total PBMC,4854,1985,3.03,1.971,2.224,0.0,1.119,1.119,0.0,1.119,0.0,0.0,0.0,0.0,0.0,0.0,0.0,0.0,0.0,0.0,0.0,0.0,0.0,0.0,1.119,1.119,1.119,0.0,0.0,0.0,4.373,6.745,5.292,2.973,3.396,2.736,2.425,1.971,0.0,1.119,0.0,1.119,0.0,CD4 naive T
TCTGACGTATAGACCA-1_D22,D22,F,42,healthy,C,10x 3' v3,cryopreserved biobank sample,total PBMC,6270,2345,4.95,3.541,2.194,0.954,1.755,0.0,0.954,1.755,0.954,1.433,0.0,1.433,1.755,0.0,0.0,0.0,0.0,0.0,0.0,0.0,0.954,0.0,0.0,0.0,0.0,0.0,0.0,0.0,4.371,6.644,5.831,2.92,1.755,3.079,2.194,2.498,0.0,0.0,0.954,1.433,0.954,CD4 memory T
ACGACTTCCTATGCTG-1_D22,D22,F,42,healthy,C,10x 3' v3,cryopreserved biobank sample,total PBMC,6802,2496,3.43,3.001,1.929,1.929,0.0,1.371,0.0,1.929,0.0,0.0,0.904,1.371,1.688,0.0,0.0,0.0,0.0,0.0,0.0,0.0,0.0,0.0,0.904,0.0,0.904,0.0,0.0,0.0,4.162,5.367,5.489,1.371,0.904,0.0,0.904,2.122,0.0,0.904,0.904,1.688,0.904,CD4 naive T
GGCCGAATAACGCCGT-1_D22,D22,F,42,healthy,C,10x 3' v3,cryopreserved biobank sample,total PBMC,5040,1841,6.37,2.826,2.937,0.0,1.093,0.0,0.0,1.603,0.0,0.0,0.0,0.0,1.093,0.0,1.093,0.0,0.0,0.0,0.0,0.0,0.0,1.093,0.0,1.093,1.603,0.0,0.0,0.0,4.283,6.058,4.481,1.939,1.939,1.939,1.603,0.0,0.0,1.939,0.0,0.0,0.0,CD4 naive T
TTTAGGTACGTCTACT-1_D22,D22,F,42,healthy,C,10x 3' v3,cryopreserved biobank sample,total PBMC,7783,2753,4.82,1.58,2.302,1.272,0.826,1.272,0.826,2.302,0.0,0.0,0.0,0.0,1.58,0.0,0.0,0.0,0.0,0.0,0.0,0.0,0.0,0.0,2.005,1.272,0.0,0.0,0.0,0.0,4.481,5.191,5.437,2.717,2.531,3.285,2.717,2.164,0.0,1.272,1.272,1.272,1.272,CD4 memory T
TAAGGGGCGCAAGATA-1_D22,D22,F,42,healthy,C,10x 3' v3,cryopreserved biobank sample,total PBMC,2877,1276,5.68,1.499,0.0,0.0,1.499,2.074,1.499,0.0,0.0,0.0,0.0,0.0,1.499,0.0,0.0,0.0,0.0,0.0,0.0,0.0,0.0,0.0,0.0,0.0,0.0,1.499,0.0,0.0,4.623,6.429,5.884,2.702,2.436,2.074,0.0,2.074,0.0,1.499,1.499,0.0,0.0,CD4 naive T
TCTGGAAAGAACACAG-1_D22,D22,F,42,healthy,C,10x 3' v3,cryopreserved biobank sample,total PBMC,8535,2907,4.93,2.857,2.712,1.507,0.776,0.776,0.0,0.776,0.0,0.0,0.0,0.0,0.0,0.0,0.0,0.0,0.0,0.0,0.776,0.0,0.0,0.0,0.0,0.776,0.0,0.776,0.0,0.0,4.657,5.683,4.405,2.339,1.207,2.787,1.207,2.083,0.0,1.207,0.776,1.207,2.083,CD4 naive T
ATTGAGACGATTCGTT-1_D22,D22,F,42,healthy,C,10x 3' v3,cryopreserved biobank sample,total PBMC,5980,2315,4.28,3.195,2.04,0.0,0.983,0.0,0.983,1.469,0.0,0.0,0.0,0.983,2.04,0.0,0.0,0.0,0.0,0.0,0.0,0.0,0.0,0.0,0.0,1.469,0.983,0.0,0.0,0.983,4.585,6.708,3.323,2.542,0.983,2.04,0.0,1.469,0.0,0.0,0.983,0.0,1.795,CD4 memory T
GGTTCGATAGGCTTTA-1_D22,D22,F,42,healthy,C,10x 3' v3,cryopreserved biobank sample,total PBMC,4085,1711,6.76,2.122,3.137,1.238,1.774,2.379,1.238,0.0,0.0,0.0,0.0,0.0,0.0,0.0,0.0,0.0,0.0,0.0,0.0,0.0,0.0,0.0,0.0,1.238,0.0,0.0,0.0,0.0,4.404,5.343,5.935,3.137,0.0,2.122,1.238,2.122,0.0,1.238,1.238,2.122,1.238,CD4 naive T
AACCACTTGCCATTAG-1_D22,D22,F,42,healthy,C,10x 3' v3,cryopreserved biobank sample,total PBMC,5977,2502,9.24,2.965,1.795,0.983,0.983,1.795,0.0,0.0,0.0,0.0,0.0,0.0,0.983,0.0,0.0,0.0,0.983,0.0,0.0,0.0,0.0,0.0,0.0,0.983,0.0,0.0,0.0,0.0,4.987,6.247,4.892,3.262,1.795,0.983,2.401,0.0,0.0,1.469,0.0,1.795,1.469,CD4 naive T
GTGAGCTAAGGGTGCC-1_D22,D22,F,42,healthy,C,10x 3' v3,cryopreserved biobank sample,total PBMC,8282,2941,3.21,2.366,2.474,0.0,2.366,0.792,0.0,1.228,0.0,0.0,0.0,0.0,0.0,0.0,0.0,0.0,0.0,0.0,0.0,0.0,0.0,0.0,0.0,0.0,0.792,0.0,0.0,0.0,4.211,5.771,4.229,2.885,2.885,2.366,1.531,2.571,0.0,0.792,0.0,1.228,1.763,CD4 naive T
ATCTGGGGACACTGCA-1_D22,D22,F,42,healthy,C,10x 3' v3,cryopreserved biobank sample,total PBMC,2697,1355,4.31,3.423,2.13,0.0,0.0,0.0,0.0,1.549,0.0,0.0,0.0,0.0,0.0,0.0,0.0,0.0,0.0,0.0,0.0,0.0,0.0,0.0,0.0,1.549,0.0,0.0,0.0,0.0,4.036,5.632,4.687,1.549,2.13,2.762,2.13,2.13,0.0,0.0,0.0,0.0,0.0,CD4 naive T
ACACCTTTGGGAGATC-1_D22,D22,F,42,healthy,C,10x 3' v3,cryopreserved biobank sample,total PBMC,3140,1366,3.6,0.0,2.356,0.0,1.431,0.0,0.0,1.431,0.0,2.829,1.431,1.997,3.39,1.431,0.0,0.0,0.0,0.0,0.0,0.0,0.0,0.0,0.0,0.0,0.0,0.0,0.0,0.0,4.972,6.319,6.248,3.39,2.62,2.829,2.62,2.62,0.0,0.0,0.0,1.997,1.431,CD8 T
GAGAGAAGTTCATCAA-1_D22,D22,F,42,healthy,C,10x 3' v3,cryopreserved biobank sample,total PBMC,3248,1427,5.38,1.406,0.0,1.968,0.0,0.0,0.0,2.797,0.0,0.0,0.0,0.0,1.968,0.0,0.0,0.0,0.0,0.0,0.0,0.0,0.0,0.0,1.406,1.406,1.968,0.0,0.0,0.0,4.395,6.189,5.419,2.797,1.968,1.406,2.326,2.797,0.0,0.0,1.968,1.406,2.589,CD4 memory T
TTCTCGGAATTCAGCG-1_D22,D22,F,42,healthy,C,10x 3' v3,cryopreserved biobank sample,total PBMC,7258,2658,8.45,3.137,0.866,1.636,1.636,0.0,0.0,1.636,0.0,0.0,0.866,0.866,1.874,0.0,0.0,0.0,0.0,0.0,0.0,0.0,0.0,0.0,0.866,0.866,0.0,0.0,0.0,0.866,4.266,6.411,6.037,3.25,1.636,2.487,0.866,2.065,0.0,0.0,0.0,1.323,1.636,CD4 memory T
ACTCTCTTCGAATAAC-1_D22,D22,F,42,healthy,C,10x 3' v3,cryopreserved biobank sample,total PBMC,3534,1612,4.46,0.0,0.0,0.0,1.343,1.896,0.0,0.0,0.0,1.343,0.0,0.0,0.0,0.0,0.0,0.0,0.0,0.0,2.718,3.704,4.003,1.343,0.0,2.25,1.343,0.0,0.0,0.0,4.517,4.762,6.166,2.511,2.718,2.718,0.0,1.343,0.0,0.0,1.896,2.25,1.343,B
CATTATCGTAGCTGCC-1_D22,D22,F,42,healthy,C,10x 3' v3,cryopreserved biobank sample,total PBMC,6276,2269,5.05,1.754,0.953,0.0,0.0,1.998,0.0,1.754,2.193,0.953,0.953,3.149,1.754,0.953,0.0,0.953,2.357,0.0,0.0,0.0,0.0,0.0,0.0,0.0,0.0,0.0,0.0,0.953,4.65,4.831,4.973,3.002,1.754,2.621,2.498,2.357,0.0,0.953,0.0,1.754,1.432,CD8 T
ATTCCCAATTGGATGG-1_D22,D22,F,42,healthy,C,10x 3' v3,cryopreserved biobank sample,total PBMC,3832,1598,6.61,2.813,0.0,1.284,1.284,0.0,0.0,2.178,0.0,0.0,0.0,0.0,0.0,0.0,0.0,0.0,0.0,0.0,0.0,0.0,0.0,0.0,1.828,2.178,0.0,0.0,0.0,0.0,4.729,5.578,5.889,2.958,1.828,2.813,2.437,1.284,0.0,1.284,0.0,1.828,2.178,CD4 naive T
ACAACTGTGTCTCTCC-1_D22,D22,F,42,healthy,C,10x 3' v3,cryopreserved biobank sample,total PBMC,7050,2567,4.59,3.104,2.513,0.0,0.883,0.883,1.345,1.898,0.883,3.165,1.345,2.091,3.038,1.659,0.883,0.883,1.345,0.0,0.0,0.0,0.0,0.883,0.0,0.883,0.0,0.0,0.0,0.0,4.8,5.656,5.001,2.967,1.659,1.659,1.345,1.898,0.0,1.659,0.0,1.898,0.883,CD8 T
GGTTTTCAAATAGCCT-1_D22,D22,F,42,healthy,C,10x 3' v3,cryopreserved biobank sample,total PBMC,3686,1785,4.67,1.312,1.86,2.212,0.0,2.212,0.0,1.86,0.0,2.678,0.0,1.86,3.793,1.86,0.0,1.312,1.312,0.0,0.0,0.0,1.312,0.0,0.0,0.0,1.312,0.0,0.0,1.312,5.468,5.829,5.72,2.212,0.0,1.312,1.312,0.0,0.0,1.312,0.0,0.0,1.312,CD8 T
GCGTTGGGAAGGCTGT-1_D22,D22,F,42,healthy,C,10x 3' v3,cryopreserved biobank sample,total PBMC,4296,1768,8.89,3.581,2.85,1.202,0.0,1.202,0.0,1.202,0.0,0.0,0.0,1.202,1.202,0.0,0.0,0.0,0.0,0.0,0.0,0.0,0.0,0.0,0.0,0.0,1.202,0.0,0.0,0.0,4.081,5.327,5.79,1.733,2.333,2.706,1.733,2.85,0.0,1.202,0.0,0.0,1.202,CD4 memory T
GAGTTGAATGATATAT-1_D22,D22,F,42,healthy,C,10x 3' v3,cryopreserved biobank sample,total PBMC,4197,1993,2.9,0.0,0.0,0.0,1.219,0.0,0.0,0.0,0.0,0.0,0.0,0.0,0.0,0.0,0.0,0.0,0.0,0.0,3.604,2.727,3.978,0.0,1.219,0.0,1.219,0.0,1.219,0.0,3.537,5.659,4.517,2.354,0.0,1.752,2.098,2.727,0.0,1.219,0.0,1.219,2.727,B
GGCATTGGGCACGGCT-1_D22,D22,F,42,healthy,C,10x 3' v3,cryopreserved biobank sample,total PBMC,7301,2854,6.9,0.0,0.0,0.0,0.0,0.0,0.0,2.36,0.0,0.0,0.0,0.0,0.0,0.0,0.0,0.0,0.0,0.0,0.863,0.0,3.297,2.481,4.975,4.866,5.4,3.19,0.863,3.918,4.668,6.14,4.299,4.115,2.06,2.59,2.59,2.06,0.0,0.0,1.319,1.869,1.869,CD14 monocyte
CTCGTGGATCATTACA-1_D22,D22,F,42,healthy,C,10x 3' v3,cryopreserved biobank sample,total PBMC,11039,3418,4.96,0.0,0.0,0.0,0.0,1.034,0.645,1.993,0.0,0.645,0.0,0.0,0.0,0.0,0.0,0.0,0.0,0.0,0.0,0.645,1.71,1.531,5.17,5.664,6.136,2.474,1.531,3.567,4.69,5.504,3.37,2.474,1.71,2.951,2.214,1.531,0.0,1.034,0.645,0.0,1.71,CD14 monocyte
TATCTACCGGACATGA-1_D22,D22,F,42,healthy,C,10x 3' v3,cryopreserved biobank sample,total PBMC,4896,1852,4.66,2.853,1.626,0.0,0.0,1.964,0.0,1.626,0.0,1.113,0.0,0.0,0.0,0.0,0.0,0.0,0.0,0.0,0.0,0.0,0.0,0.0,1.113,1.113,0.0,0.0,0.0,0.0,5.363,5.792,4.97,2.964,1.964,2.964,1.626,1.113,0.0,1.113,0.0,0.0,2.417,CD4 naive T
TCGGCTTGTCCGGCCG-1_D22,D22,F,42,healthy,C,10x 3' v3,cryopreserved biobank sample,total PBMC,3166,1346,13.04,3.739,2.613,0.0,1.425,1.425,0.0,1.99,0.0,0.0,1.425,0.0,1.425,0.0,0.0,0.0,0.0,0.0,0.0,0.0,0.0,0.0,0.0,1.425,1.425,0.0,0.0,0.0,4.562,5.028,5.549,2.613,2.349,1.425,2.821,1.99,0.0,1.425,2.349,2.349,0.0,CD4 memory T
CTTCGCTAGGTAAGCA-1_D22,D22,F,42,healthy,C,10x 3' v3,cryopreserved biobank sample,total PBMC,8560,2894,10.98,0.0,0.0,0.0,0.0,1.505,0.0,3.648,0.0,0.0,0.774,0.774,0.0,0.0,0.0,0.0,0.0,0.774,0.0,0.0,4.044,1.205,5.06,5.602,5.037,2.709,1.205,4.003,4.523,3.981,3.789,3.841,1.736,3.038,2.628,1.923,0.0,2.217,0.0,0.774,0.774,CD14 monocyte
GTGGCTATGTGCGGTT-1_D22,D22,F,42,healthy,C,10x 3' v3,cryopreserved biobank sample,total PBMC,6616,2155,8.07,2.449,2.952,0.921,1.392,0.0,0.0,1.952,0.0,0.921,0.0,0.0,0.0,0.0,0.0,0.0,0.0,0.0,0.0,0.0,0.0,0.0,0.0,1.711,1.392,0.0,0.0,0.0,4.298,5.054,5.467,2.681,2.681,2.31,2.572,0.921,0.0,1.711,0.0,1.392,0.921,CD4 naive T
CTGCCTGGGCGGTCTC-1_D22,D22,F,42,healthy,C,10x 3' v3,cryopreserved biobank sample,total PBMC,6149,2229,6.72,3.235,0.966,0.966,0.966,0.0,0.0,1.771,1.771,3.021,2.016,4.391,3.84,1.771,0.0,0.966,3.297,0.966,0.0,0.0,0.0,0.0,0.0,0.0,0.0,0.0,0.0,0.0,3.84,5.965,5.219,2.75,2.016,1.448,1.771,2.016,0.0,0.0,1.448,1.448,1.448,CD8 T
TACCGGCCAATAGAGA-1_D22,D22,F,42,healthy,C,10x 3' v3,cryopreserved biobank sample,total PBMC,7827,2983,4.41,0.823,0.0,0.0,0.0,0.0,0.0,3.326,0.0,0.0,1.575,3.877,3.639,4.336,2.712,2.159,2.159,3.569,0.0,0.0,0.0,0.0,0.0,0.0,1.268,0.0,0.0,0.823,3.977,7.277,5.234,0.823,1.575,0.0,2.159,1.268,0.0,1.268,0.823,0.823,0.0,NK
CCAACGGCTGCGCGAA-1_D22,D22,F,42,healthy,C,10x 3' v3,cryopreserved biobank sample,total PBMC,3822,1585,3.36,2.815,2.18,0.0,1.83,0.0,0.0,0.0,0.0,0.0,0.0,0.0,0.0,0.0,0.0,0.0,1.285,0.0,0.0,0.0,0.0,0.0,1.285,0.0,0.0,0.0,0.0,0.0,5.666,5.52,5.675,0.0,2.439,2.815,1.285,1.285,0.0,0.0,0.0,1.285,1.285,CD4 naive T
ACCTGGGAACCGCTGA-1_D22,D22,F,42,healthy,C,10x 3' v3,cryopreserved biobank sample,total PBMC,11147,3798,12.91,0.64,0.0,0.0,0.0,1.306,0.0,4.004,0.0,0.0,0.0,0.0,0.0,0.0,0.0,0.0,0.0,0.0,0.0,0.0,4.083,1.702,3.558,4.611,5.149,1.524,0.64,3.723,4.775,6.074,4.224,2.205,1.702,2.788,2.671,1.524,0.0,1.028,1.306,1.306,1.306,CD14 monocyte
CCCAGGAAGGAACTGC-1_D22,D22,F,42,healthy,C,10x 3' v3,cryopreserved biobank sample,total PBMC,5525,2166,10.48,3.616,2.109,1.53,0.0,0.0,0.0,2.739,1.53,1.53,1.033,3.616,3.794,1.53,1.033,1.033,2.109,0.0,0.0,0.0,0.0,1.033,0.0,0.0,1.033,0.0,1.033,0.0,4.496,5.864,5.36,2.307,1.861,2.85,2.307,1.53,0.0,2.307,1.033,0.0,2.109,CD8 T
CTTCAGGTGATATAGC-1_D22,D22,F,42,healthy,C,10x 3' v3,cryopreserved biobank sample,total PBMC,6531,2337,4.67,3.177,1.722,0.0,1.402,0.0,1.964,0.0,0.0,0.0,0.0,0.0,0.0,0.0,0.0,0.0,0.0,0.0,0.929,0.0,0.0,0.0,1.402,0.929,0.0,0.0,0.0,1.402,4.331,4.976,4.311,2.321,2.158,0.929,0.0,2.158,0.0,1.722,0.0,1.402,0.929,CD4 naive T
AAAGAAGAGCGGCTGG-1_D22,D22,F,42,healthy,C,10x 3' v3,cryopreserved biobank sample,total PBMC,3569,1601,7.5,3.266,2.709,1.888,2.241,0.0,0.0,1.888,0.0,0.0,1.888,0.0,0.0,0.0,0.0,1.336,0.0,0.0,0.0,0.0,0.0,0.0,0.0,1.336,0.0,0.0,1.336,0.0,4.677,4.8,5.114,1.888,1.336,2.241,1.336,1.336,0.0,0.0,0.0,0.0,1.336,CD4 memory T
TTCACAATATGGTTTC-1_D22,D22,F,42,healthy,C,10x 3' v3,cryopreserved biobank sample,total PBMC,7856,2761,9.06,2.79,1.572,2.414,2.156,1.572,0.0,1.266,0.0,0.0,1.266,0.821,0.0,0.0,0.0,0.0,0.0,0.0,0.0,0.0,0.821,0.0,0.821,1.266,0.0,0.0,0.0,1.266,3.7,5.45,4.949,2.294,2.156,1.807,1.266,1.807,0.0,1.572,0.0,2.414,0.0,CD4 naive T
CATGCTCCTGAAAGAT-1_D22,D22,F,42,healthy,C,10x 3' v3,cryopreserved biobank sample,total PBMC,4722,1870,6.46,2.45,1.655,0.0,1.137,0.0,0.0,1.137,0.0,2.248,1.137,2.762,4.026,2.762,0.0,0.0,1.995,1.137,0.0,0.0,0.0,0.0,0.0,0.0,1.995,0.0,0.0,0.0,4.784,4.611,5.187,1.995,2.45,1.995,1.655,1.137,0.0,1.137,0.0,1.137,1.137,CD8 T
AATGACCACGACATAT-1_D22,D22,F,42,healthy,C,10x 3' v3,cryopreserved biobank sample,total PBMC,7832,2964,5.77,3.003,2.868,1.999,1.81,0.0,0.0,1.999,0.0,0.0,0.823,0.0,0.0,0.0,0.0,0.823,0.0,0.0,0.0,0.0,0.0,0.0,0.823,0.823,0.0,0.0,0.0,0.0,4.09,6.093,5.793,3.928,2.711,3.671,1.575,2.622,0.0,1.81,0.0,1.268,1.575,CD4 naive T
GATATGGATTCGTTCT-1_D22,D22,F,42,healthy,C,10x 3' v3,cryopreserved biobank sample,total PBMC,8353,2717,4.79,0.0,0.0,0.0,1.524,1.944,0.0,0.0,0.0,0.0,0.0,0.0,0.0,0.0,0.787,0.0,1.222,0.0,2.102,2.732,2.239,0.0,0.0,0.787,1.222,0.0,0.0,0.0,2.102,5.835,4.897,2.239,1.756,2.239,1.524,0.0,0.0,1.756,1.756,0.787,1.222,B
ATCGCCGCTTTCATTT-1_D22,D22,F,42,healthy,C,10x 3' v3,cryopreserved biobank sample,total PBMC,5865,2266,3.56,1.484,1.484,1.484,1.811,0.995,0.0,0.995,0.0,0.0,0.0,0.0,0.995,0.0,0.0,0.0,0.0,0.0,0.0,0.0,0.0,0.0,1.484,0.0,0.0,0.0,0.0,0.0,4.859,6.152,5.359,2.893,2.254,2.794,1.811,0.0,0.0,1.811,0.995,0.0,0.0,CD4 naive T
TGAAGTATTTGGCGGG-1_D22,D22,F,42,healthy,C,10x 3' v3,cryopreserved biobank sample,total PBMC,5087,2146,6.19,2.549,2.549,1.087,0.0,1.087,0.0,0.0,0.0,0.0,0.0,0.0,0.0,0.0,0.0,0.0,0.0,0.0,0.0,0.0,0.0,0.0,0.0,1.596,0.0,0.0,0.0,0.0,4.158,6.129,4.558,1.931,2.817,2.549,1.596,1.087,0.0,1.596,0.0,0.0,0.0,CD4 naive T
TAGTGCACTTATGAAA-1_D22,D22,F,42,healthy,C,10x 3' v3,cryopreserved biobank sample,total PBMC,3015,1276,6.09,2.867,2.867,1.462,2.393,0.0,0.0,0.0,0.0,0.0,0.0,1.462,0.0,0.0,0.0,0.0,0.0,0.0,0.0,0.0,0.0,0.0,0.0,1.462,2.032,0.0,0.0,0.0,3.624,6.41,4.21,0.0,0.0,2.032,1.462,2.032,0.0,1.462,1.462,0.0,1.462,CD4 memory T
TGGTTCTTATCGAGTG-1_D22,D22,F,42,healthy,C,10x 3' v3,cryopreserved biobank sample,total PBMC,7087,2662,6.15,3.098,1.894,1.655,1.341,0.88,0.88,0.88,0.0,0.0,0.0,0.0,1.341,0.0,0.0,0.0,0.0,0.0,0.0,0.0,0.0,0.0,0.0,1.341,0.0,0.0,0.0,0.0,5.262,5.6,6.241,2.715,2.962,2.086,1.655,0.0,0.0,0.0,0.88,0.0,0.0,CD4 naive T
CACTGATGAGGTATTA-1_D22,D22,F,42,healthy,C,10x 3' v3,cryopreserved biobank sample,total PBMC,3715,1686,5.26,2.465,1.306,0.0,2.205,0.0,0.0,2.842,0.0,3.228,0.0,2.465,3.115,1.306,1.306,0.0,1.306,0.0,0.0,0.0,1.306,0.0,0.0,0.0,0.0,0.0,0.0,0.0,4.184,4.783,4.869,2.465,1.306,1.854,2.205,1.306,0.0,1.306,0.0,0.0,1.854,CD8 T
GTTTTATCTACAGAAC-1_D22,D22,F,42,healthy,C,10x 3' v3,cryopreserved biobank sample,total PBMC,2706,1284,8.61,0.0,2.492,0.0,0.0,1.547,0.0,1.547,0.0,2.492,2.759,2.127,4.096,3.143,2.127,1.547,1.547,0.0,1.547,0.0,0.0,0.0,0.0,1.547,1.547,0.0,0.0,0.0,4.841,5.905,4.649,3.291,0.0,3.636,2.969,2.492,0.0,0.0,0.0,1.547,0.0,CD8 T
CCAGATGCGATCTATA-1_D22,D22,F,42,healthy,C,10x 3' v3,cryopreserved biobank sample,total PBMC,4175,1664,9.36,2.102,0.0,0.0,0.0,1.222,0.0,1.756,1.756,2.733,0.0,3.672,4.069,2.102,2.102,0.0,0.0,1.222,0.0,1.222,0.0,0.0,0.0,0.0,0.0,1.222,0.0,0.0,4.255,5.596,5.21,2.359,0.0,2.359,0.0,2.102,0.0,1.222,1.222,1.222,1.756,CD8 T
CAAATTGCGGCTGCTT-1_D22,D22,F,42,healthy,C,10x 3' v3,cryopreserved biobank sample,total PBMC,8692,3192,6.2,0.0,0.0,0.0,1.194,0.766,0.0,0.0,0.766,0.0,0.0,0.0,0.0,0.0,0.0,0.0,0.0,0.0,2.43,2.695,4.482,0.0,0.0,0.766,0.766,0.0,0.0,0.0,3.57,5.556,5.487,3.023,2.966,0.766,1.723,1.91,0.0,1.194,1.493,1.194,0.766,B
TAGCCTTCTAAGCGTC-1_D22,D22,F,42,healthy,C,10x 3' v3,cryopreserved biobank sample,total PBMC,3447,1532,7.11,3.187,2.272,0.0,1.917,1.917,0.0,2.272,0.0,0.0,0.0,1.361,0.0,0.0,1.361,0.0,0.0,0.0,1.361,0.0,0.0,0.0,0.0,1.361,0.0,0.0,0.0,0.0,4.879,6.009,5.042,1.917,1.361,2.741,1.361,0.0,0.0,0.0,0.0,1.361,0.0,CD4 naive T
GGCCCCGTCGCCGTAG-1_D22,D22,F,42,healthy,C,10x 3' v3,cryopreserved biobank sample,total PBMC,8795,3125,4.98,2.057,0.759,1.186,0.0,0.759,0.759,2.684,0.0,0.0,1.713,0.759,0.0,0.0,0.0,0.0,0.0,0.0,0.0,0.0,0.759,0.0,1.484,0.0,0.0,0.759,0.0,0.0,5.138,5.7,5.125,2.057,2.057,2.603,1.713,2.193,0.0,0.759,0.0,2.057,1.713,CD4 memory T
ACTGACCATTAGATAG-1_D22,D22,F,42,healthy,C,10x 3' v3,cryopreserved biobank sample,total PBMC,4758,1776,6.02,0.0,0.0,0.0,0.0,0.0,0.0,3.092,0.0,0.0,0.0,0.0,0.0,0.0,0.0,0.0,0.0,0.0,0.0,0.0,4.019,1.649,4.254,6.12,3.94,1.989,0.0,3.344,6.063,5.681,5.372,3.545,0.0,1.989,1.989,0.0,0.0,1.132,0.0,0.0,0.0,CD14 monocyte
ATGCCCTTGTGATGCA-1_D22,D22,F,42,healthy,C,10x 3' v3,cryopreserved biobank sample,total PBMC,7242,2619,7.24,2.866,1.875,1.638,1.638,0.867,0.0,1.875,0.0,0.0,1.325,0.867,1.638,0.0,0.0,0.0,0.0,0.0,0.0,0.0,0.0,0.0,1.325,0.0,0.867,0.867,0.0,0.0,4.361,5.415,4.269,2.695,2.067,2.067,0.867,1.875,0.0,0.0,0.867,1.638,1.325,CD4 memory T
TGTCAATCATCTCGGC-1_D22,D22,F,42,healthy,C,10x 3' v3,cryopreserved biobank sample,total PBMC,3703,1465,4.96,3.509,1.856,0.0,1.856,0.0,0.0,2.208,1.856,2.674,0.0,2.845,2.674,1.308,0.0,0.0,0.0,0.0,0.0,0.0,1.856,0.0,0.0,0.0,0.0,0.0,0.0,0.0,4.501,6.303,5.025,2.468,1.856,0.0,1.308,1.308,0.0,0.0,1.308,0.0,0.0,CD8 T
GCACTATGGATAAGAC-1_D22,D22,F,42,healthy,C,10x 3' v3,cryopreserved biobank sample,total PBMC,6493,2413,4.93,0.0,0.0,0.0,0.932,1.726,0.0,0.932,0.0,0.0,0.0,0.0,0.0,0.0,0.0,0.0,0.0,0.0,2.326,3.507,3.552,0.0,0.932,0.0,0.0,0.0,0.0,0.0,3.854,6.435,5.763,2.699,2.589,1.969,2.699,2.466,0.0,0.932,0.0,0.932,1.726,B
GTTTTAAGCCATCTTC-1_D22,D22,F,42,healthy,C,10x 3' v3,cryopreserved biobank sample,total PBMC,4184,1632,4.07,2.875,1.221,1.221,1.754,0.0,1.221,1.754,0.0,0.0,0.0,0.0,1.221,0.0,0.0,0.0,0.0,1.221,0.0,0.0,0.0,0.0,0.0,0.0,0.0,0.0,0.0,1.221,4.494,5.52,4.792,2.101,1.221,2.875,1.754,2.101,0.0,0.0,1.221,0.0,1.754,CD4 naive T
CAGACAGACTTTCATC-1_D22,D22,F,42,healthy,C,10x 3' v3,cryopreserved biobank sample,total PBMC,3794,1449,6.76,3.095,1.291,1.291,1.291,2.822,0.0,2.652,0.0,3.765,0.0,1.291,1.291,1.291,1.291,0.0,1.291,0.0,0.0,0.0,0.0,0.0,1.291,0.0,0.0,0.0,1.291,0.0,3.984,5.598,4.617,2.968,2.187,2.822,1.291,1.291,0.0,0.0,1.291,1.291,1.291,CD8 T
TTAACTCAGTACGTCA-1_D22,D22,F,42,healthy,C,10x 3' v3,cryopreserved biobank sample,total PBMC,6474,2603,3.18,1.729,2.8,0.0,0.0,0.934,0.934,1.729,0.934,2.592,1.729,1.408,3.247,0.0,0.934,0.0,1.408,0.0,0.0,0.0,0.0,0.0,0.0,1.408,0.0,0.0,0.0,0.0,3.413,5.526,5.52,3.185,1.408,1.729,0.934,2.166,0.0,0.934,0.0,0.0,0.0,CD8 T
TACTTCAACCGTTGGT-1_D22,D22,F,42,healthy,C,10x 3' v3,cryopreserved biobank sample,total PBMC,5029,1930,4.0,2.192,2.393,1.095,0.0,1.095,0.0,0.0,0.0,2.56,2.393,3.039,3.13,0.0,1.095,1.095,0.0,0.0,0.0,0.0,0.0,0.0,0.0,1.095,0.0,0.0,1.095,0.0,5.1,6.195,4.413,2.56,1.095,1.941,1.095,2.828,0.0,1.941,1.095,0.0,0.0,CD8 T
ACTGTACAGGACCGGC-1_D22,D22,F,42,healthy,C,10x 3' v3,cryopreserved biobank sample,total PBMC,6195,2570,4.53,0.0,0.0,0.0,1.442,0.961,0.0,0.961,0.0,0.0,0.0,0.0,0.0,0.0,0.961,0.0,0.0,0.0,2.51,2.369,4.693,0.0,1.765,0.0,0.961,0.0,0.0,0.0,4.567,6.369,4.55,3.505,3.014,3.289,0.961,2.369,0.0,2.205,0.961,0.0,0.0,B
CGCGCGTGGGTTTCGA-1_D22,D22,F,42,healthy,C,10x 3' v3,cryopreserved biobank sample,total PBMC,4243,1828,4.8,2.862,1.211,1.743,2.717,1.211,1.743,0.0,0.0,0.0,0.0,0.0,0.0,0.0,0.0,0.0,1.211,0.0,0.0,0.0,0.0,0.0,0.0,0.0,0.0,0.0,0.0,0.0,4.053,6.655,5.053,3.293,0.0,2.344,2.548,2.717,0.0,0.0,1.211,0.0,1.211,CD4 naive T
CTCAGCCACTGAGTAT-1_D22,D22,F,42,healthy,C,10x 3' v3,cryopreserved biobank sample,total PBMC,7899,2682,5.37,2.289,0.818,0.0,0.0,0.0,1.262,1.802,0.818,2.151,0.0,3.221,1.802,0.0,0.0,0.818,1.568,0.0,0.0,0.0,0.0,0.0,1.262,1.262,0.818,0.818,1.568,0.818,3.663,4.849,5.071,2.517,2.289,2.41,1.262,0.818,0.0,0.0,0.818,0.0,1.262,CD8 T
GCTATCGACGTGAAAG-1_D22,D22,F,42,healthy,C,10x 3' v3,cryopreserved biobank sample,total PBMC,4479,1624,6.43,3.474,1.698,1.173,0.0,0.0,0.0,2.296,0.0,0.0,0.0,1.173,0.0,0.0,0.0,0.0,0.0,0.0,0.0,0.0,0.0,0.0,1.698,0.0,0.0,0.0,0.0,0.0,5.33,5.508,5.762,2.498,3.049,2.498,1.173,2.296,0.0,1.698,0.0,0.0,2.498,CD4 memory T
TGGGCAAAGAGAGGGT-1_D22,D22,F,42,healthy,C,10x 3' v3,cryopreserved biobank sample,total PBMC,4152,1799,6.85,0.0,2.568,1.226,1.226,0.0,0.0,1.761,0.0,1.226,1.226,1.226,0.0,0.0,0.0,0.0,0.0,0.0,0.0,0.0,1.226,0.0,0.0,1.226,1.226,0.0,0.0,0.0,2.738,5.75,5.67,1.761,1.226,2.883,0.0,2.107,0.0,0.0,1.226,1.226,1.761,CD4 memory T
CTTGCAGCATTTTTCC-1_D22,D22,F,42,healthy,C,10x 3' v3,cryopreserved biobank sample,total PBMC,3053,1273,4.22,1.453,2.382,2.646,0.0,0.0,0.0,0.0,0.0,0.0,0.0,0.0,1.453,0.0,0.0,0.0,0.0,0.0,0.0,1.453,0.0,0.0,1.453,1.453,0.0,0.0,0.0,0.0,4.978,5.754,4.245,2.382,1.453,2.022,2.855,0.0,0.0,2.022,1.453,0.0,2.382,CD4 memory T
ACCGCTTTGGACATGT-1_D22,D22,F,42,healthy,C,10x 3' v3,cryopreserved biobank sample,total PBMC,12230,4415,8.24,0.0,0.0,0.0,0.0,0.598,0.0,3.103,0.598,0.0,0.0,0.598,0.0,0.0,0.0,0.0,0.0,0.598,0.0,0.0,3.61,2.02,4.629,3.332,4.713,1.906,1.452,4.196,4.158,5.786,3.632,3.302,2.521,2.645,2.755,2.585,0.0,1.239,1.239,1.776,1.239,CD14 monocyte
AGAGCGCCCCTCGAAA-1_D22,D22,F,42,healthy,C,10x 3' v3,cryopreserved biobank sample,total PBMC,8770,3115,5.69,0.0,0.0,0.0,0.0,0.761,0.0,3.817,0.0,0.0,0.0,0.0,0.0,0.0,0.0,0.0,0.0,0.0,0.0,0.761,4.572,1.486,4.84,3.935,3.593,2.195,1.486,3.561,4.794,6.33,4.406,2.896,2.687,3.89,1.902,1.486,0.0,1.716,1.188,1.902,0.0,CD14 monocyte
GCCGAGGCTAGAGGCA-1_D22,D22,F,42,healthy,C,10x 3' v3,cryopreserved biobank sample,total PBMC,7407,2647,7.22,2.468,2.208,0.0,0.0,0.854,0.854,2.468,1.619,2.208,1.308,2.763,2.763,0.854,0.0,0.0,0.854,0.0,0.0,0.0,0.0,0.0,1.308,0.0,0.854,0.0,0.854,0.0,3.332,5.514,6.726,2.576,1.619,2.468,1.856,1.308,0.0,1.619,0.854,0.0,2.576,CD8 T
GCCCTCCGTCCTAGAA-1_D22,D22,F,42,healthy,C,10x 3' v3,cryopreserved biobank sample,total PBMC,3140,1376,3.21,2.356,1.997,1.431,2.356,0.0,0.0,1.431,0.0,0.0,1.431,0.0,0.0,0.0,0.0,0.0,0.0,0.0,0.0,0.0,0.0,0.0,1.431,1.431,0.0,0.0,0.0,0.0,5.425,5.207,4.994,2.62,0.0,1.431,1.431,1.997,0.0,2.356,1.431,1.997,2.356,CD4 naive T
GGTTCTTAATGACTAT-1_D22,D22,F,42,healthy,C,10x 3' v3,cryopreserved biobank sample,total PBMC,5830,2239,6.02,0.0,0.0,0.0,0.999,1.816,0.0,3.82,0.0,0.0,0.0,0.0,0.0,0.0,0.0,0.999,0.0,0.0,0.0,0.0,4.054,2.689,4.166,5.281,6.322,3.857,0.0,3.072,4.851,6.091,5.254,2.689,2.424,2.424,1.488,1.816,0.0,0.0,0.999,0.999,0.0,CD14 monocyte
CCAGAACAACCTCAAG-1_D22,D22,F,42,healthy,C,10x 3' v3,cryopreserved biobank sample,total PBMC,5958,2219,6.56,1.472,1.798,1.472,0.985,1.798,0.985,1.472,0.0,0.0,0.0,0.985,0.985,0.0,0.0,0.0,0.0,0.0,0.0,0.0,0.0,0.0,0.985,0.0,0.0,0.0,0.0,0.0,4.316,5.139,5.343,3.265,2.404,2.24,2.404,0.985,0.0,0.985,0.985,0.985,0.985,CD4 naive T
CCGCATATGCCCAAGC-1_D22,D22,F,42,healthy,C,10x 3' v3,cryopreserved biobank sample,total PBMC,4511,1803,7.41,2.492,2.93,1.693,1.168,1.168,1.168,1.168,0.0,0.0,0.0,0.0,0.0,0.0,0.0,0.0,0.0,0.0,0.0,0.0,0.0,0.0,0.0,0.0,0.0,0.0,1.168,0.0,4.946,5.037,5.482,2.805,1.168,2.66,0.0,2.035,0.0,0.0,0.0,1.168,1.168,CD4 naive T
CGCCCCGCCCGGCGGT-1_D22,D22,F,42,healthy,C,10x 3' v3,cryopreserved biobank sample,total PBMC,2892,1320,9.08,3.356,2.906,1.495,0.0,2.069,1.495,0.0,0.0,0.0,0.0,0.0,1.495,0.0,0.0,0.0,0.0,0.0,0.0,0.0,0.0,0.0,0.0,0.0,1.495,0.0,0.0,0.0,4.431,5.216,6.031,0.0,2.906,0.0,2.697,0.0,0.0,0.0,1.495,2.069,1.495,CD4 naive T
CGGCAAAGTCCGGTTC-1_D22,D22,F,42,healthy,C,10x 3' v3,cryopreserved biobank sample,total PBMC,2758,1203,7.68,3.515,1.532,0.0,1.532,0.0,0.0,2.741,1.532,2.475,1.532,2.741,4.247,2.741,1.532,0.0,2.741,0.0,0.0,0.0,0.0,0.0,1.532,1.532,0.0,0.0,0.0,0.0,3.874,5.582,4.557,2.951,2.741,2.475,2.951,2.11,0.0,0.0,0.0,0.0,0.0,CD8 T
CTCCCCCGGCCATTAT-1_D22,D22,F,42,healthy,C,10x 3' v3,cryopreserved biobank sample,total PBMC,5176,2288,7.7,2.676,2.167,1.076,1.076,0.0,0.0,2.367,1.076,2.167,1.076,3.102,2.533,1.916,1.076,0.0,1.076,0.0,1.076,0.0,0.0,0.0,0.0,0.0,0.0,0.0,0.0,0.0,4.171,4.996,5.373,3.334,1.916,1.076,2.533,2.167,0.0,1.076,0.0,1.582,1.916,CD8 T
GGGGAGAATATAACAA-1_D22,D22,F,42,healthy,C,10x 3' v3,cryopreserved biobank sample,total PBMC,4026,1527,4.9,2.392,2.134,0.0,0.0,0.0,0.0,1.248,0.0,2.766,2.392,1.786,1.786,0.0,0.0,0.0,2.134,0.0,0.0,0.0,0.0,0.0,0.0,0.0,0.0,0.0,0.0,0.0,4.256,4.504,3.973,3.038,2.597,2.766,1.248,2.134,0.0,1.248,0.0,0.0,2.134,CD8 T
CTGTACGCATTTGTTA-1_D22,D22,F,42,healthy,C,10x 3' v3,cryopreserved biobank sample,total PBMC,8046,2947,5.7,0.0,0.0,0.0,0.0,1.249,0.0,2.978,0.0,0.0,0.0,0.0,0.0,0.0,0.0,0.0,0.0,0.0,0.0,0.0,3.677,2.393,5.573,5.88,5.442,3.039,1.554,3.097,4.165,5.151,4.505,1.249,0.0,1.787,1.554,1.976,0.0,0.808,1.249,0.808,0.808,CD14 monocyte
CAATACTCTGGGATGT-1_D22,D22,F,42,healthy,C,10x 3' v3,cryopreserved biobank sample,total PBMC,5378,1929,7.36,1.552,1.552,1.051,0.0,1.051,0.0,2.332,0.0,2.875,1.051,3.971,3.82,2.765,1.051,1.051,1.884,0.0,0.0,0.0,0.0,0.0,1.051,0.0,0.0,0.0,1.051,0.0,4.297,5.335,5.148,2.875,2.332,2.332,2.498,2.975,0.0,1.552,1.051,1.051,1.051,CD8 T
TCGAACAGCAGACAAG-1_D22,D22,F,42,healthy,C,10x 3' v3,cryopreserved biobank sample,total PBMC,5685,2258,8.21,2.084,2.447,1.015,1.508,1.015,0.0,1.508,0.0,0.0,0.0,0.0,1.015,0.0,0.0,0.0,0.0,0.0,0.0,0.0,1.015,0.0,0.0,1.015,1.015,0.0,0.0,1.015,4.078,4.849,5.176,2.084,2.923,2.084,2.282,2.713,0.0,1.015,1.015,0.0,1.508,CD4 naive T
GACCAAGGAAGTTTCG-1_D22,D22,F,42,healthy,C,10x 3' v3,cryopreserved biobank sample,total PBMC,7301,2616,3.43,0.863,2.36,2.06,0.0,0.863,0.0,1.631,0.0,0.0,0.863,0.0,2.06,0.863,0.0,0.0,0.0,0.0,0.0,0.0,0.863,0.0,0.0,1.319,0.863,0.0,0.0,0.863,4.754,4.811,4.985,2.59,1.319,2.221,3.297,1.631,0.0,0.0,1.319,0.863,0.0,CD4 memory T
CAAATAAAATTCCTGA-1_D22,D22,F,42,healthy,C,10x 3' v3,cryopreserved biobank sample,total PBMC,3548,1475,5.81,1.34,1.893,0.0,0.0,1.34,0.0,3.55,0.0,0.0,1.34,1.893,1.893,0.0,0.0,0.0,0.0,0.0,0.0,1.34,0.0,0.0,1.34,1.34,0.0,0.0,0.0,0.0,4.734,3.831,5.867,2.885,1.34,2.714,1.34,1.893,0.0,1.34,0.0,2.508,1.34,CD4 memory T
TTCGAAAATATACCAA-1_D22,D22,F,42,healthy,C,10x 3' v3,cryopreserved biobank sample,total PBMC,6227,2227,2.27,3.222,2.505,0.0,1.438,0.0,0.0,0.0,0.0,0.0,0.0,1.438,0.0,0.0,0.0,0.0,0.0,0.0,0.0,0.0,0.0,0.0,0.0,0.0,0.958,0.0,0.0,0.0,2.837,6.033,4.838,2.738,1.761,2.628,1.761,0.0,0.0,1.438,1.761,0.0,0.0,CD4 naive T
TCAGGGGATGATGGGT-1_D22,D22,F,42,healthy,C,10x 3' v3,cryopreserved biobank sample,total PBMC,5348,1876,7.44,1.054,0.0,0.0,0.0,1.054,0.0,2.503,0.0,0.0,1.054,0.0,0.0,0.0,0.0,0.0,0.0,0.0,0.0,0.0,3.154,0.0,4.168,4.824,5.442,1.054,0.0,3.369,5.401,6.026,4.95,3.546,2.138,2.645,1.889,0.0,0.0,1.556,0.0,2.337,1.054,CD14 monocyte
TGACCGGGTTACTAAC-1_D22,D22,F,42,healthy,C,10x 3' v3,cryopreserved biobank sample,total PBMC,6762,2452,3.93,0.0,0.0,0.0,0.0,0.0,0.0,3.143,0.908,0.0,0.0,0.0,0.908,0.0,0.0,0.0,0.0,0.0,0.0,0.0,3.143,0.0,4.731,5.07,4.235,2.552,0.908,4.235,4.635,5.38,3.908,3.747,2.661,3.205,2.128,0.0,0.0,2.128,1.693,0.0,0.0,CD14 monocyte
TATGCCTTACTAGCTG-1_D22,D22,F,42,healthy,C,10x 3' v3,cryopreserved biobank sample,total PBMC,12767,4608,6.86,0.0,0.0,0.0,0.0,1.209,0.0,3.59,0.0,0.0,0.0,0.0,0.0,0.0,0.0,0.0,0.0,0.0,0.0,0.0,3.426,0.943,5.314,4.44,5.132,1.74,1.209,2.178,4.09,4.826,4.202,3.804,2.765,2.342,2.178,1.593,0.0,1.74,1.74,1.209,0.943,CD14 monocyte
GTTCTCGAAGTGTTCG-1_D22,D22,F,42,healthy,C,10x 3' v3,cryopreserved biobank sample,total PBMC,7708,3017,7.1,2.726,2.432,2.173,1.823,1.823,1.279,0.0,0.0,0.0,0.0,0.832,0.0,0.0,0.0,0.0,0.0,0.0,0.832,0.0,0.0,0.0,0.832,1.279,0.0,0.832,0.0,0.832,3.892,5.648,5.854,2.173,2.637,2.311,2.173,1.823,0.0,0.832,1.279,0.0,2.173,CD4 memory T
GCGCCAGAGGTACGAG-1_D22,D22,F,42,healthy,C,10x 3' v3,cryopreserved biobank sample,total PBMC,3757,1650,6.77,2.455,2.196,1.298,0.0,0.0,0.0,0.0,1.298,2.831,0.0,1.844,2.977,0.0,0.0,0.0,0.0,0.0,0.0,2.196,0.0,0.0,0.0,0.0,0.0,0.0,0.0,1.298,4.837,5.617,4.393,2.831,1.844,2.196,1.298,2.196,0.0,0.0,1.298,0.0,2.661,CD8 T
TTCCCGTACGAAGCTT-1_D22,D22,F,42,healthy,C,10x 3' v3,cryopreserved biobank sample,total PBMC,3664,1435,6.71,3.128,0.0,0.0,0.0,0.0,0.0,2.218,0.0,0.0,0.0,0.0,0.0,0.0,0.0,0.0,0.0,0.0,0.0,0.0,0.0,0.0,0.0,0.0,1.316,0.0,0.0,0.0,4.45,5.99,5.662,3.241,0.0,1.865,2.478,0.0,0.0,1.865,0.0,0.0,1.316,CD4 naive T
GACACAAGTCCGCATG-1_D22,D22,F,42,healthy,C,10x 3' v3,cryopreserved biobank sample,total PBMC,6585,2548,6.78,2.454,2.454,1.956,0.924,0.924,0.0,2.151,0.0,0.0,0.924,0.0,0.0,0.0,0.0,0.924,0.0,0.0,0.0,0.0,0.0,0.0,0.0,0.924,0.0,0.0,0.0,0.0,4.731,5.754,5.497,3.446,0.924,1.715,2.151,2.314,0.0,1.396,2.151,0.924,1.396,CD4 naive T
TAGATCTCTTGTGGAC-1_D22,D22,F,42,healthy,C,10x 3' v3,cryopreserved biobank sample,total PBMC,9091,3254,4.7,0.0,0.0,0.0,0.0,0.742,0.0,3.035,0.0,0.0,0.742,0.742,0.0,0.0,0.0,0.0,0.0,0.0,0.0,0.0,3.494,2.163,5.628,4.371,4.907,3.087,0.742,4.083,5.524,5.765,4.669,4.064,2.028,3.087,2.981,2.282,0.0,0.742,1.872,0.0,1.163,CD14 monocyte
ATCATCTTTCACGGGG-1_D22,D22,F,42,healthy,C,10x 3' v3,cryopreserved biobank sample,total PBMC,6893,2280,9.28,2.111,0.896,0.0,2.111,0.0,0.896,1.917,0.0,0.0,0.0,0.896,0.896,0.0,0.0,0.0,0.896,0.0,0.0,0.0,0.0,0.0,0.0,1.361,0.0,0.0,0.0,0.0,4.355,4.787,5.679,2.643,1.361,1.678,2.412,2.741,0.0,0.0,0.896,0.0,1.678,CD4 naive T
CAGATGGATACTTATA-1_D22,D22,F,42,healthy,C,10x 3' v3,cryopreserved biobank sample,total PBMC,6098,2492,8.38,0.971,1.778,1.778,1.454,0.0,0.971,1.778,0.0,0.0,0.0,0.0,0.0,0.0,0.0,0.0,0.0,0.0,0.0,0.0,0.0,0.0,0.0,0.0,0.971,0.0,0.0,0.971,5.359,3.568,5.489,3.916,2.946,2.946,2.023,0.0,0.0,0.971,0.971,0.0,1.454,CD4 memory T
CGGCTAGGGACGACGT-1_D22,D22,F,42,healthy,C,10x 3' v3,cryopreserved biobank sample,total PBMC,3720,1489,9.51,2.464,2.464,1.305,1.305,1.853,0.0,2.841,0.0,0.0,1.305,1.853,2.841,0.0,0.0,0.0,0.0,0.0,1.305,0.0,0.0,0.0,0.0,0.0,1.305,1.853,0.0,0.0,4.182,6.304,5.003,2.841,2.204,2.464,2.204,0.0,0.0,0.0,1.853,2.204,1.853,CD4 memory T
ACGATTGTTATCGCGT-1_D22,D22,F,42,healthy,C,10x 3' v3,cryopreserved biobank sample,total PBMC,3590,1662,4.85,3.02,2.236,0.0,1.883,2.236,0.0,1.331,0.0,0.0,0.0,0.0,0.0,0.0,0.0,0.0,0.0,0.0,0.0,0.0,0.0,0.0,0.0,1.331,1.331,0.0,0.0,0.0,5.02,5.871,4.923,1.883,1.331,1.883,0.0,1.331,0.0,0.0,0.0,1.883,0.0,CD4 naive T
CAGGCGTATGCGGTTG-1_D22,D22,F,42,healthy,C,10x 3' v3,cryopreserved biobank sample,total PBMC,5252,1908,4.68,2.353,1.066,1.904,1.904,0.0,1.066,3.088,0.0,0.0,1.066,0.0,1.066,0.0,0.0,0.0,0.0,0.0,0.0,0.0,0.0,0.0,0.0,1.066,0.0,0.0,1.066,0.0,4.126,5.624,4.462,2.154,1.57,2.154,0.0,1.066,0.0,0.0,0.0,1.066,1.57,CD4 memory T
TAAGCACTCGCACATC-1_D22,D22,F,42,healthy,C,10x 3' v3,cryopreserved biobank sample,total PBMC,7116,2540,5.77,0.0,0.0,0.0,0.0,1.338,0.0,3.463,0.0,0.0,0.0,0.0,0.0,0.0,0.0,0.0,0.0,0.0,0.878,0.0,3.625,2.614,4.305,4.826,5.198,2.244,0.878,4.163,5.559,6.101,4.87,4.14,2.712,2.712,1.89,2.244,0.878,0.0,0.0,1.652,0.0,CD14 monocyte
TTTCAAAAAGAAGAGA-1_D22,D22,F,42,healthy,C,10x 3' v3,cryopreserved biobank sample,total PBMC,3006,1344,12.69,3.79,0.0,2.396,0.0,0.0,0.0,2.035,0.0,0.0,0.0,0.0,0.0,0.0,0.0,0.0,0.0,0.0,0.0,0.0,0.0,0.0,0.0,1.465,0.0,0.0,0.0,0.0,5.233,5.44,4.707,3.043,2.396,3.043,2.035,2.396,0.0,0.0,1.465,1.465,3.043,CD4 memory T
AGGAAAACGGCCCTCG-1_D22,D22,F,42,healthy,C,10x 3' v3,cryopreserved biobank sample,total PBMC,6974,2496,7.96,2.1,2.632,1.353,0.89,1.353,0.0,1.907,1.668,2.632,0.0,3.645,4.225,2.632,0.0,0.0,2.262,0.0,0.0,0.0,0.0,0.0,0.89,0.89,0.0,0.0,0.0,0.0,4.246,5.753,5.278,0.89,1.907,2.523,0.89,2.401,0.0,0.0,0.0,1.668,1.353,CD8 T
AGTATAGATGGGTGCC-1_D22,D22,F,42,healthy,C,10x 3' v3,cryopreserved biobank sample,total PBMC,2602,1192,3.99,3.006,0.0,1.578,0.0,0.0,1.578,1.578,0.0,0.0,0.0,0.0,0.0,0.0,0.0,0.0,0.0,0.0,0.0,0.0,0.0,0.0,0.0,1.578,1.578,0.0,0.0,0.0,4.851,5.849,4.937,2.162,0.0,2.528,1.578,1.578,0.0,0.0,0.0,1.578,1.578,CD4 memory T
TCGGTGTAGAGCACTC-1_D22,D22,F,42,healthy,C,10x 3' v3,cryopreserved biobank sample,total PBMC,8279,2795,11.09,0.0,0.0,0.0,0.0,1.228,0.0,3.36,0.0,0.792,0.0,0.0,0.0,0.0,0.0,0.0,0.0,0.0,0.0,0.0,4.077,2.74,4.297,4.361,5.912,2.885,2.474,3.584,4.53,5.185,4.543,3.012,2.247,2.885,2.247,2.11,0.0,1.531,0.792,0.0,1.228,CD14 monocyte
AGTTTGAGCGTCAGAG-1_D22,D22,F,42,healthy,C,10x 3' v3,cryopreserved biobank sample,total PBMC,9868,3192,8.79,3.447,2.846,2.091,1.803,1.396,0.0,1.108,0.0,0.0,0.0,0.0,0.0,0.0,0.0,0.0,0.0,0.0,0.0,0.0,0.0,0.7,0.7,0.0,1.108,0.0,0.0,0.0,5.119,6.754,5.131,2.497,3.479,2.315,3.148,1.396,0.0,0.7,1.108,1.108,0.0,CD4 naive T
TTTAATCTCGTGCTCT-1_D22,D22,F,42,healthy,C,10x 3' v3,cryopreserved biobank sample,total PBMC,4601,1665,4.96,3.023,2.018,0.0,0.0,1.155,0.0,2.912,1.676,2.271,1.155,3.299,4.052,2.271,1.155,1.676,0.0,1.155,0.0,0.0,0.0,0.0,0.0,1.155,0.0,0.0,0.0,0.0,4.677,5.453,5.463,3.376,1.676,2.912,2.271,2.018,0.0,0.0,0.0,1.676,1.676,CD8 T
GCAGGAAGCTCACTGC-1_D22,D22,F,42,healthy,C,10x 3' v3,cryopreserved biobank sample,total PBMC,2714,1239,6.77,1.544,2.756,0.0,1.544,0.0,0.0,1.544,0.0,0.0,0.0,0.0,0.0,0.0,0.0,0.0,0.0,0.0,0.0,0.0,0.0,0.0,0.0,0.0,0.0,0.0,0.0,0.0,4.493,5.97,5.483,2.489,2.966,2.124,2.489,2.124,0.0,0.0,0.0,0.0,0.0,CD4 naive T
ATTCAGAACAGGCTGA-1_D22,D22,F,42,healthy,C,10x 3' v3,cryopreserved biobank sample,total PBMC,8153,3300,4.58,1.776,2.381,2.123,1.543,0.8,0.8,1.776,0.0,0.0,0.0,0.8,0.0,0.0,0.0,0.0,0.0,0.0,0.0,0.8,0.0,0.0,0.0,0.0,0.0,0.0,0.0,0.0,5.492,5.531,3.53,1.543,1.776,2.26,1.543,1.965,0.0,0.8,0.8,0.0,0.8,CD4 naive T
TAGCTTATGCCTTTCC-1_D22,D22,F,42,healthy,C,10x 3' v3,cryopreserved biobank sample,total PBMC,11145,3613,4.87,0.0,0.0,0.0,0.0,1.028,0.0,3.655,0.64,0.0,0.0,0.64,0.64,0.0,0.0,0.64,0.0,0.0,0.0,0.0,4.098,1.306,5.063,6.084,3.883,3.228,0.64,4.184,5.004,5.946,3.154,3.954,1.028,2.671,1.306,1.028,0.0,1.524,1.028,1.028,1.702,CD14 monocyte
TGGTGAAACGGTTACT-1_D22,D22,F,42,healthy,C,10x 3' v3,cryopreserved biobank sample,total PBMC,3585,1492,3.22,3.262,1.884,0.0,0.0,2.237,0.0,1.332,1.332,1.884,2.237,0.0,3.022,0.0,0.0,0.0,0.0,0.0,0.0,0.0,0.0,0.0,0.0,0.0,1.332,0.0,1.332,0.0,4.259,6.084,6.045,2.705,1.332,2.498,1.332,1.884,0.0,0.0,2.876,1.332,0.0,CD8 T
CCCTCAGTCTGTAACC-1_D22,D22,F,42,healthy,C,10x 3' v3,cryopreserved biobank sample,total PBMC,7858,2836,6.53,3.491,1.996,1.572,1.266,0.0,0.0,1.807,0.0,0.0,0.821,0.0,0.0,0.0,0.0,0.0,0.0,0.0,0.0,0.0,0.0,0.0,0.0,1.807,0.821,0.0,0.0,0.821,3.925,5.487,5.508,2.293,1.996,2.293,1.996,1.996,0.0,0.0,0.0,1.807,0.821,CD4 memory T
TTTATGACCAGTTCTA-1_D22,D22,F,42,healthy,C,10x 3' v3,cryopreserved biobank sample,total PBMC,13385,4279,6.01,0.0,0.558,0.0,0.0,1.829,0.0,3.381,0.0,0.0,0.0,0.0,0.0,0.0,0.558,0.558,0.0,0.0,0.558,0.0,4.571,1.555,3.607,4.869,4.143,3.087,1.176,4.773,5.207,5.251,4.792,2.721,1.943,2.617,2.561,2.439,0.0,1.555,0.0,1.383,1.943,CD14 monocyte
CTACCACTATTTCGGT-1_D22,D22,F,42,healthy,C,10x 3' v3,cryopreserved biobank sample,total PBMC,6771,2670,6.49,2.289,1.375,0.907,1.375,0.0,0.0,0.0,0.0,0.0,1.375,0.907,0.0,0.0,0.0,0.0,0.0,0.0,0.0,0.0,0.0,0.907,0.0,0.0,0.907,0.0,0.907,0.0,5.293,5.886,5.5,2.551,2.126,1.933,2.93,2.66,0.0,0.0,0.907,1.933,2.126,CD4 naive T
